2026-09-08 11:24:04,216 - omlx.settings - INFO - Saved settings to /private/tmp/study4c-omlx-runtime-20260908/settings.json
INFO:     Uvicorn running on http://127.0.0.1:8001 (Press CTRL+C to quit)
2026-09-08 11:24:05,310 - omlx.scheduler - INFO - ChunkedKVCache patch: methods already present upstream, skipped: size
2026-09-08 11:24:05,370 - omlx.settings - INFO - Saved settings to /private/tmp/study4c-omlx-runtime-20260908/settings.json
2026-09-08 11:24:05,370 - omlx.server - INFO - Generated and saved new auth secret key
2026-09-08 11:24:05,370 - omlx.server - INFO - CORS origins: ['*']
2026-09-08 11:24:05,379 - omlx.model_discovery - INFO - Discovered model: Ornith-1.5-35B-A3B-Abliterated-MLX-4bit (type: vlm, engine: vlm, size: 19.95GB, text-only: 19.08GB)
2026-09-08 11:24:05,382 - omlx.engine_pool - INFO - Discovered 1 models
2026-09-08 11:24:05,382 - omlx.server - INFO - Server initialized with 1 models
2026-09-08 11:24:05,382 - omlx.server - INFO - Default model: Ornith-1.5-35B-A3B-Abliterated-MLX-4bit
2026-09-08 11:24:05,382 - omlx.server - INFO - Memory guard tier: aggressive (guard on)
2026-09-08 11:24:05,382 - omlx.server - INFO - Default max tokens: 32768
2026-09-08 11:24:05,382 - omlx.server - INFO - API key authentication: enabled
2026-09-08 11:24:05,383 - omlx.server - INFO - HF Downloader initialized
2026-09-08 11:24:05,407 - omlx.server - INFO - ModelScope Downloader initialized
2026-09-08 11:24:05,408 - omlx.server - INFO - oQ Quantizer initialized
2026-09-08 11:24:05,408 - omlx.server - INFO - HF Uploader initialized
INFO:     Started server process [54102]
INFO:     Waiting for application startup.
2026-09-08 11:24:05,438 - omlx.settings - INFO - Saved settings to /private/tmp/study4c-omlx-runtime-20260908/settings.json
2026-09-08 11:24:05,438 - omlx.server - INFO - Auto-detected server aliases: ['localhost', '127.0.0.1', 'Creeper-studio.local', '192.168.1.84', '192.168.1.104', '100.124.110.22', '198.18.0.1']
2026-09-08 11:24:05,438 - omlx.cluster.worker_shim - INFO - Published ~/.omlx/bin/omlx-cluster-python -> /Applications/oMLX.app/Contents/Resources/Python/cpython-3.11/bin/python3
2026-09-08 11:24:05,449 - omlx.process_memory_enforcer - WARNING - Metal cap (51.8GB, Apple max_recommended_working_set_size) is below the oMLX static ceiling (60.0GB); leaving Apple's default Metal cap active because iogpu.wired_limit_mb is unset. Raise it with: sudo sysctl iogpu.wired_limit_mb=61440
2026-09-08 11:24:05,449 - omlx.process_memory_enforcer - INFO - Process memory enforcer started (tier=aggressive, ceiling=47.4GB, interval=1.0s)
INFO:     Application startup complete.
2026-09-08 11:28:18,423 - omlx.engine_pool - INFO - Loading model: Ornith-1.5-35B-A3B-Abliterated-MLX-4bit
2026-09-08 11:28:18,425 - omlx.utils.model_loading - INFO - M5 sorted gather_qmm reroute installed (issue #2267)
2026-09-08 11:28:18,436 - omlx.patches.mlx_lm_mtp.qwen35_model - INFO - Qwen3.5/3.6 MTP model patch applied (PR 990)
2026-09-08 11:28:18,437 - omlx.patches.mlx_lm_mtp.nemotron_h_chain - INFO - nemotron_h MTP chain patch applied (depth-k drafting, sequential fused verify, replay-free rollback)
2026-09-08 11:28:18,437 - omlx.patches.qwen35_verify_qmm - INFO - MTP verify qmm patch applied (M=2..6 affine 4/8-bit)
2026-09-08 11:28:18,440 - omlx.patches.mlx_vlm_mtp.qwen35_vlm_model - INFO - Patched mlx_vlm.models.qwen3_5.Model.sanitize for MTP
2026-09-08 11:28:18,440 - omlx.patches.mlx_vlm_mtp.qwen35_moe_vlm_model - INFO - Patched mlx_vlm.models.qwen3_5_moe.Model.sanitize for MTP
2026-09-08 11:28:18,445 - omlx.patches.mlx_vlm_inkling_compat - INFO - Inkling mlx-vlm compatibility patch applied
2026-09-08 11:28:18,446 - omlx.patches.mlx_vlm_mtp.qwen35_moe_vlm_runtime - INFO - mlx-vlm Qwen3.5-MoE runtime MTP patch applied
2026-09-08 11:28:18,446 - omlx.patches.mlx_vlm_mtp.qwen35_vlm_runtime - INFO - mlx-vlm Qwen3.5 (dense) runtime MTP patch applied
2026-09-08 11:28:18,454 - omlx.patches.gemma4_verify_attention - INFO - gemma4 small-L verify attention patch applied (kernel + per-token)
2026-09-08 11:28:18,454 - omlx.patches.mlx_vlm_mtp.gemma4_vlm_runtime - INFO - mlx-vlm Gemma 4 runtime MTP patch applied
2026-09-08 11:28:18,455 - omlx.patches.mlx_vlm_mtp.inkling_vlm_runtime - INFO - mlx-vlm inkling runtime MTP patch applied
2026-09-08 11:28:18,455 - omlx.utils.model_loading - INFO - mlx-vlm runtime MTP patch applied for /Users/lewiswu/.omlx/models/PocketAiHub/Ornith-1.5-35B-A3B-Abliterated-MLX-4bit (config declares mtp heads but checkpoint ships no mtp.* weights; MTPModule attachment skipped to keep strict load_weights happy)
2026-09-08 11:28:18,456 - omlx.engine_core - INFO - MLX executor thread initialized: generation_stream = ThreadLocalStream(Device(gpu, 0), 4)
2026-09-08 11:28:18,473 - omlx.patches.mlx_vlm_pixtral_torch_free - INFO - Pixtral torch-free processor patch installed (mlx-vlm PR #1502 backport + TokenizersBackend pin)
2026-09-08 11:28:24,472 - omlx.patches.qwen35_moe_gate_up - INFO - MoE gate+up fusion applied: 40 layers
2026-09-08 11:28:24,473 - omlx.engine.vlm - INFO - Vision feature cache enabled (SSD: disabled)
2026-09-08 11:28:25,556 - omlx.scheduler - INFO - Loaded 1 additional EOS token(s) from generation_config.json: {248044}
2026-09-08 11:28:25,567 - omlx.scheduler - INFO - Decode KV cache materialization interval set to 256 tokens
2026-09-08 11:28:25,567 - omlx.memory_monitor - INFO - MemoryMonitor initialized (estimator-only, eviction disabled)
2026-09-08 11:28:25,575 - omlx.memory_monitor - INFO - Model info set: 40 layers (10 KVCache), 2 KV heads, 16 Q heads, 256 head_dim. Estimated memory per 64-token block: 1.25 MB
2026-09-08 11:28:25,575 - omlx.scheduler - INFO - oMLX cache disabled (mlx-lm BatchGenerator manages KV internally)
2026-09-08 11:28:25,575 - omlx.engine_core - INFO - Engine started
2026-09-08 11:28:25,575 - omlx.patches.sdpa256_attention - INFO - sdpa256 attention patch applied (head_dim=256 prefill, kv_len>=8192, tiled only when unfused exceeds guard headroom)
2026-09-08 11:28:25,663 - omlx.patches.qwen35_fa256_attention - INFO - Qwen FA-256 dispatch budget auto-calibrated: 1.02e+10 work/s -> 101868205 (target 10ms/dispatch)
2026-09-08 11:28:25,664 - omlx.patches.qwen35_fa256_attention - INFO - Qwen3.5/3.6 FA-256 steel attention patch applied (min_kv_len=2048, q_block=32, k_block=8, dispatch_budget=101868205)
2026-09-08 11:28:25,664 - omlx.patches.qwen35_gdn_prework - INFO - Qwen3.5/3.6 fused GDN verify prework patch applied
2026-09-08 11:28:25,665 - omlx.patches.qwen35_verify_sdpa_split - INFO - Qwen3.5/3.6 verify-width causal vector attention patch applied
2026-09-08 11:28:25,665 - omlx.patches.qwen35_gdn_chunked - INFO - Qwen3.5/3.6 GDN prefill kernel patch applied (Metal, impl=blocked_seq, min_t=64)
2026-09-08 11:28:25,665 - omlx.patches.qwen35_q4_mlp - INFO - Qwen quantized MLP prefill patch applied (variant=8, min_tokens=2048, q8_min_tokens=16384)
2026-09-08 11:28:25,665 - omlx.patches.qwen35_q4_mlp - INFO - Qwen quantized prefill linear patch applied (variant=8, min_tokens=2048, q8_min_tokens=16384)
2026-09-08 11:28:25,666 - omlx.patches.qwen35_moe_router - INFO - Qwen MoE fused router top-k patch applied
2026-09-08 11:28:25,667 - omlx.patches.qwen35_moe_weighted_sum - INFO - Qwen3.5/3.6 MoE weighted-sum patch applied (min_tokens=1024)
2026-09-08 11:28:25,667 - omlx.patches.qwen35_ragged_decode - INFO - qwen3_5 ragged decode threadgroup fallback patch applied
2026-09-08 11:28:25,710 - omlx.engine.vlm - INFO - VLM tool calling enabled: parser=qwen3_coder
2026-09-08 11:28:25,713 - omlx.engine.vlm - INFO - VLMBatchedEngine loaded: /Users/lewiswu/.omlx/models/PocketAiHub/Ornith-1.5-35B-A3B-Abliterated-MLX-4bit
2026-09-08 11:28:25,713 - omlx.engine_pool - INFO - Loaded model: Ornith-1.5-35B-A3B-Abliterated-MLX-4bit (actual: 19.70GB, local estimate: 19.95GB, full model: 19.95GB, total: 19.95GB)
2026-09-08 11:28:26,073 - omlx.engine.vlm - INFO - GrammarCompiler initialized for /Users/lewiswu/.omlx/models/PocketAiHub/Ornith-1.5-35B-A3B-Abliterated-MLX-4bit
2026-09-08 11:28:27,083 - omlx.scheduler - INFO - Prefill lm_head skip enabled: chunk logits are discarded, vocabulary projection deferred to first decode step.
2026-09-08 11:28:30,110 - omlx.scheduler - INFO - Cache phase timings: cleanup_finished_sync=0.0ms/1
2026-09-08 11:28:30,113 - omlx.patches.mlx_lm_mtp.batch_generator - INFO - MTP singleton recovery: multirow marker cleared (compact cache)
2026-09-08 11:28:30,131 - omlx.server - INFO - Chat completion: model=Ornith-1.5-35B-A3B-Abliterated-MLX-4bit, 204 tokens in 4.04s (50.5 tok/s), prompt: 418, finish_reason=stop, max_tokens=8192, request_max_tokens=8192
2026-09-08 11:28:33,503 - omlx.scheduler - INFO - Cache phase timings: cleanup_finished_sync=0.0ms/2
2026-09-08 11:28:33,503 - omlx.patches.mlx_lm_mtp.batch_generator - INFO - MTP singleton recovery: multirow marker cleared (compact cache)
2026-09-08 11:28:33,517 - omlx.server - INFO - Chat completion: model=Ornith-1.5-35B-A3B-Abliterated-MLX-4bit, 277 tokens in 3.38s (82.0 tok/s), prompt: 447, finish_reason=stop, max_tokens=8192, request_max_tokens=8192
2026-09-08 11:28:34,600 - omlx.scheduler - INFO - Cache phase timings: cleanup_finished_sync=0.1ms/3
2026-09-08 11:28:34,600 - omlx.server - INFO - Chat completion: model=Ornith-1.5-35B-A3B-Abliterated-MLX-4bit, 579 tokens in 8.51s (68.0 tok/s), prompt: 402, finish_reason=stop, max_tokens=8192, request_max_tokens=8192
2026-09-08 11:28:34,602 - omlx.patches.mlx_lm_mtp.batch_generator - INFO - MTP singleton recovery: multirow marker cleared (compact cache)
2026-09-08 11:28:36,254 - omlx.scheduler - INFO - Cache phase timings: cleanup_finished_sync=0.1ms/4
2026-09-08 11:28:36,255 - omlx.server - INFO - Chat completion: model=Ornith-1.5-35B-A3B-Abliterated-MLX-4bit, 73 tokens in 1.65s (44.3 tok/s), prompt: 587, finish_reason=stop, max_tokens=8192, request_max_tokens=8192
2026-09-08 11:28:36,257 - omlx.patches.mlx_lm_mtp.batch_generator - INFO - MTP singleton recovery: multirow marker cleared (compact cache)
2026-09-08 11:28:37,531 - omlx.scheduler - INFO - Cache phase timings: cleanup_finished_sync=0.1ms/5
2026-09-08 11:28:37,531 - omlx.server - INFO - Chat completion: model=Ornith-1.5-35B-A3B-Abliterated-MLX-4bit, 64 tokens in 1.27s (50.3 tok/s), prompt: 431, finish_reason=stop, max_tokens=8192, request_max_tokens=8192
2026-09-08 11:28:37,533 - omlx.patches.mlx_lm_mtp.batch_generator - INFO - MTP singleton recovery: multirow marker cleared (compact cache)
2026-09-08 11:28:38,449 - omlx.scheduler - INFO - Cache phase timings: cleanup_finished_sync=0.1ms/6
2026-09-08 11:28:38,449 - omlx.server - INFO - Chat completion: model=Ornith-1.5-35B-A3B-Abliterated-MLX-4bit, 29 tokens in 0.91s (31.7 tok/s), prompt: 411, finish_reason=stop, max_tokens=8192, request_max_tokens=8192
2026-09-08 11:28:38,449 - omlx.patches.mlx_lm_mtp.batch_generator - INFO - MTP singleton recovery: multirow marker cleared (compact cache)
2026-09-08 11:28:43,038 - omlx.scheduler - INFO - Cache phase timings: cleanup_finished_sync=0.2ms/7
2026-09-08 11:28:43,038 - omlx.patches.mlx_lm_mtp.batch_generator - INFO - MTP singleton recovery: multirow marker cleared (compact cache)
2026-09-08 11:28:43,052 - omlx.server - INFO - Chat completion: model=Ornith-1.5-35B-A3B-Abliterated-MLX-4bit, 391 tokens in 4.60s (85.1 tok/s), prompt: 505, finish_reason=stop, max_tokens=8192, request_max_tokens=8192
2026-09-08 11:28:45,557 - omlx.scheduler - INFO - Cache phase timings: cleanup_finished_sync=0.2ms/8
2026-09-08 11:28:45,559 - omlx.patches.mlx_lm_mtp.batch_generator - INFO - MTP singleton recovery: multirow marker cleared (compact cache)
2026-09-08 11:28:45,572 - omlx.server - INFO - Chat completion: model=Ornith-1.5-35B-A3B-Abliterated-MLX-4bit, 916 tokens in 12.05s (76.0 tok/s), prompt: 220, finish_reason=stop, max_tokens=8192, request_max_tokens=8192
2026-09-08 11:28:46,210 - omlx.scheduler - INFO - Cache phase timings: cleanup_finished_sync=0.2ms/9
2026-09-08 11:28:46,211 - omlx.server - INFO - Chat completion: model=Ornith-1.5-35B-A3B-Abliterated-MLX-4bit, 210 tokens in 3.15s (66.6 tok/s), prompt: 265, finish_reason=stop, max_tokens=8192, request_max_tokens=8192
2026-09-08 11:28:46,213 - omlx.patches.mlx_lm_mtp.batch_generator - INFO - MTP singleton recovery: multirow marker cleared (compact cache)
2026-09-08 11:28:47,006 - omlx.scheduler - INFO - Cache phase timings: cleanup_finished_sync=0.2ms/10
2026-09-08 11:28:47,006 - omlx.patches.mlx_lm_mtp.batch_generator - INFO - MTP singleton recovery: multirow marker cleared (compact cache)
2026-09-08 11:28:47,019 - omlx.server - INFO - Chat completion: model=Ornith-1.5-35B-A3B-Abliterated-MLX-4bit, 41 tokens in 1.44s (28.4 tok/s), prompt: 313, finish_reason=stop, max_tokens=8192, request_max_tokens=8192
2026-09-08 11:28:50,810 - omlx.scheduler - INFO - Cache phase timings: cleanup_finished_sync=0.2ms/11
2026-09-08 11:28:50,813 - omlx.server - INFO - Chat completion: model=Ornith-1.5-35B-A3B-Abliterated-MLX-4bit, 336 tokens in 4.60s (73.1 tok/s), prompt: 421, finish_reason=stop, max_tokens=8192, request_max_tokens=8192
2026-09-08 11:28:50,814 - omlx.patches.mlx_lm_mtp.batch_generator - INFO - MTP singleton recovery: multirow marker cleared (compact cache)
2026-09-08 11:28:52,985 - omlx.scheduler - INFO - Cache phase timings: cleanup_finished_sync=0.3ms/12
2026-09-08 11:28:52,985 - omlx.server - INFO - Chat completion: model=Ornith-1.5-35B-A3B-Abliterated-MLX-4bit, 154 tokens in 2.17s (71.1 tok/s), prompt: 294, finish_reason=stop, max_tokens=8192, request_max_tokens=8192
2026-09-08 11:28:52,985 - omlx.patches.mlx_lm_mtp.batch_generator - INFO - MTP singleton recovery: multirow marker cleared (compact cache)
2026-09-08 11:28:54,045 - omlx.scheduler - INFO - Cache phase timings: cleanup_finished_sync=0.3ms/13
2026-09-08 11:28:54,045 - omlx.server - INFO - Chat completion: model=Ornith-1.5-35B-A3B-Abliterated-MLX-4bit, 535 tokens in 7.02s (76.2 tok/s), prompt: 717, finish_reason=stop, max_tokens=8192, request_max_tokens=8192
2026-09-08 11:28:54,047 - omlx.patches.mlx_lm_mtp.batch_generator - INFO - MTP singleton recovery: multirow marker cleared (compact cache)
2026-09-08 11:28:55,532 - omlx.scheduler - INFO - Cache phase timings: cleanup_finished_sync=0.3ms/14
2026-09-08 11:28:55,534 - omlx.patches.mlx_lm_mtp.batch_generator - INFO - MTP singleton recovery: multirow marker cleared (compact cache)
2026-09-08 11:28:55,547 - omlx.server - INFO - Chat completion: model=Ornith-1.5-35B-A3B-Abliterated-MLX-4bit, 144 tokens in 2.56s (56.3 tok/s), prompt: 437, finish_reason=stop, max_tokens=8192, request_max_tokens=8192
2026-09-08 11:28:57,070 - omlx.scheduler - INFO - Cache phase timings: cleanup_finished_sync=0.3ms/15
2026-09-08 11:28:57,072 - omlx.patches.mlx_lm_mtp.batch_generator - INFO - MTP singleton recovery: multirow marker cleared (compact cache)
2026-09-08 11:28:57,086 - omlx.server - INFO - Chat completion: model=Ornith-1.5-35B-A3B-Abliterated-MLX-4bit, 191 tokens in 3.04s (62.9 tok/s), prompt: 459, finish_reason=stop, max_tokens=8192, request_max_tokens=8192
2026-09-08 11:28:58,409 - omlx.scheduler - INFO - Cache phase timings: cleanup_finished_sync=0.4ms/16
2026-09-08 11:28:58,409 - omlx.patches.mlx_lm_mtp.batch_generator - INFO - MTP singleton recovery: multirow marker cleared (compact cache)
2026-09-08 11:28:58,518 - omlx.server - INFO - Chat completion: model=Ornith-1.5-35B-A3B-Abliterated-MLX-4bit, 77 tokens in 1.43s (54.0 tok/s), prompt: 291, finish_reason=stop, max_tokens=8192, request_max_tokens=8192
2026-09-08 11:28:59,677 - omlx.scheduler - INFO - Cache phase timings: cleanup_finished_sync=0.4ms/17
2026-09-08 11:28:59,677 - omlx.server - INFO - Chat completion: model=Ornith-1.5-35B-A3B-Abliterated-MLX-4bit, 268 tokens in 4.12s (65.0 tok/s), prompt: 509, finish_reason=stop, max_tokens=8192, request_max_tokens=8192
2026-09-08 11:28:59,679 - omlx.patches.mlx_lm_mtp.batch_generator - INFO - MTP singleton recovery: multirow marker cleared (compact cache)
2026-09-08 11:28:59,898 - omlx.scheduler - INFO - Cache phase timings: cleanup_finished_sync=0.4ms/18
2026-09-08 11:28:59,901 - omlx.server - INFO - Chat completion: model=Ornith-1.5-35B-A3B-Abliterated-MLX-4bit, 70 tokens in 1.38s (50.9 tok/s), prompt: 436, finish_reason=stop, max_tokens=8192, request_max_tokens=8192
2026-09-08 11:29:06,394 - omlx.scheduler - INFO - Cache phase timings: cleanup_finished_sync=0.4ms/19
2026-09-08 11:29:06,395 - omlx.server - INFO - Chat completion: model=Ornith-1.5-35B-A3B-Abliterated-MLX-4bit, 541 tokens in 6.49s (83.4 tok/s), prompt: 393, finish_reason=stop, max_tokens=8192, request_max_tokens=8192
2026-09-08 11:29:06,395 - omlx.patches.mlx_lm_mtp.batch_generator - INFO - MTP singleton recovery: multirow marker cleared (compact cache)
2026-09-08 11:29:10,245 - omlx.scheduler - INFO - Cache phase timings: cleanup_finished_sync=0.5ms/20
2026-09-08 11:29:10,245 - omlx.patches.mlx_lm_mtp.batch_generator - INFO - MTP singleton recovery: multirow marker cleared (compact cache)
2026-09-08 11:29:10,346 - omlx.server - INFO - Chat completion: model=Ornith-1.5-35B-A3B-Abliterated-MLX-4bit, 312 tokens in 3.94s (79.1 tok/s), prompt: 361, finish_reason=stop, max_tokens=8192, request_max_tokens=8192
2026-09-08 11:29:11,376 - omlx.scheduler - INFO - Cache phase timings: cleanup_finished_sync=0.5ms/21
2026-09-08 11:29:11,376 - omlx.server - INFO - Chat completion: model=Ornith-1.5-35B-A3B-Abliterated-MLX-4bit, 36 tokens in 1.02s (35.1 tok/s), prompt: 424, finish_reason=stop, max_tokens=8192, request_max_tokens=8192
2026-09-08 11:29:11,376 - omlx.patches.mlx_lm_mtp.batch_generator - INFO - MTP singleton recovery: multirow marker cleared (compact cache)
2026-09-08 11:29:12,892 - omlx.scheduler - INFO - Cache phase timings: cleanup_finished_sync=0.5ms/22
2026-09-08 11:29:12,893 - omlx.server - INFO - Chat completion: model=Ornith-1.5-35B-A3B-Abliterated-MLX-4bit, 79 tokens in 1.51s (52.3 tok/s), prompt: 388, finish_reason=stop, max_tokens=8192, request_max_tokens=8192
2026-09-08 11:29:12,893 - omlx.patches.mlx_lm_mtp.batch_generator - INFO - MTP singleton recovery: multirow marker cleared (compact cache)
2026-09-08 11:29:15,716 - omlx.scheduler - INFO - Cache phase timings: cleanup_finished_sync=0.5ms/23
2026-09-08 11:29:15,716 - omlx.server - INFO - Chat completion: model=Ornith-1.5-35B-A3B-Abliterated-MLX-4bit, 196 tokens in 2.82s (69.6 tok/s), prompt: 457, finish_reason=stop, max_tokens=8192, request_max_tokens=8192
2026-09-08 11:29:15,716 - omlx.patches.mlx_lm_mtp.batch_generator - INFO - MTP singleton recovery: multirow marker cleared (compact cache)
2026-09-08 11:29:18,333 - omlx.scheduler - INFO - Cache phase timings: cleanup_finished_sync=0.6ms/24
2026-09-08 11:29:18,333 - omlx.server - INFO - Chat completion: model=Ornith-1.5-35B-A3B-Abliterated-MLX-4bit, 1486 tokens in 18.65s (79.7 tok/s), prompt: 382, finish_reason=stop, max_tokens=8192, request_max_tokens=8192
2026-09-08 11:29:18,335 - omlx.patches.mlx_lm_mtp.batch_generator - INFO - MTP singleton recovery: multirow marker cleared (compact cache)
2026-09-08 11:29:18,568 - omlx.scheduler - INFO - Cache phase timings: cleanup_finished_sync=0.6ms/25
2026-09-08 11:29:18,568 - omlx.server - INFO - Chat completion: model=Ornith-1.5-35B-A3B-Abliterated-MLX-4bit, 198 tokens in 2.85s (69.6 tok/s), prompt: 403, finish_reason=stop, max_tokens=8192, request_max_tokens=8192
2026-09-08 11:29:21,031 - omlx.scheduler - INFO - Cache phase timings: cleanup_finished_sync=0.6ms/26
2026-09-08 11:29:21,033 - omlx.patches.mlx_lm_mtp.batch_generator - INFO - MTP singleton recovery: multirow marker cleared (compact cache)
2026-09-08 11:29:21,046 - omlx.server - INFO - Chat completion: model=Ornith-1.5-35B-A3B-Abliterated-MLX-4bit, 134 tokens in 2.47s (54.3 tok/s), prompt: 589, finish_reason=stop, max_tokens=8192, request_max_tokens=8192
2026-09-08 11:29:23,787 - omlx.scheduler - INFO - Cache phase timings: cleanup_finished_sync=0.6ms/27
2026-09-08 11:29:23,788 - omlx.server - INFO - Chat completion: model=Ornith-1.5-35B-A3B-Abliterated-MLX-4bit, 211 tokens in 2.74s (77.1 tok/s), prompt: 432, finish_reason=stop, max_tokens=8192, request_max_tokens=8192
2026-09-08 11:29:23,788 - omlx.patches.mlx_lm_mtp.batch_generator - INFO - MTP singleton recovery: multirow marker cleared (compact cache)
2026-09-08 11:29:24,649 - omlx.scheduler - INFO - Cache phase timings: cleanup_finished_sync=0.6ms/28
2026-09-08 11:29:24,649 - omlx.server - INFO - Chat completion: model=Ornith-1.5-35B-A3B-Abliterated-MLX-4bit, 441 tokens in 6.31s (69.9 tok/s), prompt: 418, finish_reason=stop, max_tokens=8192, request_max_tokens=8192
2026-09-08 11:29:24,651 - omlx.patches.mlx_lm_mtp.batch_generator - INFO - MTP singleton recovery: multirow marker cleared (compact cache)
2026-09-08 11:29:26,416 - omlx.scheduler - INFO - Cache phase timings: cleanup_finished_sync=0.7ms/29
2026-09-08 11:29:26,417 - omlx.server - INFO - Chat completion: model=Ornith-1.5-35B-A3B-Abliterated-MLX-4bit, 158 tokens in 2.62s (60.2 tok/s), prompt: 387, finish_reason=stop, max_tokens=8192, request_max_tokens=8192
2026-09-08 11:29:26,419 - omlx.patches.mlx_lm_mtp.batch_generator - INFO - MTP singleton recovery: multirow marker cleared (compact cache)
2026-09-08 11:29:29,320 - omlx.scheduler - INFO - Cache phase timings: cleanup_finished_sync=0.7ms/30
2026-09-08 11:29:29,320 - omlx.server - INFO - Chat completion: model=Ornith-1.5-35B-A3B-Abliterated-MLX-4bit, 353 tokens in 4.67s (75.6 tok/s), prompt: 379, finish_reason=stop, max_tokens=8192, request_max_tokens=8192
2026-09-08 11:29:29,321 - omlx.patches.mlx_lm_mtp.batch_generator - INFO - MTP singleton recovery: multirow marker cleared (compact cache)
2026-09-08 11:29:30,875 - omlx.scheduler - INFO - Cache phase timings: cleanup_finished_sync=0.7ms/31
2026-09-08 11:29:30,877 - omlx.patches.mlx_lm_mtp.batch_generator - INFO - MTP singleton recovery: multirow marker cleared (compact cache)
2026-09-08 11:29:30,983 - omlx.server - INFO - Chat completion: model=Ornith-1.5-35B-A3B-Abliterated-MLX-4bit, 326 tokens in 4.56s (71.5 tok/s), prompt: 647, finish_reason=stop, max_tokens=8192, request_max_tokens=8192
2026-09-08 11:29:34,726 - omlx.scheduler - INFO - Cache phase timings: cleanup_finished_sync=0.7ms/32
2026-09-08 11:29:34,727 - omlx.patches.mlx_lm_mtp.batch_generator - INFO - MTP singleton recovery: multirow marker cleared (compact cache)
2026-09-08 11:29:34,838 - omlx.server - INFO - Chat completion: model=Ornith-1.5-35B-A3B-Abliterated-MLX-4bit, 311 tokens in 3.85s (80.8 tok/s), prompt: 458, finish_reason=stop, max_tokens=8192, request_max_tokens=8192
2026-09-08 11:29:35,060 - omlx.scheduler - INFO - Cache phase timings: cleanup_finished_sync=0.7ms/33
2026-09-08 11:29:35,061 - omlx.server - INFO - Chat completion: model=Ornith-1.5-35B-A3B-Abliterated-MLX-4bit, 455 tokens in 5.73s (79.4 tok/s), prompt: 383, finish_reason=stop, max_tokens=8192, request_max_tokens=8192
2026-09-08 11:29:36,027 - omlx.scheduler - INFO - Cache phase timings: cleanup_finished_sync=0.8ms/34
2026-09-08 11:29:36,028 - omlx.patches.mlx_lm_mtp.batch_generator - INFO - MTP singleton recovery: multirow marker cleared (compact cache)
2026-09-08 11:29:36,041 - omlx.server - INFO - Chat completion: model=Ornith-1.5-35B-A3B-Abliterated-MLX-4bit, 40 tokens in 1.20s (33.3 tok/s), prompt: 237, finish_reason=stop, max_tokens=8192, request_max_tokens=8192
2026-09-08 11:29:37,005 - omlx.scheduler - INFO - Cache phase timings: cleanup_finished_sync=0.8ms/35
2026-09-08 11:29:37,005 - omlx.server - INFO - Chat completion: model=Ornith-1.5-35B-A3B-Abliterated-MLX-4bit, 40 tokens in 0.96s (41.7 tok/s), prompt: 218, finish_reason=stop, max_tokens=8192, request_max_tokens=8192
2026-09-08 11:29:37,005 - omlx.patches.mlx_lm_mtp.batch_generator - INFO - MTP singleton recovery: multirow marker cleared (compact cache)
2026-09-08 11:29:39,365 - omlx.scheduler - INFO - Cache phase timings: cleanup_finished_sync=0.8ms/36
2026-09-08 11:29:39,367 - omlx.patches.mlx_lm_mtp.batch_generator - INFO - MTP singleton recovery: multirow marker cleared (compact cache)
2026-09-08 11:29:39,380 - omlx.server - INFO - Chat completion: model=Ornith-1.5-35B-A3B-Abliterated-MLX-4bit, 268 tokens in 4.31s (62.1 tok/s), prompt: 240, finish_reason=stop, max_tokens=8192, request_max_tokens=8192
2026-09-08 11:29:40,777 - omlx.scheduler - INFO - Cache phase timings: cleanup_finished_sync=0.8ms/37
2026-09-08 11:29:40,777 - omlx.server - INFO - Chat completion: model=Ornith-1.5-35B-A3B-Abliterated-MLX-4bit, 277 tokens in 3.77s (73.6 tok/s), prompt: 265, finish_reason=stop, max_tokens=8192, request_max_tokens=8192
2026-09-08 11:29:40,779 - omlx.patches.mlx_lm_mtp.batch_generator - INFO - MTP singleton recovery: multirow marker cleared (compact cache)
2026-09-08 11:29:43,960 - omlx.scheduler - INFO - Cache phase timings: cleanup_finished_sync=0.9ms/38
2026-09-08 11:29:43,962 - omlx.patches.mlx_lm_mtp.batch_generator - INFO - MTP singleton recovery: multirow marker cleared (compact cache)
2026-09-08 11:29:44,071 - omlx.server - INFO - Chat completion: model=Ornith-1.5-35B-A3B-Abliterated-MLX-4bit, 242 tokens in 3.29s (73.6 tok/s), prompt: 581, finish_reason=stop, max_tokens=8192, request_max_tokens=8192
2026-09-08 11:29:44,842 - omlx.scheduler - INFO - Cache phase timings: cleanup_finished_sync=0.9ms/39
2026-09-08 11:29:44,842 - omlx.server - INFO - Chat completion: model=Ornith-1.5-35B-A3B-Abliterated-MLX-4bit, 383 tokens in 5.46s (70.2 tok/s), prompt: 256, finish_reason=stop, max_tokens=8192, request_max_tokens=8192
2026-09-08 11:29:44,844 - omlx.patches.mlx_lm_mtp.batch_generator - INFO - MTP singleton recovery: multirow marker cleared (compact cache)
2026-09-08 11:29:45,821 - omlx.scheduler - INFO - Cache phase timings: cleanup_finished_sync=0.9ms/40
2026-09-08 11:29:45,823 - omlx.server - INFO - Chat completion: model=Ornith-1.5-35B-A3B-Abliterated-MLX-4bit, 33 tokens in 0.98s (33.8 tok/s), prompt: 374, finish_reason=stop, max_tokens=8192, request_max_tokens=8192
2026-09-08 11:29:45,823 - omlx.patches.mlx_lm_mtp.batch_generator - INFO - MTP singleton recovery: multirow marker cleared (compact cache)
2026-09-08 11:29:46,800 - omlx.scheduler - INFO - Cache phase timings: cleanup_finished_sync=0.9ms/41
2026-09-08 11:29:46,800 - omlx.patches.mlx_lm_mtp.batch_generator - INFO - MTP singleton recovery: multirow marker cleared (compact cache)
2026-09-08 11:29:46,814 - omlx.server - INFO - Chat completion: model=Ornith-1.5-35B-A3B-Abliterated-MLX-4bit, 41 tokens in 0.98s (41.6 tok/s), prompt: 242, finish_reason=stop, max_tokens=8192, request_max_tokens=8192
2026-09-08 11:29:47,858 - omlx.scheduler - INFO - Cache phase timings: cleanup_finished_sync=0.9ms/42
2026-09-08 11:29:47,860 - omlx.patches.mlx_lm_mtp.batch_generator - INFO - MTP singleton recovery: multirow marker cleared (compact cache)
2026-09-08 11:29:47,875 - omlx.server - INFO - Chat completion: model=Ornith-1.5-35B-A3B-Abliterated-MLX-4bit, 194 tokens in 3.80s (51.1 tok/s), prompt: 590, finish_reason=stop, max_tokens=8192, request_max_tokens=8192
2026-09-08 11:29:49,807 - omlx.scheduler - INFO - Cache phase timings: cleanup_finished_sync=1.0ms/43
2026-09-08 11:29:49,807 - omlx.server - INFO - Chat completion: model=Ornith-1.5-35B-A3B-Abliterated-MLX-4bit, 130 tokens in 1.93s (67.5 tok/s), prompt: 446, finish_reason=stop, max_tokens=8192, request_max_tokens=8192
2026-09-08 11:29:49,809 - omlx.patches.mlx_lm_mtp.batch_generator - INFO - MTP singleton recovery: multirow marker cleared (compact cache)
2026-09-08 11:29:52,071 - omlx.scheduler - INFO - Cache phase timings: cleanup_finished_sync=1.0ms/44
2026-09-08 11:29:52,071 - omlx.patches.mlx_lm_mtp.batch_generator - INFO - MTP singleton recovery: multirow marker cleared (compact cache)
2026-09-08 11:29:52,180 - omlx.server - INFO - Chat completion: model=Ornith-1.5-35B-A3B-Abliterated-MLX-4bit, 161 tokens in 2.37s (67.9 tok/s), prompt: 428, finish_reason=stop, max_tokens=8192, request_max_tokens=8192
2026-09-08 11:29:55,764 - omlx.scheduler - INFO - Cache phase timings: cleanup_finished_sync=1.0ms/45
2026-09-08 11:29:55,766 - omlx.patches.mlx_lm_mtp.batch_generator - INFO - MTP singleton recovery: multirow marker cleared (compact cache)
2026-09-08 11:29:55,779 - omlx.server - INFO - Chat completion: model=Ornith-1.5-35B-A3B-Abliterated-MLX-4bit, 704 tokens in 8.96s (78.6 tok/s), prompt: 258, finish_reason=stop, max_tokens=8192, request_max_tokens=8192
2026-09-08 11:29:59,908 - omlx.scheduler - INFO - Cache phase timings: cleanup_finished_sync=1.0ms/46
2026-09-08 11:29:59,908 - omlx.patches.mlx_lm_mtp.batch_generator - INFO - MTP singleton recovery: multirow marker cleared (compact cache)
2026-09-08 11:29:59,923 - omlx.server - INFO - Chat completion: model=Ornith-1.5-35B-A3B-Abliterated-MLX-4bit, 339 tokens in 4.14s (81.9 tok/s), prompt: 368, finish_reason=stop, max_tokens=8192, request_max_tokens=8192
2026-09-08 11:30:00,830 - omlx.scheduler - INFO - Cache phase timings: cleanup_finished_sync=1.0ms/47
2026-09-08 11:30:00,831 - omlx.patches.mlx_lm_mtp.batch_generator - INFO - MTP singleton recovery: multirow marker cleared (compact cache)
2026-09-08 11:30:00,933 - omlx.server - INFO - Chat completion: model=Ornith-1.5-35B-A3B-Abliterated-MLX-4bit, 33 tokens in 1.00s (32.9 tok/s), prompt: 211, finish_reason=stop, max_tokens=8192, request_max_tokens=8192
2026-09-08 11:30:04,144 - omlx.scheduler - INFO - Cache phase timings: cleanup_finished_sync=1.1ms/48
2026-09-08 11:30:04,144 - omlx.server - INFO - Chat completion: model=Ornith-1.5-35B-A3B-Abliterated-MLX-4bit, 240 tokens in 3.20s (74.9 tok/s), prompt: 429, finish_reason=stop, max_tokens=8192, request_max_tokens=8192
2026-09-08 11:30:04,144 - omlx.patches.mlx_lm_mtp.batch_generator - INFO - MTP singleton recovery: multirow marker cleared (compact cache)
2026-09-08 11:30:06,587 - omlx.scheduler - INFO - Cache phase timings: cleanup_finished_sync=1.1ms/49
2026-09-08 11:30:06,587 - omlx.server - INFO - Chat completion: model=Ornith-1.5-35B-A3B-Abliterated-MLX-4bit, 156 tokens in 2.44s (64.0 tok/s), prompt: 458, finish_reason=stop, max_tokens=8192, request_max_tokens=8192
2026-09-08 11:30:06,587 - omlx.patches.mlx_lm_mtp.batch_generator - INFO - MTP singleton recovery: multirow marker cleared (compact cache)
2026-09-08 11:30:08,859 - omlx.scheduler - INFO - Cache phase timings: cleanup_finished_sync=1.1ms/50
2026-09-08 11:30:08,861 - omlx.patches.mlx_lm_mtp.batch_generator - INFO - MTP singleton recovery: multirow marker cleared (compact cache)
2026-09-08 11:30:08,877 - omlx.server - INFO - Chat completion: model=Ornith-1.5-35B-A3B-Abliterated-MLX-4bit, 1305 tokens in 16.69s (78.2 tok/s), prompt: 390, finish_reason=stop, max_tokens=8192, request_max_tokens=8192
2026-09-08 11:30:09,716 - omlx.scheduler - INFO - Cache phase timings: cleanup_finished_sync=1.2ms/51
2026-09-08 11:30:09,717 - omlx.server - INFO - Chat completion: model=Ornith-1.5-35B-A3B-Abliterated-MLX-4bit, 172 tokens in 3.12s (55.1 tok/s), prompt: 565, finish_reason=stop, max_tokens=8192, request_max_tokens=8192
2026-09-08 11:30:09,718 - omlx.patches.mlx_lm_mtp.batch_generator - INFO - MTP singleton recovery: multirow marker cleared (compact cache)
2026-09-08 11:30:13,152 - omlx.scheduler - INFO - Cache phase timings: cleanup_finished_sync=1.2ms/52
2026-09-08 11:30:13,154 - omlx.patches.mlx_lm_mtp.batch_generator - INFO - MTP singleton recovery: multirow marker cleared (compact cache)
2026-09-08 11:30:13,167 - omlx.server - INFO - Chat completion: model=Ornith-1.5-35B-A3B-Abliterated-MLX-4bit, 254 tokens in 3.44s (73.8 tok/s), prompt: 673, finish_reason=stop, max_tokens=8192, request_max_tokens=8192
2026-09-08 11:30:13,234 - omlx.scheduler - INFO - Cache phase timings: cleanup_finished_sync=1.2ms/53
2026-09-08 11:30:13,235 - omlx.server - INFO - Chat completion: model=Ornith-1.5-35B-A3B-Abliterated-MLX-4bit, 298 tokens in 4.35s (68.5 tok/s), prompt: 442, finish_reason=stop, max_tokens=8192, request_max_tokens=8192
2026-09-08 11:30:15,689 - omlx.scheduler - INFO - Cache phase timings: cleanup_finished_sync=1.2ms/54
2026-09-08 11:30:15,689 - omlx.server - INFO - Chat completion: model=Ornith-1.5-35B-A3B-Abliterated-MLX-4bit, 167 tokens in 2.52s (66.4 tok/s), prompt: 581, finish_reason=stop, max_tokens=8192, request_max_tokens=8192
2026-09-08 11:30:15,691 - omlx.patches.mlx_lm_mtp.batch_generator - INFO - MTP singleton recovery: multirow marker cleared (compact cache)
2026-09-08 11:30:16,630 - omlx.scheduler - INFO - Cache phase timings: cleanup_finished_sync=1.3ms/55
2026-09-08 11:30:16,630 - omlx.patches.mlx_lm_mtp.batch_generator - INFO - MTP singleton recovery: multirow marker cleared (compact cache)
2026-09-08 11:30:16,740 - omlx.server - INFO - Chat completion: model=Ornith-1.5-35B-A3B-Abliterated-MLX-4bit, 187 tokens in 3.49s (53.5 tok/s), prompt: 273, finish_reason=stop, max_tokens=8192, request_max_tokens=8192
2026-09-08 11:30:17,739 - omlx.scheduler - INFO - Cache phase timings: cleanup_finished_sync=1.3ms/56
2026-09-08 11:30:17,740 - omlx.server - INFO - Chat completion: model=Ornith-1.5-35B-A3B-Abliterated-MLX-4bit, 100 tokens in 2.05s (48.8 tok/s), prompt: 441, finish_reason=stop, max_tokens=8192, request_max_tokens=8192
2026-09-08 11:30:17,742 - omlx.patches.mlx_lm_mtp.batch_generator - INFO - MTP singleton recovery: multirow marker cleared (compact cache)
2026-09-08 11:30:19,167 - omlx.scheduler - INFO - Cache phase timings: cleanup_finished_sync=1.3ms/57
2026-09-08 11:30:19,168 - omlx.patches.mlx_lm_mtp.batch_generator - INFO - MTP singleton recovery: multirow marker cleared (compact cache)
2026-09-08 11:30:19,181 - omlx.server - INFO - Chat completion: model=Ornith-1.5-35B-A3B-Abliterated-MLX-4bit, 141 tokens in 2.44s (57.8 tok/s), prompt: 248, finish_reason=stop, max_tokens=8192, request_max_tokens=8192
2026-09-08 11:30:21,295 - omlx.scheduler - INFO - Cache phase timings: cleanup_finished_sync=1.3ms/58
2026-09-08 11:30:21,296 - omlx.server - INFO - Chat completion: model=Ornith-1.5-35B-A3B-Abliterated-MLX-4bit, 251 tokens in 3.55s (70.7 tok/s), prompt: 384, finish_reason=stop, max_tokens=8192, request_max_tokens=8192
2026-09-08 11:30:21,298 - omlx.patches.mlx_lm_mtp.batch_generator - INFO - MTP singleton recovery: multirow marker cleared (compact cache)
2026-09-08 11:30:25,024 - omlx.scheduler - INFO - Cache phase timings: cleanup_finished_sync=1.4ms/59
2026-09-08 11:30:25,024 - omlx.patches.mlx_lm_mtp.batch_generator - INFO - MTP singleton recovery: multirow marker cleared (compact cache)
2026-09-08 11:30:25,038 - omlx.server - INFO - Chat completion: model=Ornith-1.5-35B-A3B-Abliterated-MLX-4bit, 459 tokens in 5.85s (78.5 tok/s), prompt: 220, finish_reason=stop, max_tokens=8192, request_max_tokens=8192
2026-09-08 11:30:26,300 - omlx.scheduler - INFO - Cache phase timings: cleanup_finished_sync=1.4ms/60
2026-09-08 11:30:26,300 - omlx.server - INFO - Chat completion: model=Ornith-1.5-35B-A3B-Abliterated-MLX-4bit, 58 tokens in 1.26s (46.2 tok/s), prompt: 433, finish_reason=stop, max_tokens=8192, request_max_tokens=8192
2026-09-08 11:30:26,300 - omlx.patches.mlx_lm_mtp.batch_generator - INFO - MTP singleton recovery: multirow marker cleared (compact cache)
2026-09-08 11:30:27,905 - omlx.scheduler - INFO - Cache phase timings: cleanup_finished_sync=1.4ms/61
2026-09-08 11:30:27,907 - omlx.patches.mlx_lm_mtp.batch_generator - INFO - MTP singleton recovery: multirow marker cleared (compact cache)
2026-09-08 11:30:27,922 - omlx.server - INFO - Chat completion: model=Ornith-1.5-35B-A3B-Abliterated-MLX-4bit, 485 tokens in 6.62s (73.3 tok/s), prompt: 621, finish_reason=stop, max_tokens=8192, request_max_tokens=8192
2026-09-08 11:30:28,050 - omlx.scheduler - INFO - Cache phase timings: cleanup_finished_sync=1.4ms/62
2026-09-08 11:30:28,050 - omlx.server - INFO - Chat completion: model=Ornith-1.5-35B-A3B-Abliterated-MLX-4bit, 109 tokens in 1.74s (62.5 tok/s), prompt: 213, finish_reason=stop, max_tokens=8192, request_max_tokens=8192
2026-09-08 11:30:29,495 - omlx.scheduler - INFO - Cache phase timings: cleanup_finished_sync=1.5ms/63
2026-09-08 11:30:29,497 - omlx.patches.mlx_lm_mtp.batch_generator - INFO - MTP singleton recovery: multirow marker cleared (compact cache)
2026-09-08 11:30:29,607 - omlx.server - INFO - Chat completion: model=Ornith-1.5-35B-A3B-Abliterated-MLX-4bit, 49 tokens in 1.55s (31.6 tok/s), prompt: 438, finish_reason=stop, max_tokens=8192, request_max_tokens=8192
2026-09-08 11:30:31,264 - omlx.scheduler - INFO - Cache phase timings: cleanup_finished_sync=1.5ms/64
2026-09-08 11:30:31,265 - omlx.server - INFO - Chat completion: model=Ornith-1.5-35B-A3B-Abliterated-MLX-4bit, 212 tokens in 3.34s (63.5 tok/s), prompt: 256, finish_reason=stop, max_tokens=8192, request_max_tokens=8192
2026-09-08 11:30:31,267 - omlx.patches.mlx_lm_mtp.batch_generator - INFO - MTP singleton recovery: multirow marker cleared (compact cache)
2026-09-08 11:30:33,003 - omlx.scheduler - INFO - Cache phase timings: cleanup_finished_sync=1.5ms/65
2026-09-08 11:30:33,004 - omlx.patches.mlx_lm_mtp.batch_generator - INFO - MTP singleton recovery: multirow marker cleared (compact cache)
2026-09-08 11:30:33,109 - omlx.server - INFO - Chat completion: model=Ornith-1.5-35B-A3B-Abliterated-MLX-4bit, 98 tokens in 1.84s (53.3 tok/s), prompt: 575, finish_reason=stop, max_tokens=8192, request_max_tokens=8192
2026-09-08 11:30:34,295 - omlx.scheduler - INFO - Cache phase timings: cleanup_finished_sync=1.5ms/66
2026-09-08 11:30:34,296 - omlx.patches.mlx_lm_mtp.batch_generator - INFO - MTP singleton recovery: multirow marker cleared (compact cache)
2026-09-08 11:30:34,310 - omlx.server - INFO - Chat completion: model=Ornith-1.5-35B-A3B-Abliterated-MLX-4bit, 53 tokens in 1.19s (44.4 tok/s), prompt: 451, finish_reason=stop, max_tokens=8192, request_max_tokens=8192
2026-09-08 11:30:40,015 - omlx.scheduler - INFO - Cache phase timings: cleanup_finished_sync=1.5ms/67
2026-09-08 11:30:40,015 - omlx.patches.mlx_lm_mtp.batch_generator - INFO - MTP singleton recovery: multirow marker cleared (compact cache)
2026-09-08 11:30:40,118 - omlx.server - INFO - Chat completion: model=Ornith-1.5-35B-A3B-Abliterated-MLX-4bit, 493 tokens in 5.80s (85.0 tok/s), prompt: 295, finish_reason=stop, max_tokens=8192, request_max_tokens=8192
2026-09-08 11:30:41,124 - omlx.scheduler - INFO - Cache phase timings: cleanup_finished_sync=1.6ms/68
2026-09-08 11:30:41,126 - omlx.patches.mlx_lm_mtp.batch_generator - INFO - MTP singleton recovery: multirow marker cleared (compact cache)
2026-09-08 11:30:41,169 - omlx.scheduler - INFO - Cache phase timings: cleanup_finished_sync=1.6ms/69
2026-09-08 11:30:41,169 - omlx.server - INFO - Chat completion: model=Ornith-1.5-35B-A3B-Abliterated-MLX-4bit, 895 tokens in 11.56s (77.4 tok/s), prompt: 255, finish_reason=stop, max_tokens=8192, request_max_tokens=8192
2026-09-08 11:30:41,170 - omlx.server - INFO - Chat completion: model=Ornith-1.5-35B-A3B-Abliterated-MLX-4bit, 44 tokens in 1.05s (42.1 tok/s), prompt: 230, finish_reason=stop, max_tokens=8192, request_max_tokens=8192
2026-09-08 11:30:42,719 - omlx.scheduler - INFO - Cache phase timings: cleanup_finished_sync=1.6ms/70
2026-09-08 11:30:42,719 - omlx.patches.mlx_lm_mtp.batch_generator - INFO - MTP singleton recovery: multirow marker cleared (compact cache)
2026-09-08 11:30:42,822 - omlx.server - INFO - Chat completion: model=Ornith-1.5-35B-A3B-Abliterated-MLX-4bit, 64 tokens in 1.65s (38.9 tok/s), prompt: 487, finish_reason=stop, max_tokens=8192, request_max_tokens=8192
2026-09-08 11:30:44,300 - omlx.scheduler - INFO - Cache phase timings: cleanup_finished_sync=1.6ms/71
2026-09-08 11:30:44,300 - omlx.server - INFO - Chat completion: model=Ornith-1.5-35B-A3B-Abliterated-MLX-4bit, 180 tokens in 3.13s (57.6 tok/s), prompt: 584, finish_reason=stop, max_tokens=8192, request_max_tokens=8192
2026-09-08 11:30:44,302 - omlx.patches.mlx_lm_mtp.batch_generator - INFO - MTP singleton recovery: multirow marker cleared (compact cache)
2026-09-08 11:30:45,484 - omlx.scheduler - INFO - Cache phase timings: cleanup_finished_sync=1.6ms/72
2026-09-08 11:30:45,484 - omlx.server - INFO - Chat completion: model=Ornith-1.5-35B-A3B-Abliterated-MLX-4bit, 161 tokens in 2.65s (60.7 tok/s), prompt: 262, finish_reason=stop, max_tokens=8192, request_max_tokens=8192
2026-09-08 11:30:45,484 - omlx.patches.mlx_lm_mtp.batch_generator - INFO - MTP singleton recovery: multirow marker cleared (compact cache)
2026-09-08 11:30:45,552 - omlx.scheduler - INFO - Cache phase timings: cleanup_finished_sync=1.7ms/73
2026-09-08 11:30:45,553 - omlx.server - INFO - Chat completion: model=Ornith-1.5-35B-A3B-Abliterated-MLX-4bit, 56 tokens in 1.25s (44.8 tok/s), prompt: 427, finish_reason=stop, max_tokens=8192, request_max_tokens=8192
2026-09-08 11:30:47,297 - omlx.scheduler - INFO - Cache phase timings: cleanup_finished_sync=1.7ms/74
2026-09-08 11:30:47,297 - omlx.server - INFO - Chat completion: model=Ornith-1.5-35B-A3B-Abliterated-MLX-4bit, 83 tokens in 1.81s (45.9 tok/s), prompt: 347, finish_reason=stop, max_tokens=8192, request_max_tokens=8192
2026-09-08 11:30:47,297 - omlx.patches.mlx_lm_mtp.batch_generator - INFO - MTP singleton recovery: multirow marker cleared (compact cache)
2026-09-08 11:30:49,922 - omlx.scheduler - INFO - Cache phase timings: cleanup_finished_sync=1.7ms/75
2026-09-08 11:30:49,923 - omlx.patches.mlx_lm_mtp.batch_generator - INFO - MTP singleton recovery: multirow marker cleared (compact cache)
2026-09-08 11:30:49,938 - omlx.server - INFO - Chat completion: model=Ornith-1.5-35B-A3B-Abliterated-MLX-4bit, 271 tokens in 4.38s (61.9 tok/s), prompt: 685, finish_reason=stop, max_tokens=8192, request_max_tokens=8192
2026-09-08 11:30:52,060 - omlx.scheduler - INFO - Cache phase timings: cleanup_finished_sync=1.7ms/76
2026-09-08 11:30:52,060 - omlx.server - INFO - Chat completion: model=Ornith-1.5-35B-A3B-Abliterated-MLX-4bit, 363 tokens in 4.76s (76.3 tok/s), prompt: 422, finish_reason=stop, max_tokens=8192, request_max_tokens=8192
2026-09-08 11:30:52,063 - omlx.patches.mlx_lm_mtp.batch_generator - INFO - MTP singleton recovery: multirow marker cleared (compact cache)
2026-09-08 11:30:54,885 - omlx.scheduler - INFO - Cache phase timings: cleanup_finished_sync=1.8ms/77
2026-09-08 11:30:54,886 - omlx.server - INFO - Chat completion: model=Ornith-1.5-35B-A3B-Abliterated-MLX-4bit, 207 tokens in 2.82s (73.4 tok/s), prompt: 525, finish_reason=stop, max_tokens=8192, request_max_tokens=8192
2026-09-08 11:30:54,889 - omlx.patches.mlx_lm_mtp.batch_generator - INFO - MTP singleton recovery: multirow marker cleared (compact cache)
2026-09-08 11:30:57,223 - omlx.scheduler - INFO - Cache phase timings: cleanup_finished_sync=1.8ms/78
2026-09-08 11:30:57,223 - omlx.server - INFO - Chat completion: model=Ornith-1.5-35B-A3B-Abliterated-MLX-4bit, 559 tokens in 7.28s (76.8 tok/s), prompt: 383, finish_reason=stop, max_tokens=8192, request_max_tokens=8192
2026-09-08 11:30:57,225 - omlx.patches.mlx_lm_mtp.batch_generator - INFO - MTP singleton recovery: multirow marker cleared (compact cache)
2026-09-08 11:30:58,188 - omlx.scheduler - INFO - Cache phase timings: cleanup_finished_sync=1.8ms/79
2026-09-08 11:30:58,188 - omlx.server - INFO - Chat completion: model=Ornith-1.5-35B-A3B-Abliterated-MLX-4bit, 32 tokens in 0.96s (33.3 tok/s), prompt: 362, finish_reason=stop, max_tokens=8192, request_max_tokens=8192
2026-09-08 11:30:58,188 - omlx.patches.mlx_lm_mtp.batch_generator - INFO - MTP singleton recovery: multirow marker cleared (compact cache)
2026-09-08 11:31:00,259 - omlx.scheduler - INFO - Cache phase timings: cleanup_finished_sync=1.8ms/80
2026-09-08 11:31:00,259 - omlx.patches.mlx_lm_mtp.batch_generator - INFO - MTP singleton recovery: multirow marker cleared (compact cache)
2026-09-08 11:31:00,273 - omlx.server - INFO - Chat completion: model=Ornith-1.5-35B-A3B-Abliterated-MLX-4bit, 142 tokens in 2.08s (68.3 tok/s), prompt: 249, finish_reason=stop, max_tokens=8192, request_max_tokens=8192
2026-09-08 11:31:00,457 - omlx.scheduler - INFO - Cache phase timings: cleanup_finished_sync=1.9ms/81
2026-09-08 11:31:00,458 - omlx.server - INFO - Chat completion: model=Ornith-1.5-35B-A3B-Abliterated-MLX-4bit, 393 tokens in 5.56s (70.7 tok/s), prompt: 522, finish_reason=stop, max_tokens=8192, request_max_tokens=8192
2026-09-08 11:31:02,271 - omlx.scheduler - INFO - Cache phase timings: cleanup_finished_sync=1.9ms/82
2026-09-08 11:31:02,271 - omlx.server - INFO - Chat completion: model=Ornith-1.5-35B-A3B-Abliterated-MLX-4bit, 108 tokens in 1.99s (54.2 tok/s), prompt: 217, finish_reason=stop, max_tokens=8192, request_max_tokens=8192
2026-09-08 11:31:02,271 - omlx.patches.mlx_lm_mtp.batch_generator - INFO - MTP singleton recovery: multirow marker cleared (compact cache)
2026-09-08 11:31:05,064 - omlx.scheduler - INFO - Cache phase timings: cleanup_finished_sync=1.9ms/83
2026-09-08 11:31:05,064 - omlx.server - INFO - Chat completion: model=Ornith-1.5-35B-A3B-Abliterated-MLX-4bit, 216 tokens in 2.79s (77.5 tok/s), prompt: 248, finish_reason=stop, max_tokens=8192, request_max_tokens=8192
2026-09-08 11:31:05,064 - omlx.patches.mlx_lm_mtp.batch_generator - INFO - MTP singleton recovery: multirow marker cleared (compact cache)
2026-09-08 11:31:05,269 - omlx.scheduler - INFO - Cache phase timings: cleanup_finished_sync=1.9ms/84
2026-09-08 11:31:05,270 - omlx.server - INFO - Chat completion: model=Ornith-1.5-35B-A3B-Abliterated-MLX-4bit, 335 tokens in 4.80s (69.7 tok/s), prompt: 546, finish_reason=stop, max_tokens=8192, request_max_tokens=8192
2026-09-08 11:31:08,724 - omlx.scheduler - INFO - Cache phase timings: cleanup_finished_sync=2.0ms/85
2026-09-08 11:31:08,724 - omlx.server - INFO - Chat completion: model=Ornith-1.5-35B-A3B-Abliterated-MLX-4bit, 237 tokens in 3.45s (68.8 tok/s), prompt: 622, finish_reason=stop, max_tokens=8192, request_max_tokens=8192
2026-09-08 11:31:08,726 - omlx.patches.mlx_lm_mtp.batch_generator - INFO - MTP singleton recovery: multirow marker cleared (compact cache)
2026-09-08 11:31:10,548 - omlx.scheduler - INFO - Cache phase timings: cleanup_finished_sync=2.0ms/86
2026-09-08 11:31:10,548 - omlx.server - INFO - Chat completion: model=Ornith-1.5-35B-A3B-Abliterated-MLX-4bit, 108 tokens in 1.82s (59.3 tok/s), prompt: 575, finish_reason=stop, max_tokens=8192, request_max_tokens=8192
2026-09-08 11:31:10,550 - omlx.patches.mlx_lm_mtp.batch_generator - INFO - MTP singleton recovery: multirow marker cleared (compact cache)
2026-09-08 11:31:10,766 - omlx.scheduler - INFO - Cache phase timings: cleanup_finished_sync=2.0ms/87
2026-09-08 11:31:10,766 - omlx.server - INFO - Chat completion: model=Ornith-1.5-35B-A3B-Abliterated-MLX-4bit, 412 tokens in 5.70s (72.3 tok/s), prompt: 247, finish_reason=stop, max_tokens=8192, request_max_tokens=8192
2026-09-08 11:31:12,583 - omlx.scheduler - INFO - Cache phase timings: cleanup_finished_sync=2.0ms/88
2026-09-08 11:31:12,583 - omlx.patches.mlx_lm_mtp.batch_generator - INFO - MTP singleton recovery: multirow marker cleared (compact cache)
2026-09-08 11:31:12,694 - omlx.server - INFO - Chat completion: model=Ornith-1.5-35B-A3B-Abliterated-MLX-4bit, 94 tokens in 2.14s (43.9 tok/s), prompt: 431, finish_reason=stop, max_tokens=8192, request_max_tokens=8192
2026-09-08 11:31:13,607 - omlx.scheduler - INFO - Cache phase timings: cleanup_finished_sync=2.1ms/89
2026-09-08 11:31:13,609 - omlx.patches.mlx_lm_mtp.batch_generator - INFO - MTP singleton recovery: multirow marker cleared (compact cache)
2026-09-08 11:31:13,622 - omlx.server - INFO - Chat completion: model=Ornith-1.5-35B-A3B-Abliterated-MLX-4bit, 131 tokens in 2.85s (46.0 tok/s), prompt: 589, finish_reason=stop, max_tokens=8192, request_max_tokens=8192
2026-09-08 11:31:14,483 - omlx.scheduler - INFO - Cache phase timings: cleanup_finished_sync=2.1ms/90
2026-09-08 11:31:14,483 - omlx.server - INFO - Chat completion: model=Ornith-1.5-35B-A3B-Abliterated-MLX-4bit, 76 tokens in 1.79s (42.6 tok/s), prompt: 223, finish_reason=stop, max_tokens=8192, request_max_tokens=8192
2026-09-08 11:31:14,483 - omlx.patches.mlx_lm_mtp.batch_generator - INFO - MTP singleton recovery: multirow marker cleared (compact cache)
2026-09-08 11:31:17,503 - omlx.scheduler - INFO - Cache phase timings: cleanup_finished_sync=2.1ms/91
2026-09-08 11:31:17,503 - omlx.server - INFO - Chat completion: model=Ornith-1.5-35B-A3B-Abliterated-MLX-4bit, 270 tokens in 3.87s (69.7 tok/s), prompt: 429, finish_reason=stop, max_tokens=8192, request_max_tokens=8192
2026-09-08 11:31:17,505 - omlx.patches.mlx_lm_mtp.batch_generator - INFO - MTP singleton recovery: multirow marker cleared (compact cache)
2026-09-08 11:31:19,417 - omlx.scheduler - INFO - Cache phase timings: cleanup_finished_sync=2.1ms/92
2026-09-08 11:31:19,419 - omlx.patches.mlx_lm_mtp.batch_generator - INFO - MTP singleton recovery: multirow marker cleared (compact cache)
2026-09-08 11:31:19,432 - omlx.server - INFO - Chat completion: model=Ornith-1.5-35B-A3B-Abliterated-MLX-4bit, 374 tokens in 4.94s (75.7 tok/s), prompt: 361, finish_reason=stop, max_tokens=8192, request_max_tokens=8192
2026-09-08 11:31:20,268 - omlx.scheduler - INFO - Cache phase timings: cleanup_finished_sync=2.2ms/93
2026-09-08 11:31:20,271 - omlx.patches.mlx_lm_mtp.batch_generator - INFO - MTP singleton recovery: multirow marker cleared (compact cache)
2026-09-08 11:31:20,369 - omlx.server - INFO - Chat completion: model=Ornith-1.5-35B-A3B-Abliterated-MLX-4bit, 164 tokens in 2.86s (57.3 tok/s), prompt: 376, finish_reason=stop, max_tokens=8192, request_max_tokens=8192
2026-09-08 11:31:21,698 - omlx.scheduler - INFO - Cache phase timings: cleanup_finished_sync=2.2ms/94
2026-09-08 11:31:21,698 - omlx.patches.mlx_lm_mtp.batch_generator - INFO - MTP singleton recovery: multirow marker cleared (compact cache)
2026-09-08 11:31:21,712 - omlx.server - INFO - Chat completion: model=Ornith-1.5-35B-A3B-Abliterated-MLX-4bit, 103 tokens in 2.27s (45.3 tok/s), prompt: 434, finish_reason=stop, max_tokens=8192, request_max_tokens=8192
2026-09-08 11:31:22,897 - omlx.scheduler - INFO - Cache phase timings: cleanup_finished_sync=2.2ms/95
2026-09-08 11:31:22,899 - omlx.patches.mlx_lm_mtp.batch_generator - INFO - MTP singleton recovery: multirow marker cleared (compact cache)
2026-09-08 11:31:23,004 - omlx.server - INFO - Chat completion: model=Ornith-1.5-35B-A3B-Abliterated-MLX-4bit, 131 tokens in 2.63s (49.9 tok/s), prompt: 613, finish_reason=stop, max_tokens=8192, request_max_tokens=8192
2026-09-08 11:31:24,538 - omlx.scheduler - INFO - Cache phase timings: cleanup_finished_sync=2.2ms/96
2026-09-08 11:31:24,540 - omlx.patches.mlx_lm_mtp.batch_generator - INFO - MTP singleton recovery: multirow marker cleared (compact cache)
2026-09-08 11:31:24,645 - omlx.server - INFO - Chat completion: model=Ornith-1.5-35B-A3B-Abliterated-MLX-4bit, 170 tokens in 2.93s (58.1 tok/s), prompt: 412, finish_reason=stop, max_tokens=8192, request_max_tokens=8192
2026-09-08 11:31:25,924 - omlx.scheduler - INFO - Cache phase timings: cleanup_finished_sync=2.3ms/97
2026-09-08 11:31:25,926 - omlx.patches.mlx_lm_mtp.batch_generator - INFO - MTP singleton recovery: multirow marker cleared (compact cache)
2026-09-08 11:31:26,033 - omlx.server - INFO - Chat completion: model=Ornith-1.5-35B-A3B-Abliterated-MLX-4bit, 49 tokens in 1.38s (35.5 tok/s), prompt: 586, finish_reason=stop, max_tokens=8192, request_max_tokens=8192
2026-09-08 11:31:29,446 - omlx.scheduler - INFO - Cache phase timings: cleanup_finished_sync=2.3ms/98
2026-09-08 11:31:29,446 - omlx.server - INFO - Chat completion: model=Ornith-1.5-35B-A3B-Abliterated-MLX-4bit, 274 tokens in 3.41s (80.4 tok/s), prompt: 400, finish_reason=stop, max_tokens=8192, request_max_tokens=8192
2026-09-08 11:31:29,447 - omlx.patches.mlx_lm_mtp.batch_generator - INFO - MTP singleton recovery: multirow marker cleared (compact cache)
2026-09-08 11:31:31,052 - omlx.scheduler - INFO - Cache phase timings: cleanup_finished_sync=2.3ms/99
2026-09-08 11:31:31,054 - omlx.patches.mlx_lm_mtp.batch_generator - INFO - MTP singleton recovery: multirow marker cleared (compact cache)
2026-09-08 11:31:31,067 - omlx.server - INFO - Chat completion: model=Ornith-1.5-35B-A3B-Abliterated-MLX-4bit, 587 tokens in 8.06s (72.9 tok/s), prompt: 388, finish_reason=stop, max_tokens=8192, request_max_tokens=8192
2026-09-08 11:31:32,104 - omlx.scheduler - INFO - Cache phase timings: cleanup_finished_sync=2.3ms/100
2026-09-08 11:31:32,104 - omlx.server - INFO - Chat completion: model=Ornith-1.5-35B-A3B-Abliterated-MLX-4bit, 146 tokens in 2.65s (55.1 tok/s), prompt: 376, finish_reason=stop, max_tokens=8192, request_max_tokens=8192
2026-09-08 11:31:32,105 - omlx.patches.mlx_lm_mtp.batch_generator - INFO - MTP singleton recovery: multirow marker cleared (compact cache)
2026-09-08 11:31:32,291 - omlx.scheduler - INFO - Cache phase timings: cleanup_finished_sync=2.3ms/101
2026-09-08 11:31:32,292 - omlx.server - INFO - Chat completion: model=Ornith-1.5-35B-A3B-Abliterated-MLX-4bit, 44 tokens in 1.22s (36.1 tok/s), prompt: 586, finish_reason=stop, max_tokens=8192, request_max_tokens=8192
2026-09-08 11:31:34,007 - omlx.scheduler - INFO - Cache phase timings: cleanup_finished_sync=2.4ms/102
2026-09-08 11:31:34,007 - omlx.server - INFO - Chat completion: model=Ornith-1.5-35B-A3B-Abliterated-MLX-4bit, 79 tokens in 1.90s (41.7 tok/s), prompt: 582, finish_reason=stop, max_tokens=8192, request_max_tokens=8192
2026-09-08 11:31:34,009 - omlx.patches.mlx_lm_mtp.batch_generator - INFO - MTP singleton recovery: multirow marker cleared (compact cache)
2026-09-08 11:31:35,194 - omlx.scheduler - INFO - Cache phase timings: cleanup_finished_sync=2.4ms/103
2026-09-08 11:31:35,194 - omlx.server - INFO - Chat completion: model=Ornith-1.5-35B-A3B-Abliterated-MLX-4bit, 52 tokens in 1.18s (43.9 tok/s), prompt: 376, finish_reason=stop, max_tokens=8192, request_max_tokens=8192
2026-09-08 11:31:35,195 - omlx.patches.mlx_lm_mtp.batch_generator - INFO - MTP singleton recovery: multirow marker cleared (compact cache)
2026-09-08 11:31:36,110 - omlx.scheduler - INFO - Cache phase timings: cleanup_finished_sync=2.4ms/104
2026-09-08 11:31:36,110 - omlx.patches.mlx_lm_mtp.batch_generator - INFO - MTP singleton recovery: multirow marker cleared (compact cache)
2026-09-08 11:31:36,124 - omlx.server - INFO - Chat completion: model=Ornith-1.5-35B-A3B-Abliterated-MLX-4bit, 32 tokens in 0.92s (34.7 tok/s), prompt: 245, finish_reason=stop, max_tokens=8192, request_max_tokens=8192
2026-09-08 11:31:37,598 - omlx.scheduler - INFO - Cache phase timings: cleanup_finished_sync=2.4ms/105
2026-09-08 11:31:37,598 - omlx.server - INFO - Chat completion: model=Ornith-1.5-35B-A3B-Abliterated-MLX-4bit, 272 tokens in 5.30s (51.3 tok/s), prompt: 576, finish_reason=stop, max_tokens=8192, request_max_tokens=8192
2026-09-08 11:31:37,600 - omlx.patches.mlx_lm_mtp.batch_generator - INFO - MTP singleton recovery: multirow marker cleared (compact cache)
2026-09-08 11:31:39,491 - omlx.scheduler - INFO - Cache phase timings: cleanup_finished_sync=2.5ms/106
2026-09-08 11:31:39,492 - omlx.patches.mlx_lm_mtp.batch_generator - INFO - MTP singleton recovery: multirow marker cleared (compact cache)
2026-09-08 11:31:39,505 - omlx.server - INFO - Chat completion: model=Ornith-1.5-35B-A3B-Abliterated-MLX-4bit, 113 tokens in 1.90s (59.5 tok/s), prompt: 587, finish_reason=stop, max_tokens=8192, request_max_tokens=8192
2026-09-08 11:31:40,219 - omlx.scheduler - INFO - Cache phase timings: cleanup_finished_sync=2.5ms/107
2026-09-08 11:31:40,219 - omlx.server - INFO - Chat completion: model=Ornith-1.5-35B-A3B-Abliterated-MLX-4bit, 234 tokens in 4.09s (57.2 tok/s), prompt: 672, finish_reason=stop, max_tokens=8192, request_max_tokens=8192
2026-09-08 11:31:40,221 - omlx.patches.mlx_lm_mtp.batch_generator - INFO - MTP singleton recovery: multirow marker cleared (compact cache)
2026-09-08 11:31:40,940 - omlx.scheduler - INFO - Cache phase timings: cleanup_finished_sync=2.5ms/108
2026-09-08 11:31:40,940 - omlx.server - INFO - Chat completion: model=Ornith-1.5-35B-A3B-Abliterated-MLX-4bit, 37 tokens in 1.43s (25.9 tok/s), prompt: 339, finish_reason=stop, max_tokens=8192, request_max_tokens=8192
2026-09-08 11:31:40,940 - omlx.patches.mlx_lm_mtp.batch_generator - INFO - MTP singleton recovery: multirow marker cleared (compact cache)
2026-09-08 11:31:44,067 - omlx.scheduler - INFO - Cache phase timings: cleanup_finished_sync=2.5ms/109
2026-09-08 11:31:44,067 - omlx.patches.mlx_lm_mtp.batch_generator - INFO - MTP singleton recovery: multirow marker cleared (compact cache)
2026-09-08 11:31:44,081 - omlx.server - INFO - Chat completion: model=Ornith-1.5-35B-A3B-Abliterated-MLX-4bit, 243 tokens in 3.14s (77.5 tok/s), prompt: 399, finish_reason=stop, max_tokens=8192, request_max_tokens=8192
2026-09-08 11:31:45,921 - omlx.scheduler - INFO - Cache phase timings: cleanup_finished_sync=2.5ms/110
2026-09-08 11:31:45,921 - omlx.patches.mlx_lm_mtp.batch_generator - INFO - MTP singleton recovery: multirow marker cleared (compact cache)
2026-09-08 11:31:46,022 - omlx.server - INFO - Chat completion: model=Ornith-1.5-35B-A3B-Abliterated-MLX-4bit, 117 tokens in 1.93s (60.5 tok/s), prompt: 375, finish_reason=stop, max_tokens=8192, request_max_tokens=8192
2026-09-08 11:31:47,525 - omlx.scheduler - INFO - Cache phase timings: cleanup_finished_sync=2.6ms/111
2026-09-08 11:31:47,525 - omlx.patches.mlx_lm_mtp.batch_generator - INFO - MTP singleton recovery: multirow marker cleared (compact cache)
2026-09-08 11:31:47,627 - omlx.server - INFO - Chat completion: model=Ornith-1.5-35B-A3B-Abliterated-MLX-4bit, 82 tokens in 1.60s (51.3 tok/s), prompt: 426, finish_reason=stop, max_tokens=8192, request_max_tokens=8192
2026-09-08 11:31:48,898 - omlx.scheduler - INFO - Cache phase timings: cleanup_finished_sync=2.6ms/112
2026-09-08 11:31:48,900 - omlx.patches.mlx_lm_mtp.batch_generator - INFO - MTP singleton recovery: multirow marker cleared (compact cache)
2026-09-08 11:31:49,009 - omlx.server - INFO - Chat completion: model=Ornith-1.5-35B-A3B-Abliterated-MLX-4bit, 616 tokens in 8.79s (70.1 tok/s), prompt: 398, finish_reason=stop, max_tokens=8192, request_max_tokens=8192
2026-09-08 11:31:49,133 - omlx.scheduler - INFO - Cache phase timings: cleanup_finished_sync=2.6ms/113
2026-09-08 11:31:49,133 - omlx.server - INFO - Chat completion: model=Ornith-1.5-35B-A3B-Abliterated-MLX-4bit, 81 tokens in 1.50s (54.0 tok/s), prompt: 386, finish_reason=stop, max_tokens=8192, request_max_tokens=8192
2026-09-08 11:31:52,031 - omlx.scheduler - INFO - Cache phase timings: cleanup_finished_sync=2.6ms/114
2026-09-08 11:31:52,031 - omlx.patches.mlx_lm_mtp.batch_generator - INFO - MTP singleton recovery: multirow marker cleared (compact cache)
2026-09-08 11:31:52,139 - omlx.server - INFO - Chat completion: model=Ornith-1.5-35B-A3B-Abliterated-MLX-4bit, 224 tokens in 3.12s (71.7 tok/s), prompt: 413, finish_reason=stop, max_tokens=8192, request_max_tokens=8192
2026-09-08 11:31:55,482 - omlx.scheduler - INFO - Cache phase timings: cleanup_finished_sync=2.7ms/115
2026-09-08 11:31:55,482 - omlx.patches.mlx_lm_mtp.batch_generator - INFO - MTP singleton recovery: multirow marker cleared (compact cache)
2026-09-08 11:31:55,583 - omlx.server - INFO - Chat completion: model=Ornith-1.5-35B-A3B-Abliterated-MLX-4bit, 265 tokens in 3.44s (77.1 tok/s), prompt: 367, finish_reason=stop, max_tokens=8192, request_max_tokens=8192
2026-09-08 11:31:58,924 - omlx.scheduler - INFO - Cache phase timings: cleanup_finished_sync=2.7ms/116
2026-09-08 11:31:58,925 - omlx.server - INFO - Chat completion: model=Ornith-1.5-35B-A3B-Abliterated-MLX-4bit, 269 tokens in 3.34s (80.6 tok/s), prompt: 283, finish_reason=stop, max_tokens=8192, request_max_tokens=8192
2026-09-08 11:31:58,925 - omlx.patches.mlx_lm_mtp.batch_generator - INFO - MTP singleton recovery: multirow marker cleared (compact cache)
2026-09-08 11:32:00,553 - omlx.scheduler - INFO - Cache phase timings: cleanup_finished_sync=2.7ms/117
2026-09-08 11:32:00,553 - omlx.patches.mlx_lm_mtp.batch_generator - INFO - MTP singleton recovery: multirow marker cleared (compact cache)
2026-09-08 11:32:00,568 - omlx.server - INFO - Chat completion: model=Ornith-1.5-35B-A3B-Abliterated-MLX-4bit, 86 tokens in 1.64s (52.6 tok/s), prompt: 419, finish_reason=stop, max_tokens=8192, request_max_tokens=8192
2026-09-08 11:32:03,412 - omlx.scheduler - INFO - Cache phase timings: cleanup_finished_sync=2.7ms/118
2026-09-08 11:32:03,413 - omlx.server - INFO - Chat completion: model=Ornith-1.5-35B-A3B-Abliterated-MLX-4bit, 216 tokens in 2.84s (76.1 tok/s), prompt: 217, finish_reason=stop, max_tokens=8192, request_max_tokens=8192
2026-09-08 11:32:03,413 - omlx.patches.mlx_lm_mtp.batch_generator - INFO - MTP singleton recovery: multirow marker cleared (compact cache)
2026-09-08 11:32:04,573 - omlx.scheduler - INFO - Cache phase timings: cleanup_finished_sync=2.7ms/119
2026-09-08 11:32:04,573 - omlx.server - INFO - Chat completion: model=Ornith-1.5-35B-A3B-Abliterated-MLX-4bit, 47 tokens in 1.15s (40.7 tok/s), prompt: 377, finish_reason=stop, max_tokens=8192, request_max_tokens=8192
2026-09-08 11:32:04,573 - omlx.patches.mlx_lm_mtp.batch_generator - INFO - MTP singleton recovery: multirow marker cleared (compact cache)
2026-09-08 11:32:05,825 - omlx.scheduler - INFO - Cache phase timings: cleanup_finished_sync=2.8ms/120
2026-09-08 11:32:05,825 - omlx.server - INFO - Chat completion: model=Ornith-1.5-35B-A3B-Abliterated-MLX-4bit, 56 tokens in 1.25s (44.9 tok/s), prompt: 383, finish_reason=stop, max_tokens=8192, request_max_tokens=8192
2026-09-08 11:32:05,825 - omlx.patches.mlx_lm_mtp.batch_generator - INFO - MTP singleton recovery: multirow marker cleared (compact cache)
2026-09-08 11:32:08,270 - omlx.scheduler - INFO - Cache phase timings: cleanup_finished_sync=2.8ms/121
2026-09-08 11:32:08,272 - omlx.patches.mlx_lm_mtp.batch_generator - INFO - MTP singleton recovery: multirow marker cleared (compact cache)
2026-09-08 11:32:08,374 - omlx.server - INFO - Chat completion: model=Ornith-1.5-35B-A3B-Abliterated-MLX-4bit, 1457 tokens in 19.23s (75.8 tok/s), prompt: 219, finish_reason=stop, max_tokens=8192, request_max_tokens=8192
2026-09-08 11:32:09,322 - omlx.scheduler - INFO - Cache phase timings: cleanup_finished_sync=2.8ms/122
2026-09-08 11:32:09,322 - omlx.server - INFO - Chat completion: model=Ornith-1.5-35B-A3B-Abliterated-MLX-4bit, 212 tokens in 3.49s (60.7 tok/s), prompt: 595, finish_reason=stop, max_tokens=8192, request_max_tokens=8192
2026-09-08 11:32:09,325 - omlx.patches.mlx_lm_mtp.batch_generator - INFO - MTP singleton recovery: multirow marker cleared (compact cache)
2026-09-08 11:32:11,542 - omlx.scheduler - INFO - Cache phase timings: cleanup_finished_sync=2.8ms/123
2026-09-08 11:32:11,544 - omlx.patches.mlx_lm_mtp.batch_generator - INFO - MTP singleton recovery: multirow marker cleared (compact cache)
2026-09-08 11:32:11,648 - omlx.server - INFO - Chat completion: model=Ornith-1.5-35B-A3B-Abliterated-MLX-4bit, 206 tokens in 3.27s (63.0 tok/s), prompt: 411, finish_reason=stop, max_tokens=8192, request_max_tokens=8192
2026-09-08 11:32:16,363 - omlx.scheduler - INFO - Cache phase timings: cleanup_finished_sync=2.9ms/124
2026-09-08 11:32:16,365 - omlx.patches.mlx_lm_mtp.batch_generator - INFO - MTP singleton recovery: multirow marker cleared (compact cache)
2026-09-08 11:32:16,471 - omlx.server - INFO - Chat completion: model=Ornith-1.5-35B-A3B-Abliterated-MLX-4bit, 586 tokens in 7.15s (82.0 tok/s), prompt: 341, finish_reason=stop, max_tokens=8192, request_max_tokens=8192
2026-09-08 11:32:18,931 - omlx.scheduler - INFO - Cache phase timings: cleanup_finished_sync=2.9ms/125
2026-09-08 11:32:18,932 - omlx.patches.mlx_lm_mtp.batch_generator - INFO - MTP singleton recovery: multirow marker cleared (compact cache)
2026-09-08 11:32:18,946 - omlx.server - INFO - Chat completion: model=Ornith-1.5-35B-A3B-Abliterated-MLX-4bit, 603 tokens in 7.29s (82.7 tok/s), prompt: 226, finish_reason=stop, max_tokens=8192, request_max_tokens=8192
2026-09-08 11:32:20,944 - omlx.scheduler - INFO - Cache phase timings: cleanup_finished_sync=2.9ms/126
2026-09-08 11:32:20,946 - omlx.patches.mlx_lm_mtp.batch_generator - INFO - MTP singleton recovery: multirow marker cleared (compact cache)
2026-09-08 11:32:21,054 - omlx.server - INFO - Chat completion: model=Ornith-1.5-35B-A3B-Abliterated-MLX-4bit, 325 tokens in 4.57s (71.0 tok/s), prompt: 525, finish_reason=stop, max_tokens=8192, request_max_tokens=8192
2026-09-08 11:32:22,075 - omlx.scheduler - INFO - Cache phase timings: cleanup_finished_sync=2.9ms/127
2026-09-08 11:32:22,076 - omlx.server - INFO - Chat completion: model=Ornith-1.5-35B-A3B-Abliterated-MLX-4bit, 36 tokens in 1.02s (35.5 tok/s), prompt: 424, finish_reason=stop, max_tokens=8192, request_max_tokens=8192
2026-09-08 11:32:22,076 - omlx.patches.mlx_lm_mtp.batch_generator - INFO - MTP singleton recovery: multirow marker cleared (compact cache)
2026-09-08 11:32:23,445 - omlx.scheduler - INFO - Cache phase timings: cleanup_finished_sync=3.0ms/128
2026-09-08 11:32:23,447 - omlx.patches.mlx_lm_mtp.batch_generator - INFO - MTP singleton recovery: multirow marker cleared (compact cache)
2026-09-08 11:32:23,460 - omlx.server - INFO - Chat completion: model=Ornith-1.5-35B-A3B-Abliterated-MLX-4bit, 288 tokens in 4.51s (63.9 tok/s), prompt: 459, finish_reason=stop, max_tokens=8192, request_max_tokens=8192
2026-09-08 11:32:25,768 - omlx.scheduler - INFO - Cache phase timings: cleanup_finished_sync=3.0ms/129
2026-09-08 11:32:25,768 - omlx.patches.mlx_lm_mtp.batch_generator - INFO - MTP singleton recovery: multirow marker cleared (compact cache)
2026-09-08 11:32:25,782 - omlx.server - INFO - Chat completion: model=Ornith-1.5-35B-A3B-Abliterated-MLX-4bit, 170 tokens in 2.32s (73.4 tok/s), prompt: 218, finish_reason=stop, max_tokens=8192, request_max_tokens=8192
2026-09-08 11:32:26,023 - omlx.scheduler - INFO - Cache phase timings: cleanup_finished_sync=3.0ms/130
2026-09-08 11:32:26,024 - omlx.server - INFO - Chat completion: model=Ornith-1.5-35B-A3B-Abliterated-MLX-4bit, 282 tokens in 3.94s (71.6 tok/s), prompt: 458, finish_reason=stop, max_tokens=8192, request_max_tokens=8192
2026-09-08 11:32:29,429 - omlx.scheduler - INFO - Cache phase timings: cleanup_finished_sync=3.0ms/131
2026-09-08 11:32:29,430 - omlx.patches.mlx_lm_mtp.batch_generator - INFO - MTP singleton recovery: multirow marker cleared (compact cache)
2026-09-08 11:32:29,531 - omlx.server - INFO - Chat completion: model=Ornith-1.5-35B-A3B-Abliterated-MLX-4bit, 249 tokens in 3.50s (71.1 tok/s), prompt: 212, finish_reason=stop, max_tokens=8192, request_max_tokens=8192
2026-09-08 11:32:30,507 - omlx.scheduler - INFO - Cache phase timings: cleanup_finished_sync=3.1ms/132
2026-09-08 11:32:30,508 - omlx.server - INFO - Chat completion: model=Ornith-1.5-35B-A3B-Abliterated-MLX-4bit, 341 tokens in 4.72s (72.3 tok/s), prompt: 383, finish_reason=stop, max_tokens=8192, request_max_tokens=8192
2026-09-08 11:32:30,510 - omlx.patches.mlx_lm_mtp.batch_generator - INFO - MTP singleton recovery: multirow marker cleared (compact cache)
2026-09-08 11:32:32,195 - omlx.scheduler - INFO - Cache phase timings: cleanup_finished_sync=3.1ms/133
2026-09-08 11:32:32,196 - omlx.server - INFO - Chat completion: model=Ornith-1.5-35B-A3B-Abliterated-MLX-4bit, 165 tokens in 2.66s (62.1 tok/s), prompt: 313, finish_reason=stop, max_tokens=8192, request_max_tokens=8192
2026-09-08 11:32:32,198 - omlx.patches.mlx_lm_mtp.batch_generator - INFO - MTP singleton recovery: multirow marker cleared (compact cache)
2026-09-08 11:32:34,043 - omlx.scheduler - INFO - Cache phase timings: cleanup_finished_sync=3.1ms/134
2026-09-08 11:32:34,043 - omlx.patches.mlx_lm_mtp.batch_generator - INFO - MTP singleton recovery: multirow marker cleared (compact cache)
2026-09-08 11:32:34,057 - omlx.server - INFO - Chat completion: model=Ornith-1.5-35B-A3B-Abliterated-MLX-4bit, 237 tokens in 3.55s (66.8 tok/s), prompt: 236, finish_reason=stop, max_tokens=8192, request_max_tokens=8192
2026-09-08 11:32:35,211 - omlx.scheduler - INFO - Cache phase timings: cleanup_finished_sync=3.1ms/135
2026-09-08 11:32:35,211 - omlx.patches.mlx_lm_mtp.batch_generator - INFO - MTP singleton recovery: multirow marker cleared (compact cache)
2026-09-08 11:32:35,322 - omlx.server - INFO - Chat completion: model=Ornith-1.5-35B-A3B-Abliterated-MLX-4bit, 51 tokens in 1.26s (40.5 tok/s), prompt: 375, finish_reason=stop, max_tokens=8192, request_max_tokens=8192
2026-09-08 11:32:36,905 - omlx.scheduler - INFO - Cache phase timings: cleanup_finished_sync=3.1ms/136
2026-09-08 11:32:36,906 - omlx.server - INFO - Chat completion: model=Ornith-1.5-35B-A3B-Abliterated-MLX-4bit, 296 tokens in 4.71s (62.9 tok/s), prompt: 553, finish_reason=stop, max_tokens=8192, request_max_tokens=8192
2026-09-08 11:32:36,908 - omlx.patches.mlx_lm_mtp.batch_generator - INFO - MTP singleton recovery: multirow marker cleared (compact cache)
2026-09-08 11:32:38,136 - omlx.scheduler - INFO - Cache phase timings: cleanup_finished_sync=3.2ms/137
2026-09-08 11:32:38,136 - omlx.patches.mlx_lm_mtp.batch_generator - INFO - MTP singleton recovery: multirow marker cleared (compact cache)
2026-09-08 11:32:38,246 - omlx.server - INFO - Chat completion: model=Ornith-1.5-35B-A3B-Abliterated-MLX-4bit, 55 tokens in 1.34s (41.1 tok/s), prompt: 415, finish_reason=stop, max_tokens=8192, request_max_tokens=8192
2026-09-08 11:32:41,630 - omlx.scheduler - INFO - Cache phase timings: cleanup_finished_sync=3.2ms/138
2026-09-08 11:32:41,631 - omlx.server - INFO - Chat completion: model=Ornith-1.5-35B-A3B-Abliterated-MLX-4bit, 261 tokens in 3.38s (77.3 tok/s), prompt: 524, finish_reason=stop, max_tokens=8192, request_max_tokens=8192
2026-09-08 11:32:41,631 - omlx.patches.mlx_lm_mtp.batch_generator - INFO - MTP singleton recovery: multirow marker cleared (compact cache)
2026-09-08 11:32:41,726 - omlx.scheduler - INFO - Cache phase timings: cleanup_finished_sync=3.2ms/139
2026-09-08 11:32:41,726 - omlx.server - INFO - Chat completion: model=Ornith-1.5-35B-A3B-Abliterated-MLX-4bit, 459 tokens in 6.40s (71.8 tok/s), prompt: 547, finish_reason=stop, max_tokens=8192, request_max_tokens=8192
2026-09-08 11:32:43,817 - omlx.scheduler - INFO - Cache phase timings: cleanup_finished_sync=3.2ms/140
2026-09-08 11:32:43,818 - omlx.patches.mlx_lm_mtp.batch_generator - INFO - MTP singleton recovery: multirow marker cleared (compact cache)
2026-09-08 11:32:43,832 - omlx.server - INFO - Chat completion: model=Ornith-1.5-35B-A3B-Abliterated-MLX-4bit, 109 tokens in 2.10s (52.0 tok/s), prompt: 335, finish_reason=stop, max_tokens=8192, request_max_tokens=8192
2026-09-08 11:32:46,257 - omlx.scheduler - INFO - Cache phase timings: cleanup_finished_sync=3.3ms/141
2026-09-08 11:32:46,258 - omlx.server - INFO - Chat completion: model=Ornith-1.5-35B-A3B-Abliterated-MLX-4bit, 342 tokens in 4.62s (74.0 tok/s), prompt: 383, finish_reason=stop, max_tokens=8192, request_max_tokens=8192
2026-09-08 11:32:46,260 - omlx.patches.mlx_lm_mtp.batch_generator - INFO - MTP singleton recovery: multirow marker cleared (compact cache)
2026-09-08 11:32:49,160 - omlx.scheduler - INFO - Cache phase timings: cleanup_finished_sync=3.3ms/142
2026-09-08 11:32:49,160 - omlx.server - INFO - Chat completion: model=Ornith-1.5-35B-A3B-Abliterated-MLX-4bit, 224 tokens in 2.90s (77.2 tok/s), prompt: 232, finish_reason=stop, max_tokens=8192, request_max_tokens=8192
2026-09-08 11:32:49,160 - omlx.patches.mlx_lm_mtp.batch_generator - INFO - MTP singleton recovery: multirow marker cleared (compact cache)
2026-09-08 11:32:53,439 - omlx.scheduler - INFO - Cache phase timings: cleanup_finished_sync=3.3ms/143
2026-09-08 11:32:53,439 - omlx.patches.mlx_lm_mtp.batch_generator - INFO - MTP singleton recovery: multirow marker cleared (compact cache)
2026-09-08 11:32:53,541 - omlx.server - INFO - Chat completion: model=Ornith-1.5-35B-A3B-Abliterated-MLX-4bit, 346 tokens in 4.37s (79.1 tok/s), prompt: 419, finish_reason=stop, max_tokens=8192, request_max_tokens=8192
2026-09-08 11:32:55,153 - omlx.scheduler - INFO - Cache phase timings: cleanup_finished_sync=3.3ms/144
2026-09-08 11:32:55,155 - omlx.patches.mlx_lm_mtp.batch_generator - INFO - MTP singleton recovery: multirow marker cleared (compact cache)
2026-09-08 11:32:55,258 - omlx.server - INFO - Chat completion: model=Ornith-1.5-35B-A3B-Abliterated-MLX-4bit, 904 tokens in 11.42s (79.2 tok/s), prompt: 225, finish_reason=stop, max_tokens=8192, request_max_tokens=8192
2026-09-08 11:32:56,663 - omlx.scheduler - INFO - Cache phase timings: cleanup_finished_sync=3.4ms/145
2026-09-08 11:32:56,663 - omlx.server - INFO - Chat completion: model=Ornith-1.5-35B-A3B-Abliterated-MLX-4bit, 187 tokens in 3.11s (60.0 tok/s), prompt: 648, finish_reason=stop, max_tokens=8192, request_max_tokens=8192
2026-09-08 11:32:56,665 - omlx.patches.mlx_lm_mtp.batch_generator - INFO - MTP singleton recovery: multirow marker cleared (compact cache)
2026-09-08 11:32:59,818 - omlx.scheduler - INFO - Cache phase timings: cleanup_finished_sync=3.4ms/146
2026-09-08 11:32:59,820 - omlx.patches.mlx_lm_mtp.batch_generator - INFO - MTP singleton recovery: multirow marker cleared (compact cache)
2026-09-08 11:32:59,834 - omlx.server - INFO - Chat completion: model=Ornith-1.5-35B-A3B-Abliterated-MLX-4bit, 240 tokens in 3.17s (75.8 tok/s), prompt: 423, finish_reason=stop, max_tokens=8192, request_max_tokens=8192
2026-09-08 11:33:02,735 - omlx.scheduler - INFO - Cache phase timings: cleanup_finished_sync=3.4ms/147
2026-09-08 11:33:02,735 - omlx.patches.mlx_lm_mtp.batch_generator - INFO - MTP singleton recovery: multirow marker cleared (compact cache)
2026-09-08 11:33:02,838 - omlx.server - INFO - Chat completion: model=Ornith-1.5-35B-A3B-Abliterated-MLX-4bit, 217 tokens in 3.00s (72.4 tok/s), prompt: 411, finish_reason=stop, max_tokens=8192, request_max_tokens=8192
2026-09-08 11:33:02,946 - omlx.scheduler - INFO - Cache phase timings: cleanup_finished_sync=3.4ms/148
2026-09-08 11:33:02,947 - omlx.server - INFO - Chat completion: model=Ornith-1.5-35B-A3B-Abliterated-MLX-4bit, 597 tokens in 7.68s (77.7 tok/s), prompt: 229, finish_reason=stop, max_tokens=8192, request_max_tokens=8192
2026-09-08 11:33:05,777 - omlx.scheduler - INFO - Cache phase timings: cleanup_finished_sync=3.5ms/149
2026-09-08 11:33:05,777 - omlx.server - INFO - Chat completion: model=Ornith-1.5-35B-A3B-Abliterated-MLX-4bit, 185 tokens in 2.82s (65.5 tok/s), prompt: 377, finish_reason=stop, max_tokens=8192, request_max_tokens=8192
2026-09-08 11:33:05,779 - omlx.patches.mlx_lm_mtp.batch_generator - INFO - MTP singleton recovery: multirow marker cleared (compact cache)
2026-09-08 11:33:06,349 - omlx.scheduler - INFO - Cache phase timings: cleanup_finished_sync=3.5ms/150
2026-09-08 11:33:06,350 - omlx.patches.mlx_lm_mtp.batch_generator - INFO - MTP singleton recovery: multirow marker cleared (compact cache)
2026-09-08 11:33:06,460 - omlx.server - INFO - Chat completion: model=Ornith-1.5-35B-A3B-Abliterated-MLX-4bit, 234 tokens in 3.61s (64.7 tok/s), prompt: 215, finish_reason=stop, max_tokens=8192, request_max_tokens=8192
2026-09-08 11:33:09,600 - omlx.scheduler - INFO - Cache phase timings: cleanup_finished_sync=3.5ms/151
2026-09-08 11:33:09,600 - omlx.server - INFO - Chat completion: model=Ornith-1.5-35B-A3B-Abliterated-MLX-4bit, 271 tokens in 3.82s (70.9 tok/s), prompt: 213, finish_reason=stop, max_tokens=8192, request_max_tokens=8192
2026-09-08 11:33:09,600 - omlx.patches.mlx_lm_mtp.batch_generator - INFO - MTP singleton recovery: multirow marker cleared (compact cache)
2026-09-08 11:33:11,169 - omlx.scheduler - INFO - Cache phase timings: cleanup_finished_sync=3.5ms/152
2026-09-08 11:33:11,169 - omlx.server - INFO - Chat completion: model=Ornith-1.5-35B-A3B-Abliterated-MLX-4bit, 354 tokens in 4.70s (75.3 tok/s), prompt: 384, finish_reason=stop, max_tokens=8192, request_max_tokens=8192
2026-09-08 11:33:11,171 - omlx.patches.mlx_lm_mtp.batch_generator - INFO - MTP singleton recovery: multirow marker cleared (compact cache)
2026-09-08 11:33:12,189 - omlx.scheduler - INFO - Cache phase timings: cleanup_finished_sync=3.6ms/153
2026-09-08 11:33:12,189 - omlx.server - INFO - Chat completion: model=Ornith-1.5-35B-A3B-Abliterated-MLX-4bit, 160 tokens in 2.58s (61.9 tok/s), prompt: 278, finish_reason=stop, max_tokens=8192, request_max_tokens=8192
2026-09-08 11:33:12,191 - omlx.patches.mlx_lm_mtp.batch_generator - INFO - MTP singleton recovery: multirow marker cleared (compact cache)
2026-09-08 11:33:13,080 - omlx.scheduler - INFO - Cache phase timings: cleanup_finished_sync=3.6ms/154
2026-09-08 11:33:13,080 - omlx.patches.mlx_lm_mtp.batch_generator - INFO - MTP singleton recovery: multirow marker cleared (compact cache)
2026-09-08 11:33:13,094 - omlx.server - INFO - Chat completion: model=Ornith-1.5-35B-A3B-Abliterated-MLX-4bit, 30 tokens in 0.90s (33.3 tok/s), prompt: 246, finish_reason=stop, max_tokens=8192, request_max_tokens=8192
2026-09-08 11:33:13,863 - omlx.scheduler - INFO - Cache phase timings: cleanup_finished_sync=3.6ms/155
2026-09-08 11:33:13,863 - omlx.patches.mlx_lm_mtp.batch_generator - INFO - MTP singleton recovery: multirow marker cleared (compact cache)
2026-09-08 11:33:13,878 - omlx.server - INFO - Chat completion: model=Ornith-1.5-35B-A3B-Abliterated-MLX-4bit, 18 tokens in 0.78s (23.1 tok/s), prompt: 278, finish_reason=stop, max_tokens=8192, request_max_tokens=8192
2026-09-08 11:33:15,540 - omlx.scheduler - INFO - Cache phase timings: cleanup_finished_sync=3.6ms/156
2026-09-08 11:33:15,542 - omlx.patches.mlx_lm_mtp.batch_generator - INFO - MTP singleton recovery: multirow marker cleared (compact cache)
2026-09-08 11:33:15,645 - omlx.server - INFO - Chat completion: model=Ornith-1.5-35B-A3B-Abliterated-MLX-4bit, 97 tokens in 1.76s (55.1 tok/s), prompt: 399, finish_reason=stop, max_tokens=8192, request_max_tokens=8192
2026-09-08 11:33:17,858 - omlx.scheduler - INFO - Cache phase timings: cleanup_finished_sync=3.6ms/157
2026-09-08 11:33:17,859 - omlx.server - INFO - Chat completion: model=Ornith-1.5-35B-A3B-Abliterated-MLX-4bit, 152 tokens in 2.21s (68.9 tok/s), prompt: 329, finish_reason=stop, max_tokens=8192, request_max_tokens=8192
2026-09-08 11:33:17,859 - omlx.patches.mlx_lm_mtp.batch_generator - INFO - MTP singleton recovery: multirow marker cleared (compact cache)
2026-09-08 11:33:17,952 - omlx.scheduler - INFO - Cache phase timings: cleanup_finished_sync=3.7ms/158
2026-09-08 11:33:17,953 - omlx.server - INFO - Chat completion: model=Ornith-1.5-35B-A3B-Abliterated-MLX-4bit, 446 tokens in 6.78s (65.8 tok/s), prompt: 235, finish_reason=stop, max_tokens=8192, request_max_tokens=8192
2026-09-08 11:33:19,553 - omlx.scheduler - INFO - Cache phase timings: cleanup_finished_sync=3.7ms/159
2026-09-08 11:33:19,554 - omlx.server - INFO - Chat completion: model=Ornith-1.5-35B-A3B-Abliterated-MLX-4bit, 59 tokens in 1.59s (37.1 tok/s), prompt: 364, finish_reason=stop, max_tokens=8192, request_max_tokens=8192
2026-09-08 11:33:19,554 - omlx.patches.mlx_lm_mtp.batch_generator - INFO - MTP singleton recovery: multirow marker cleared (compact cache)
2026-09-08 11:33:21,221 - omlx.scheduler - INFO - Cache phase timings: cleanup_finished_sync=3.7ms/160
2026-09-08 11:33:21,223 - omlx.patches.mlx_lm_mtp.batch_generator - INFO - MTP singleton recovery: multirow marker cleared (compact cache)
2026-09-08 11:33:21,324 - omlx.server - INFO - Chat completion: model=Ornith-1.5-35B-A3B-Abliterated-MLX-4bit, 91 tokens in 1.76s (51.6 tok/s), prompt: 602, finish_reason=stop, max_tokens=8192, request_max_tokens=8192
2026-09-08 11:33:24,262 - omlx.scheduler - INFO - Cache phase timings: cleanup_finished_sync=3.7ms/161
2026-09-08 11:33:24,262 - omlx.server - INFO - Chat completion: model=Ornith-1.5-35B-A3B-Abliterated-MLX-4bit, 215 tokens in 2.93s (73.3 tok/s), prompt: 411, finish_reason=stop, max_tokens=8192, request_max_tokens=8192
2026-09-08 11:33:24,262 - omlx.patches.mlx_lm_mtp.batch_generator - INFO - MTP singleton recovery: multirow marker cleared (compact cache)
2026-09-08 11:33:25,352 - omlx.scheduler - INFO - Cache phase timings: cleanup_finished_sync=3.7ms/162
2026-09-08 11:33:25,352 - omlx.server - INFO - Chat completion: model=Ornith-1.5-35B-A3B-Abliterated-MLX-4bit, 36 tokens in 1.08s (33.3 tok/s), prompt: 423, finish_reason=stop, max_tokens=8192, request_max_tokens=8192
2026-09-08 11:33:25,353 - omlx.patches.mlx_lm_mtp.batch_generator - INFO - MTP singleton recovery: multirow marker cleared (compact cache)
2026-09-08 11:33:26,483 - omlx.scheduler - INFO - Cache phase timings: cleanup_finished_sync=3.8ms/163
2026-09-08 11:33:26,484 - omlx.patches.mlx_lm_mtp.batch_generator - INFO - MTP singleton recovery: multirow marker cleared (compact cache)
2026-09-08 11:33:26,498 - omlx.server - INFO - Chat completion: model=Ornith-1.5-35B-A3B-Abliterated-MLX-4bit, 547 tokens in 8.63s (63.4 tok/s), prompt: 392, finish_reason=stop, max_tokens=8192, request_max_tokens=8192
2026-09-08 11:33:27,878 - omlx.scheduler - INFO - Cache phase timings: cleanup_finished_sync=3.8ms/164
2026-09-08 11:33:27,878 - omlx.server - INFO - Chat completion: model=Ornith-1.5-35B-A3B-Abliterated-MLX-4bit, 122 tokens in 2.52s (48.5 tok/s), prompt: 567, finish_reason=stop, max_tokens=8192, request_max_tokens=8192
2026-09-08 11:33:27,880 - omlx.patches.mlx_lm_mtp.batch_generator - INFO - MTP singleton recovery: multirow marker cleared (compact cache)
2026-09-08 11:33:28,586 - omlx.scheduler - INFO - Cache phase timings: cleanup_finished_sync=3.8ms/165
2026-09-08 11:33:28,588 - omlx.patches.mlx_lm_mtp.batch_generator - INFO - MTP singleton recovery: multirow marker cleared (compact cache)
2026-09-08 11:33:28,688 - omlx.server - INFO - Chat completion: model=Ornith-1.5-35B-A3B-Abliterated-MLX-4bit, 106 tokens in 2.18s (48.6 tok/s), prompt: 378, finish_reason=stop, max_tokens=8192, request_max_tokens=8192
2026-09-08 11:33:29,460 - omlx.scheduler - INFO - Cache phase timings: cleanup_finished_sync=3.8ms/166
2026-09-08 11:33:29,460 - omlx.server - INFO - Chat completion: model=Ornith-1.5-35B-A3B-Abliterated-MLX-4bit, 51 tokens in 1.58s (32.3 tok/s), prompt: 238, finish_reason=stop, max_tokens=8192, request_max_tokens=8192
2026-09-08 11:33:29,460 - omlx.patches.mlx_lm_mtp.batch_generator - INFO - MTP singleton recovery: multirow marker cleared (compact cache)
2026-09-08 11:33:31,609 - omlx.scheduler - INFO - Cache phase timings: cleanup_finished_sync=3.9ms/167
2026-09-08 11:33:31,611 - omlx.patches.mlx_lm_mtp.batch_generator - INFO - MTP singleton recovery: multirow marker cleared (compact cache)
2026-09-08 11:33:31,712 - omlx.server - INFO - Chat completion: model=Ornith-1.5-35B-A3B-Abliterated-MLX-4bit, 171 tokens in 3.02s (56.7 tok/s), prompt: 480, finish_reason=stop, max_tokens=8192, request_max_tokens=8192
2026-09-08 11:33:33,536 - omlx.scheduler - INFO - Cache phase timings: cleanup_finished_sync=3.9ms/168
2026-09-08 11:33:33,538 - omlx.patches.mlx_lm_mtp.batch_generator - INFO - MTP singleton recovery: multirow marker cleared (compact cache)
2026-09-08 11:33:33,638 - omlx.server - INFO - Chat completion: model=Ornith-1.5-35B-A3B-Abliterated-MLX-4bit, 273 tokens in 4.17s (65.4 tok/s), prompt: 423, finish_reason=stop, max_tokens=8192, request_max_tokens=8192
2026-09-08 11:33:33,719 - omlx.scheduler - INFO - Cache phase timings: cleanup_finished_sync=3.9ms/169
2026-09-08 11:33:33,719 - omlx.server - INFO - Chat completion: model=Ornith-1.5-35B-A3B-Abliterated-MLX-4bit, 116 tokens in 2.00s (58.0 tok/s), prompt: 577, finish_reason=stop, max_tokens=8192, request_max_tokens=8192
2026-09-08 11:33:37,465 - omlx.scheduler - INFO - Cache phase timings: cleanup_finished_sync=3.9ms/170
2026-09-08 11:33:37,466 - omlx.server - INFO - Chat completion: model=Ornith-1.5-35B-A3B-Abliterated-MLX-4bit, 287 tokens in 3.82s (75.1 tok/s), prompt: 596, finish_reason=stop, max_tokens=8192, request_max_tokens=8192
2026-09-08 11:33:37,468 - omlx.patches.mlx_lm_mtp.batch_generator - INFO - MTP singleton recovery: multirow marker cleared (compact cache)
2026-09-08 11:33:40,082 - omlx.scheduler - INFO - Cache phase timings: cleanup_finished_sync=4.0ms/171
2026-09-08 11:33:40,082 - omlx.server - INFO - Chat completion: model=Ornith-1.5-35B-A3B-Abliterated-MLX-4bit, 469 tokens in 6.35s (73.8 tok/s), prompt: 204, finish_reason=stop, max_tokens=8192, request_max_tokens=8192
2026-09-08 11:33:40,084 - omlx.patches.mlx_lm_mtp.batch_generator - INFO - MTP singleton recovery: multirow marker cleared (compact cache)
2026-09-08 11:33:41,233 - omlx.scheduler - INFO - Cache phase timings: cleanup_finished_sync=4.0ms/172
2026-09-08 11:33:41,233 - omlx.server - INFO - Chat completion: model=Ornith-1.5-35B-A3B-Abliterated-MLX-4bit, 252 tokens in 3.76s (67.1 tok/s), prompt: 484, finish_reason=stop, max_tokens=8192, request_max_tokens=8192
2026-09-08 11:33:41,235 - omlx.patches.mlx_lm_mtp.batch_generator - INFO - MTP singleton recovery: multirow marker cleared (compact cache)
2026-09-08 11:33:43,193 - omlx.scheduler - INFO - Cache phase timings: cleanup_finished_sync=4.0ms/173
2026-09-08 11:33:43,193 - omlx.server - INFO - Chat completion: model=Ornith-1.5-35B-A3B-Abliterated-MLX-4bit, 190 tokens in 3.10s (61.2 tok/s), prompt: 524, finish_reason=stop, max_tokens=8192, request_max_tokens=8192
2026-09-08 11:33:43,196 - omlx.patches.mlx_lm_mtp.batch_generator - INFO - MTP singleton recovery: multirow marker cleared (compact cache)
2026-09-08 11:33:44,478 - omlx.scheduler - INFO - Cache phase timings: cleanup_finished_sync=4.0ms/174
2026-09-08 11:33:44,479 - omlx.server - INFO - Chat completion: model=Ornith-1.5-35B-A3B-Abliterated-MLX-4bit, 53 tokens in 1.28s (41.4 tok/s), prompt: 574, finish_reason=stop, max_tokens=8192, request_max_tokens=8192
2026-09-08 11:33:44,481 - omlx.patches.mlx_lm_mtp.batch_generator - INFO - MTP singleton recovery: multirow marker cleared (compact cache)
2026-09-08 11:33:44,651 - omlx.scheduler - INFO - Cache phase timings: cleanup_finished_sync=4.0ms/175
2026-09-08 11:33:44,652 - omlx.server - INFO - Chat completion: model=Ornith-1.5-35B-A3B-Abliterated-MLX-4bit, 212 tokens in 3.41s (62.2 tok/s), prompt: 420, finish_reason=stop, max_tokens=8192, request_max_tokens=8192
2026-09-08 11:33:47,168 - omlx.scheduler - INFO - Cache phase timings: cleanup_finished_sync=4.1ms/176
2026-09-08 11:33:47,168 - omlx.server - INFO - Chat completion: model=Ornith-1.5-35B-A3B-Abliterated-MLX-4bit, 162 tokens in 2.68s (60.4 tok/s), prompt: 428, finish_reason=stop, max_tokens=8192, request_max_tokens=8192
2026-09-08 11:33:47,168 - omlx.patches.mlx_lm_mtp.batch_generator - INFO - MTP singleton recovery: multirow marker cleared (compact cache)
2026-09-08 11:33:50,189 - omlx.scheduler - INFO - Cache phase timings: cleanup_finished_sync=4.1ms/177
2026-09-08 11:33:50,189 - omlx.server - INFO - Chat completion: model=Ornith-1.5-35B-A3B-Abliterated-MLX-4bit, 370 tokens in 5.52s (67.0 tok/s), prompt: 566, finish_reason=stop, max_tokens=8192, request_max_tokens=8192
2026-09-08 11:33:50,192 - omlx.patches.mlx_lm_mtp.batch_generator - INFO - MTP singleton recovery: multirow marker cleared (compact cache)
2026-09-08 11:33:51,477 - omlx.scheduler - INFO - Cache phase timings: cleanup_finished_sync=4.1ms/178
2026-09-08 11:33:51,479 - omlx.patches.mlx_lm_mtp.batch_generator - INFO - MTP singleton recovery: multirow marker cleared (compact cache)
2026-09-08 11:33:51,579 - omlx.server - INFO - Chat completion: model=Ornith-1.5-35B-A3B-Abliterated-MLX-4bit, 288 tokens in 4.40s (65.5 tok/s), prompt: 716, finish_reason=stop, max_tokens=8192, request_max_tokens=8192
2026-09-08 11:33:53,573 - omlx.scheduler - INFO - Cache phase timings: cleanup_finished_sync=4.1ms/179
2026-09-08 11:33:53,573 - omlx.server - INFO - Chat completion: model=Ornith-1.5-35B-A3B-Abliterated-MLX-4bit, 214 tokens in 3.37s (63.4 tok/s), prompt: 574, finish_reason=stop, max_tokens=8192, request_max_tokens=8192
2026-09-08 11:33:53,575 - omlx.patches.mlx_lm_mtp.batch_generator - INFO - MTP singleton recovery: multirow marker cleared (compact cache)
2026-09-08 11:33:54,896 - omlx.scheduler - INFO - Cache phase timings: cleanup_finished_sync=4.2ms/180
2026-09-08 11:33:54,898 - omlx.patches.mlx_lm_mtp.batch_generator - INFO - MTP singleton recovery: multirow marker cleared (compact cache)
2026-09-08 11:33:55,001 - omlx.server - INFO - Chat completion: model=Ornith-1.5-35B-A3B-Abliterated-MLX-4bit, 57 tokens in 1.42s (40.2 tok/s), prompt: 566, finish_reason=stop, max_tokens=8192, request_max_tokens=8192
2026-09-08 11:33:58,968 - omlx.scheduler - INFO - Cache phase timings: cleanup_finished_sync=4.2ms/181
2026-09-08 11:33:58,969 - omlx.server - INFO - Chat completion: model=Ornith-1.5-35B-A3B-Abliterated-MLX-4bit, 300 tokens in 3.96s (75.8 tok/s), prompt: 686, finish_reason=stop, max_tokens=8192, request_max_tokens=8192
2026-09-08 11:33:58,971 - omlx.patches.mlx_lm_mtp.batch_generator - INFO - MTP singleton recovery: multirow marker cleared (compact cache)
2026-09-08 11:34:01,048 - omlx.scheduler - INFO - Cache phase timings: cleanup_finished_sync=4.2ms/182
2026-09-08 11:34:01,048 - omlx.patches.mlx_lm_mtp.batch_generator - INFO - MTP singleton recovery: multirow marker cleared (compact cache)
2026-09-08 11:34:01,150 - omlx.server - INFO - Chat completion: model=Ornith-1.5-35B-A3B-Abliterated-MLX-4bit, 121 tokens in 2.17s (55.7 tok/s), prompt: 588, finish_reason=stop, max_tokens=8192, request_max_tokens=8192
2026-09-08 11:34:01,206 - omlx.scheduler - INFO - Cache phase timings: cleanup_finished_sync=4.2ms/183
2026-09-08 11:34:01,207 - omlx.server - INFO - Chat completion: model=Ornith-1.5-35B-A3B-Abliterated-MLX-4bit, 694 tokens in 9.62s (72.2 tok/s), prompt: 389, finish_reason=stop, max_tokens=8192, request_max_tokens=8192
2026-09-08 11:34:04,666 - omlx.scheduler - INFO - Cache phase timings: cleanup_finished_sync=4.3ms/184
2026-09-08 11:34:04,668 - omlx.patches.mlx_lm_mtp.batch_generator - INFO - MTP singleton recovery: multirow marker cleared (compact cache)
2026-09-08 11:34:04,770 - omlx.server - INFO - Chat completion: model=Ornith-1.5-35B-A3B-Abliterated-MLX-4bit, 254 tokens in 3.61s (70.3 tok/s), prompt: 504, finish_reason=stop, max_tokens=8192, request_max_tokens=8192
2026-09-08 11:34:07,864 - omlx.scheduler - INFO - Cache phase timings: cleanup_finished_sync=4.3ms/185
2026-09-08 11:34:07,864 - omlx.server - INFO - Chat completion: model=Ornith-1.5-35B-A3B-Abliterated-MLX-4bit, 501 tokens in 6.65s (75.4 tok/s), prompt: 389, finish_reason=stop, max_tokens=8192, request_max_tokens=8192
2026-09-08 11:34:07,868 - omlx.patches.mlx_lm_mtp.batch_generator - INFO - MTP singleton recovery: multirow marker cleared (compact cache)
2026-09-08 11:34:08,955 - omlx.scheduler - INFO - Cache phase timings: cleanup_finished_sync=4.3ms/186
2026-09-08 11:34:08,955 - omlx.server - INFO - Chat completion: model=Ornith-1.5-35B-A3B-Abliterated-MLX-4bit, 309 tokens in 4.18s (74.0 tok/s), prompt: 258, finish_reason=stop, max_tokens=8192, request_max_tokens=8192
2026-09-08 11:34:08,957 - omlx.patches.mlx_lm_mtp.batch_generator - INFO - MTP singleton recovery: multirow marker cleared (compact cache)
2026-09-08 11:34:09,909 - omlx.scheduler - INFO - Cache phase timings: cleanup_finished_sync=4.3ms/187
2026-09-08 11:34:09,909 - omlx.patches.mlx_lm_mtp.batch_generator - INFO - MTP singleton recovery: multirow marker cleared (compact cache)
2026-09-08 11:34:10,009 - omlx.server - INFO - Chat completion: model=Ornith-1.5-35B-A3B-Abliterated-MLX-4bit, 86 tokens in 2.14s (40.2 tok/s), prompt: 425, finish_reason=stop, max_tokens=8192, request_max_tokens=8192
2026-09-08 11:34:10,891 - omlx.scheduler - INFO - Cache phase timings: cleanup_finished_sync=4.4ms/188
2026-09-08 11:34:10,891 - omlx.server - INFO - Chat completion: model=Ornith-1.5-35B-A3B-Abliterated-MLX-4bit, 79 tokens in 1.93s (41.0 tok/s), prompt: 601, finish_reason=stop, max_tokens=8192, request_max_tokens=8192
2026-09-08 11:34:10,893 - omlx.patches.mlx_lm_mtp.batch_generator - INFO - MTP singleton recovery: multirow marker cleared (compact cache)
2026-09-08 11:34:11,059 - omlx.scheduler - INFO - Cache phase timings: cleanup_finished_sync=4.4ms/189
2026-09-08 11:34:11,060 - omlx.server - INFO - Chat completion: model=Ornith-1.5-35B-A3B-Abliterated-MLX-4bit, 41 tokens in 1.04s (39.3 tok/s), prompt: 313, finish_reason=stop, max_tokens=8192, request_max_tokens=8192
2026-09-08 11:34:12,079 - omlx.scheduler - INFO - Cache phase timings: cleanup_finished_sync=4.4ms/190
2026-09-08 11:34:12,081 - omlx.patches.mlx_lm_mtp.batch_generator - INFO - MTP singleton recovery: multirow marker cleared (compact cache)
2026-09-08 11:34:12,094 - omlx.server - INFO - Chat completion: model=Ornith-1.5-35B-A3B-Abliterated-MLX-4bit, 33 tokens in 1.20s (27.5 tok/s), prompt: 374, finish_reason=stop, max_tokens=8192, request_max_tokens=8192
2026-09-08 11:34:13,645 - omlx.scheduler - INFO - Cache phase timings: cleanup_finished_sync=4.4ms/191
2026-09-08 11:34:13,646 - omlx.server - INFO - Chat completion: model=Ornith-1.5-35B-A3B-Abliterated-MLX-4bit, 109 tokens in 2.58s (42.3 tok/s), prompt: 335, finish_reason=stop, max_tokens=8192, request_max_tokens=8192
2026-09-08 11:34:13,646 - omlx.patches.mlx_lm_mtp.batch_generator - INFO - MTP singleton recovery: multirow marker cleared (compact cache)
2026-09-08 11:34:15,162 - omlx.scheduler - INFO - Cache phase timings: cleanup_finished_sync=4.5ms/192
2026-09-08 11:34:15,164 - omlx.patches.mlx_lm_mtp.batch_generator - INFO - MTP singleton recovery: multirow marker cleared (compact cache)
2026-09-08 11:34:15,268 - omlx.server - INFO - Chat completion: model=Ornith-1.5-35B-A3B-Abliterated-MLX-4bit, 175 tokens in 3.17s (55.3 tok/s), prompt: 584, finish_reason=stop, max_tokens=8192, request_max_tokens=8192
2026-09-08 11:34:16,990 - omlx.scheduler - INFO - Cache phase timings: cleanup_finished_sync=4.5ms/193
2026-09-08 11:34:16,990 - omlx.server - INFO - Chat completion: model=Ornith-1.5-35B-A3B-Abliterated-MLX-4bit, 216 tokens in 3.34s (64.7 tok/s), prompt: 595, finish_reason=stop, max_tokens=8192, request_max_tokens=8192
2026-09-08 11:34:16,992 - omlx.patches.mlx_lm_mtp.batch_generator - INFO - MTP singleton recovery: multirow marker cleared (compact cache)
2026-09-08 11:34:19,797 - omlx.scheduler - INFO - Cache phase timings: cleanup_finished_sync=4.5ms/194
2026-09-08 11:34:19,799 - omlx.patches.mlx_lm_mtp.batch_generator - INFO - MTP singleton recovery: multirow marker cleared (compact cache)
2026-09-08 11:34:19,901 - omlx.server - INFO - Chat completion: model=Ornith-1.5-35B-A3B-Abliterated-MLX-4bit, 200 tokens in 2.90s (68.9 tok/s), prompt: 590, finish_reason=stop, max_tokens=8192, request_max_tokens=8192
2026-09-08 11:34:20,946 - omlx.scheduler - INFO - Cache phase timings: cleanup_finished_sync=4.5ms/195
2026-09-08 11:34:20,947 - omlx.patches.mlx_lm_mtp.batch_generator - INFO - MTP singleton recovery: multirow marker cleared (compact cache)
2026-09-08 11:34:20,961 - omlx.server - INFO - Chat completion: model=Ornith-1.5-35B-A3B-Abliterated-MLX-4bit, 394 tokens in 5.69s (69.3 tok/s), prompt: 225, finish_reason=stop, max_tokens=8192, request_max_tokens=8192
2026-09-08 11:34:22,282 - omlx.scheduler - INFO - Cache phase timings: cleanup_finished_sync=4.5ms/196
2026-09-08 11:34:22,282 - omlx.patches.mlx_lm_mtp.batch_generator - INFO - MTP singleton recovery: multirow marker cleared (compact cache)
2026-09-08 11:34:22,340 - omlx.scheduler - INFO - Cache phase timings: cleanup_finished_sync=4.6ms/197
2026-09-08 11:34:22,340 - omlx.server - INFO - Chat completion: model=Ornith-1.5-35B-A3B-Abliterated-MLX-4bit, 65 tokens in 1.37s (47.3 tok/s), prompt: 411, finish_reason=stop, max_tokens=8192, request_max_tokens=8192
2026-09-08 11:34:22,340 - omlx.server - INFO - Chat completion: model=Ornith-1.5-35B-A3B-Abliterated-MLX-4bit, 123 tokens in 2.43s (50.6 tok/s), prompt: 589, finish_reason=stop, max_tokens=8192, request_max_tokens=8192
2026-09-08 11:34:23,644 - omlx.scheduler - INFO - Cache phase timings: cleanup_finished_sync=4.6ms/198
2026-09-08 11:34:23,646 - omlx.patches.mlx_lm_mtp.batch_generator - INFO - MTP singleton recovery: multirow marker cleared (compact cache)
2026-09-08 11:34:23,660 - omlx.server - INFO - Chat completion: model=Ornith-1.5-35B-A3B-Abliterated-MLX-4bit, 49 tokens in 1.31s (37.3 tok/s), prompt: 438, finish_reason=stop, max_tokens=8192, request_max_tokens=8192
2026-09-08 11:34:23,679 - omlx.scheduler - INFO - Cache phase timings: cleanup_finished_sync=4.7ms/199
2026-09-08 11:34:23,680 - omlx.server - INFO - Chat completion: model=Ornith-1.5-35B-A3B-Abliterated-MLX-4bit, 52 tokens in 1.33s (39.0 tok/s), prompt: 376, finish_reason=stop, max_tokens=8192, request_max_tokens=8192
2026-09-08 11:34:25,772 - omlx.scheduler - INFO - Cache phase timings: cleanup_finished_sync=4.7ms/200
2026-09-08 11:34:25,772 - omlx.patches.mlx_lm_mtp.batch_generator - INFO - MTP singleton recovery: multirow marker cleared (compact cache)
2026-09-08 11:34:25,786 - omlx.server - INFO - Chat completion: model=Ornith-1.5-35B-A3B-Abliterated-MLX-4bit, 100 tokens in 2.10s (47.7 tok/s), prompt: 441, finish_reason=stop, max_tokens=8192, request_max_tokens=8192
2026-09-08 11:34:27,593 - omlx.scheduler - INFO - Cache phase timings: cleanup_finished_sync=4.7ms/201
2026-09-08 11:34:27,593 - omlx.patches.mlx_lm_mtp.batch_generator - INFO - MTP singleton recovery: multirow marker cleared (compact cache)
2026-09-08 11:34:27,650 - omlx.scheduler - INFO - Cache phase timings: cleanup_finished_sync=4.7ms/202
2026-09-08 11:34:27,650 - omlx.server - INFO - Chat completion: model=Ornith-1.5-35B-A3B-Abliterated-MLX-4bit, 253 tokens in 3.98s (63.5 tok/s), prompt: 428, finish_reason=stop, max_tokens=8192, request_max_tokens=8192
2026-09-08 11:34:27,651 - omlx.server - INFO - Chat completion: model=Ornith-1.5-35B-A3B-Abliterated-MLX-4bit, 109 tokens in 1.86s (58.7 tok/s), prompt: 588, finish_reason=stop, max_tokens=8192, request_max_tokens=8192
2026-09-08 11:34:31,109 - omlx.scheduler - INFO - Cache phase timings: cleanup_finished_sync=4.8ms/203
2026-09-08 11:34:31,110 - omlx.server - INFO - Chat completion: model=Ornith-1.5-35B-A3B-Abliterated-MLX-4bit, 246 tokens in 3.45s (71.2 tok/s), prompt: 411, finish_reason=stop, max_tokens=8192, request_max_tokens=8192
2026-09-08 11:34:31,110 - omlx.patches.mlx_lm_mtp.batch_generator - INFO - MTP singleton recovery: multirow marker cleared (compact cache)
2026-09-08 11:34:32,788 - omlx.scheduler - INFO - Cache phase timings: cleanup_finished_sync=4.8ms/204
2026-09-08 11:34:32,788 - omlx.patches.mlx_lm_mtp.batch_generator - INFO - MTP singleton recovery: multirow marker cleared (compact cache)
2026-09-08 11:34:32,804 - omlx.server - INFO - Chat completion: model=Ornith-1.5-35B-A3B-Abliterated-MLX-4bit, 90 tokens in 1.69s (53.3 tok/s), prompt: 566, finish_reason=stop, max_tokens=8192, request_max_tokens=8192
2026-09-08 11:34:34,077 - omlx.scheduler - INFO - Cache phase timings: cleanup_finished_sync=4.8ms/205
2026-09-08 11:34:34,079 - omlx.patches.mlx_lm_mtp.batch_generator - INFO - MTP singleton recovery: multirow marker cleared (compact cache)
2026-09-08 11:34:34,092 - omlx.server - INFO - Chat completion: model=Ornith-1.5-35B-A3B-Abliterated-MLX-4bit, 436 tokens in 6.44s (67.7 tok/s), prompt: 686, finish_reason=stop, max_tokens=8192, request_max_tokens=8192
2026-09-08 11:34:34,245 - omlx.scheduler - INFO - Cache phase timings: cleanup_finished_sync=4.8ms/206
2026-09-08 11:34:34,246 - omlx.server - INFO - Chat completion: model=Ornith-1.5-35B-A3B-Abliterated-MLX-4bit, 71 tokens in 1.43s (49.5 tok/s), prompt: 431, finish_reason=stop, max_tokens=8192, request_max_tokens=8192
2026-09-08 11:34:36,837 - omlx.scheduler - INFO - Cache phase timings: cleanup_finished_sync=4.9ms/207
2026-09-08 11:34:36,838 - omlx.server - INFO - Chat completion: model=Ornith-1.5-35B-A3B-Abliterated-MLX-4bit, 184 tokens in 2.74s (67.2 tok/s), prompt: 273, finish_reason=stop, max_tokens=8192, request_max_tokens=8192
2026-09-08 11:34:36,839 - omlx.patches.mlx_lm_mtp.batch_generator - INFO - MTP singleton recovery: multirow marker cleared (compact cache)
2026-09-08 11:34:38,250 - omlx.scheduler - INFO - Cache phase timings: cleanup_finished_sync=4.9ms/208
2026-09-08 11:34:38,251 - omlx.patches.mlx_lm_mtp.batch_generator - INFO - MTP singleton recovery: multirow marker cleared (compact cache)
2026-09-08 11:34:38,351 - omlx.server - INFO - Chat completion: model=Ornith-1.5-35B-A3B-Abliterated-MLX-4bit, 254 tokens in 4.10s (62.0 tok/s), prompt: 458, finish_reason=stop, max_tokens=8192, request_max_tokens=8192
2026-09-08 11:34:41,280 - omlx.scheduler - INFO - Cache phase timings: cleanup_finished_sync=4.9ms/209
2026-09-08 11:34:41,282 - omlx.patches.mlx_lm_mtp.batch_generator - INFO - MTP singleton recovery: multirow marker cleared (compact cache)
2026-09-08 11:34:41,296 - omlx.server - INFO - Chat completion: model=Ornith-1.5-35B-A3B-Abliterated-MLX-4bit, 216 tokens in 2.94s (73.5 tok/s), prompt: 567, finish_reason=stop, max_tokens=8192, request_max_tokens=8192
2026-09-08 11:34:42,092 - omlx.scheduler - INFO - Cache phase timings: cleanup_finished_sync=4.9ms/210
2026-09-08 11:34:42,094 - omlx.patches.mlx_lm_mtp.batch_generator - INFO - MTP singleton recovery: multirow marker cleared (compact cache)
2026-09-08 11:34:42,203 - omlx.server - INFO - Chat completion: model=Ornith-1.5-35B-A3B-Abliterated-MLX-4bit, 361 tokens in 5.36s (67.4 tok/s), prompt: 393, finish_reason=stop, max_tokens=8192, request_max_tokens=8192
2026-09-08 11:34:46,410 - omlx.scheduler - INFO - Cache phase timings: cleanup_finished_sync=4.9ms/211
2026-09-08 11:34:46,410 - omlx.server - INFO - Chat completion: model=Ornith-1.5-35B-A3B-Abliterated-MLX-4bit, 341 tokens in 4.20s (81.1 tok/s), prompt: 402, finish_reason=stop, max_tokens=8192, request_max_tokens=8192
2026-09-08 11:34:46,410 - omlx.patches.mlx_lm_mtp.batch_generator - INFO - MTP singleton recovery: multirow marker cleared (compact cache)
2026-09-08 11:34:51,426 - omlx.scheduler - INFO - Cache phase timings: cleanup_finished_sync=5.0ms/212
2026-09-08 11:34:51,427 - omlx.server - INFO - Chat completion: model=Ornith-1.5-35B-A3B-Abliterated-MLX-4bit, 820 tokens in 10.12s (81.0 tok/s), prompt: 368, finish_reason=stop, max_tokens=8192, request_max_tokens=8192
2026-09-08 11:34:51,429 - omlx.patches.mlx_lm_mtp.batch_generator - INFO - MTP singleton recovery: multirow marker cleared (compact cache)
2026-09-08 11:34:58,444 - omlx.scheduler - INFO - Cache phase timings: cleanup_finished_sync=5.0ms/213
2026-09-08 11:34:58,445 - omlx.patches.mlx_lm_mtp.batch_generator - INFO - MTP singleton recovery: multirow marker cleared (compact cache)
2026-09-08 11:34:58,460 - omlx.server - INFO - Chat completion: model=Ornith-1.5-35B-A3B-Abliterated-MLX-4bit, 590 tokens in 7.02s (84.0 tok/s), prompt: 390, finish_reason=stop, max_tokens=8192, request_max_tokens=8192
2026-09-08 11:35:00,481 - omlx.scheduler - INFO - Cache phase timings: cleanup_finished_sync=5.0ms/214
2026-09-08 11:35:00,483 - omlx.patches.mlx_lm_mtp.batch_generator - INFO - MTP singleton recovery: multirow marker cleared (compact cache)
2026-09-08 11:35:00,497 - omlx.server - INFO - Chat completion: model=Ornith-1.5-35B-A3B-Abliterated-MLX-4bit, 1165 tokens in 14.08s (82.7 tok/s), prompt: 384, finish_reason=stop, max_tokens=8192, request_max_tokens=8192
2026-09-08 11:35:01,776 - omlx.scheduler - INFO - Cache phase timings: cleanup_finished_sync=5.0ms/215
2026-09-08 11:35:01,776 - omlx.patches.mlx_lm_mtp.batch_generator - INFO - MTP singleton recovery: multirow marker cleared (compact cache)
2026-09-08 11:35:01,790 - omlx.server - INFO - Chat completion: model=Ornith-1.5-35B-A3B-Abliterated-MLX-4bit, 204 tokens in 3.32s (61.4 tok/s), prompt: 294, finish_reason=stop, max_tokens=8192, request_max_tokens=8192
2026-09-08 11:35:03,309 - omlx.scheduler - INFO - Cache phase timings: cleanup_finished_sync=5.1ms/216
2026-09-08 11:35:03,310 - omlx.server - INFO - Chat completion: model=Ornith-1.5-35B-A3B-Abliterated-MLX-4bit, 174 tokens in 2.80s (62.0 tok/s), prompt: 480, finish_reason=stop, max_tokens=8192, request_max_tokens=8192
2026-09-08 11:35:03,312 - omlx.patches.mlx_lm_mtp.batch_generator - INFO - MTP singleton recovery: multirow marker cleared (compact cache)
2026-09-08 11:35:05,430 - omlx.scheduler - INFO - Cache phase timings: cleanup_finished_sync=5.1ms/217
2026-09-08 11:35:05,431 - omlx.server - INFO - Chat completion: model=Ornith-1.5-35B-A3B-Abliterated-MLX-4bit, 253 tokens in 3.63s (69.6 tok/s), prompt: 232, finish_reason=stop, max_tokens=8192, request_max_tokens=8192
2026-09-08 11:35:05,431 - omlx.patches.mlx_lm_mtp.batch_generator - INFO - MTP singleton recovery: multirow marker cleared (compact cache)
2026-09-08 11:35:08,041 - omlx.scheduler - INFO - Cache phase timings: cleanup_finished_sync=5.1ms/218
2026-09-08 11:35:08,041 - omlx.server - INFO - Chat completion: model=Ornith-1.5-35B-A3B-Abliterated-MLX-4bit, 334 tokens in 4.73s (70.6 tok/s), prompt: 383, finish_reason=stop, max_tokens=8192, request_max_tokens=8192
2026-09-08 11:35:08,041 - omlx.patches.mlx_lm_mtp.batch_generator - INFO - MTP singleton recovery: multirow marker cleared (compact cache)
2026-09-08 11:35:10,213 - omlx.scheduler - INFO - Cache phase timings: cleanup_finished_sync=5.1ms/219
2026-09-08 11:35:10,214 - omlx.server - INFO - Chat completion: model=Ornith-1.5-35B-A3B-Abliterated-MLX-4bit, 347 tokens in 4.78s (72.7 tok/s), prompt: 672, finish_reason=stop, max_tokens=8192, request_max_tokens=8192
2026-09-08 11:35:10,216 - omlx.patches.mlx_lm_mtp.batch_generator - INFO - MTP singleton recovery: multirow marker cleared (compact cache)
2026-09-08 11:35:13,591 - omlx.scheduler - INFO - Cache phase timings: cleanup_finished_sync=5.2ms/220
2026-09-08 11:35:13,591 - omlx.server - INFO - Chat completion: model=Ornith-1.5-35B-A3B-Abliterated-MLX-4bit, 269 tokens in 3.37s (79.7 tok/s), prompt: 256, finish_reason=stop, max_tokens=8192, request_max_tokens=8192
2026-09-08 11:35:13,591 - omlx.patches.mlx_lm_mtp.batch_generator - INFO - MTP singleton recovery: multirow marker cleared (compact cache)
2026-09-08 11:35:14,355 - omlx.scheduler - INFO - Cache phase timings: cleanup_finished_sync=5.2ms/221
2026-09-08 11:35:14,355 - omlx.server - INFO - Chat completion: model=Ornith-1.5-35B-A3B-Abliterated-MLX-4bit, 468 tokens in 6.31s (74.2 tok/s), prompt: 240, finish_reason=stop, max_tokens=8192, request_max_tokens=8192
2026-09-08 11:35:14,357 - omlx.patches.mlx_lm_mtp.batch_generator - INFO - MTP singleton recovery: multirow marker cleared (compact cache)
2026-09-08 11:35:15,782 - omlx.scheduler - INFO - Cache phase timings: cleanup_finished_sync=5.2ms/222
2026-09-08 11:35:15,782 - omlx.server - INFO - Chat completion: model=Ornith-1.5-35B-A3B-Abliterated-MLX-4bit, 107 tokens in 2.18s (49.0 tok/s), prompt: 577, finish_reason=stop, max_tokens=8192, request_max_tokens=8192
2026-09-08 11:35:15,784 - omlx.patches.mlx_lm_mtp.batch_generator - INFO - MTP singleton recovery: multirow marker cleared (compact cache)
2026-09-08 11:35:18,648 - omlx.scheduler - INFO - Cache phase timings: cleanup_finished_sync=5.2ms/223
2026-09-08 11:35:18,648 - omlx.patches.mlx_lm_mtp.batch_generator - INFO - MTP singleton recovery: multirow marker cleared (compact cache)
2026-09-08 11:35:18,662 - omlx.server - INFO - Chat completion: model=Ornith-1.5-35B-A3B-Abliterated-MLX-4bit, 318 tokens in 4.30s (73.9 tok/s), prompt: 265, finish_reason=stop, max_tokens=8192, request_max_tokens=8192
2026-09-08 11:35:18,743 - omlx.scheduler - INFO - Cache phase timings: cleanup_finished_sync=5.2ms/224
2026-09-08 11:35:18,744 - omlx.server - INFO - Chat completion: model=Ornith-1.5-35B-A3B-Abliterated-MLX-4bit, 223 tokens in 2.95s (75.5 tok/s), prompt: 376, finish_reason=stop, max_tokens=8192, request_max_tokens=8192
2026-09-08 11:35:21,185 - omlx.scheduler - INFO - Cache phase timings: cleanup_finished_sync=5.3ms/225
2026-09-08 11:35:21,186 - omlx.patches.mlx_lm_mtp.batch_generator - INFO - MTP singleton recovery: multirow marker cleared (compact cache)
2026-09-08 11:35:21,296 - omlx.server - INFO - Chat completion: model=Ornith-1.5-35B-A3B-Abliterated-MLX-4bit, 121 tokens in 2.54s (47.6 tok/s), prompt: 587, finish_reason=stop, max_tokens=8192, request_max_tokens=8192
2026-09-08 11:35:22,279 - omlx.scheduler - INFO - Cache phase timings: cleanup_finished_sync=5.3ms/226
2026-09-08 11:35:22,279 - omlx.server - INFO - Chat completion: model=Ornith-1.5-35B-A3B-Abliterated-MLX-4bit, 214 tokens in 3.61s (59.3 tok/s), prompt: 574, finish_reason=stop, max_tokens=8192, request_max_tokens=8192
2026-09-08 11:35:22,281 - omlx.patches.mlx_lm_mtp.batch_generator - INFO - MTP singleton recovery: multirow marker cleared (compact cache)
2026-09-08 11:35:23,158 - omlx.scheduler - INFO - Cache phase timings: cleanup_finished_sync=5.3ms/227
2026-09-08 11:35:23,158 - omlx.server - INFO - Chat completion: model=Ornith-1.5-35B-A3B-Abliterated-MLX-4bit, 30 tokens in 0.88s (34.3 tok/s), prompt: 246, finish_reason=stop, max_tokens=8192, request_max_tokens=8192
2026-09-08 11:35:23,158 - omlx.patches.mlx_lm_mtp.batch_generator - INFO - MTP singleton recovery: multirow marker cleared (compact cache)
2026-09-08 11:35:24,089 - omlx.scheduler - INFO - Cache phase timings: cleanup_finished_sync=5.3ms/228
2026-09-08 11:35:24,091 - omlx.patches.mlx_lm_mtp.batch_generator - INFO - MTP singleton recovery: multirow marker cleared (compact cache)
2026-09-08 11:35:24,104 - omlx.server - INFO - Chat completion: model=Ornith-1.5-35B-A3B-Abliterated-MLX-4bit, 139 tokens in 2.80s (49.6 tok/s), prompt: 329, finish_reason=stop, max_tokens=8192, request_max_tokens=8192
2026-09-08 11:35:26,851 - omlx.scheduler - INFO - Cache phase timings: cleanup_finished_sync=5.4ms/229
2026-09-08 11:35:26,853 - omlx.server - INFO - Chat completion: model=Ornith-1.5-35B-A3B-Abliterated-MLX-4bit, 209 tokens in 2.74s (76.2 tok/s), prompt: 265, finish_reason=stop, max_tokens=8192, request_max_tokens=8192
2026-09-08 11:35:26,854 - omlx.patches.mlx_lm_mtp.batch_generator - INFO - MTP singleton recovery: multirow marker cleared (compact cache)
2026-09-08 11:35:28,085 - omlx.scheduler - INFO - Cache phase timings: cleanup_finished_sync=5.4ms/230
2026-09-08 11:35:28,086 - omlx.patches.mlx_lm_mtp.batch_generator - INFO - MTP singleton recovery: multirow marker cleared (compact cache)
2026-09-08 11:35:28,187 - omlx.server - INFO - Chat completion: model=Ornith-1.5-35B-A3B-Abliterated-MLX-4bit, 56 tokens in 1.33s (42.2 tok/s), prompt: 427, finish_reason=stop, max_tokens=8192, request_max_tokens=8192
2026-09-08 11:35:29,329 - omlx.scheduler - INFO - Cache phase timings: cleanup_finished_sync=5.4ms/231
2026-09-08 11:35:29,329 - omlx.server - INFO - Chat completion: model=Ornith-1.5-35B-A3B-Abliterated-MLX-4bit, 50 tokens in 1.14s (44.0 tok/s), prompt: 375, finish_reason=stop, max_tokens=8192, request_max_tokens=8192
2026-09-08 11:35:29,330 - omlx.patches.mlx_lm_mtp.batch_generator - INFO - MTP singleton recovery: multirow marker cleared (compact cache)
2026-09-08 11:35:30,120 - omlx.scheduler - INFO - Cache phase timings: cleanup_finished_sync=5.4ms/232
2026-09-08 11:35:30,121 - omlx.patches.mlx_lm_mtp.batch_generator - INFO - MTP singleton recovery: multirow marker cleared (compact cache)
2026-09-08 11:35:30,135 - omlx.server - INFO - Chat completion: model=Ornith-1.5-35B-A3B-Abliterated-MLX-4bit, 460 tokens in 6.97s (66.0 tok/s), prompt: 341, finish_reason=stop, max_tokens=8192, request_max_tokens=8192
2026-09-08 11:35:31,770 - omlx.scheduler - INFO - Cache phase timings: cleanup_finished_sync=5.5ms/233
2026-09-08 11:35:31,771 - omlx.server - INFO - Chat completion: model=Ornith-1.5-35B-A3B-Abliterated-MLX-4bit, 147 tokens in 2.43s (60.4 tok/s), prompt: 278, finish_reason=stop, max_tokens=8192, request_max_tokens=8192
2026-09-08 11:35:31,773 - omlx.patches.mlx_lm_mtp.batch_generator - INFO - MTP singleton recovery: multirow marker cleared (compact cache)
2026-09-08 11:35:31,883 - omlx.scheduler - INFO - Cache phase timings: cleanup_finished_sync=5.5ms/234
2026-09-08 11:35:31,884 - omlx.server - INFO - Chat completion: model=Ornith-1.5-35B-A3B-Abliterated-MLX-4bit, 114 tokens in 1.74s (65.4 tok/s), prompt: 211, finish_reason=stop, max_tokens=8192, request_max_tokens=8192
2026-09-08 11:35:34,267 - omlx.scheduler - INFO - Cache phase timings: cleanup_finished_sync=5.5ms/235
2026-09-08 11:35:34,267 - omlx.server - INFO - Chat completion: model=Ornith-1.5-35B-A3B-Abliterated-MLX-4bit, 130 tokens in 2.38s (54.7 tok/s), prompt: 446, finish_reason=stop, max_tokens=8192, request_max_tokens=8192
2026-09-08 11:35:34,270 - omlx.patches.mlx_lm_mtp.batch_generator - INFO - MTP singleton recovery: multirow marker cleared (compact cache)
2026-09-08 11:35:35,386 - omlx.scheduler - INFO - Cache phase timings: cleanup_finished_sync=5.5ms/236
2026-09-08 11:35:35,388 - omlx.patches.mlx_lm_mtp.batch_generator - INFO - MTP singleton recovery: multirow marker cleared (compact cache)
2026-09-08 11:35:35,489 - omlx.server - INFO - Chat completion: model=Ornith-1.5-35B-A3B-Abliterated-MLX-4bit, 223 tokens in 3.71s (60.0 tok/s), prompt: 400, finish_reason=stop, max_tokens=8192, request_max_tokens=8192
2026-09-08 11:35:38,391 - omlx.scheduler - INFO - Cache phase timings: cleanup_finished_sync=5.5ms/237
2026-09-08 11:35:38,391 - omlx.patches.mlx_lm_mtp.batch_generator - INFO - MTP singleton recovery: multirow marker cleared (compact cache)
2026-09-08 11:35:38,406 - omlx.server - INFO - Chat completion: model=Ornith-1.5-35B-A3B-Abliterated-MLX-4bit, 287 tokens in 4.13s (69.4 tok/s), prompt: 420, finish_reason=stop, max_tokens=8192, request_max_tokens=8192
2026-09-08 11:35:39,600 - omlx.scheduler - INFO - Cache phase timings: cleanup_finished_sync=5.6ms/238
2026-09-08 11:35:39,600 - omlx.server - INFO - Chat completion: model=Ornith-1.5-35B-A3B-Abliterated-MLX-4bit, 52 tokens in 1.19s (43.8 tok/s), prompt: 411, finish_reason=stop, max_tokens=8192, request_max_tokens=8192
2026-09-08 11:35:39,600 - omlx.patches.mlx_lm_mtp.batch_generator - INFO - MTP singleton recovery: multirow marker cleared (compact cache)
2026-09-08 11:35:40,857 - omlx.scheduler - INFO - Cache phase timings: cleanup_finished_sync=5.6ms/239
2026-09-08 11:35:40,857 - omlx.server - INFO - Chat completion: model=Ornith-1.5-35B-A3B-Abliterated-MLX-4bit, 367 tokens in 5.36s (68.4 tok/s), prompt: 522, finish_reason=stop, max_tokens=8192, request_max_tokens=8192
2026-09-08 11:35:40,860 - omlx.patches.mlx_lm_mtp.batch_generator - INFO - MTP singleton recovery: multirow marker cleared (compact cache)
2026-09-08 11:35:42,117 - omlx.scheduler - INFO - Cache phase timings: cleanup_finished_sync=5.6ms/240
2026-09-08 11:35:42,117 - omlx.patches.mlx_lm_mtp.batch_generator - INFO - MTP singleton recovery: multirow marker cleared (compact cache)
2026-09-08 11:35:42,131 - omlx.server - INFO - Chat completion: model=Ornith-1.5-35B-A3B-Abliterated-MLX-4bit, 57 tokens in 1.27s (44.9 tok/s), prompt: 451, finish_reason=stop, max_tokens=8192, request_max_tokens=8192
2026-09-08 11:35:43,326 - omlx.scheduler - INFO - Cache phase timings: cleanup_finished_sync=5.6ms/241
2026-09-08 11:35:43,326 - omlx.server - INFO - Chat completion: model=Ornith-1.5-35B-A3B-Abliterated-MLX-4bit, 210 tokens in 3.72s (56.5 tok/s), prompt: 403, finish_reason=stop, max_tokens=8192, request_max_tokens=8192
2026-09-08 11:35:43,328 - omlx.patches.mlx_lm_mtp.batch_generator - INFO - MTP singleton recovery: multirow marker cleared (compact cache)
2026-09-08 11:35:45,287 - omlx.scheduler - INFO - Cache phase timings: cleanup_finished_sync=5.7ms/242
2026-09-08 11:35:45,287 - omlx.server - INFO - Chat completion: model=Ornith-1.5-35B-A3B-Abliterated-MLX-4bit, 191 tokens in 3.15s (60.6 tok/s), prompt: 457, finish_reason=stop, max_tokens=8192, request_max_tokens=8192
2026-09-08 11:35:45,288 - omlx.patches.mlx_lm_mtp.batch_generator - INFO - MTP singleton recovery: multirow marker cleared (compact cache)
2026-09-08 11:35:45,497 - omlx.scheduler - INFO - Cache phase timings: cleanup_finished_sync=5.7ms/243
2026-09-08 11:35:45,497 - omlx.server - INFO - Chat completion: model=Ornith-1.5-35B-A3B-Abliterated-MLX-4bit, 134 tokens in 2.17s (61.8 tok/s), prompt: 589, finish_reason=stop, max_tokens=8192, request_max_tokens=8192
2026-09-08 11:35:48,559 - omlx.scheduler - INFO - Cache phase timings: cleanup_finished_sync=5.7ms/244
2026-09-08 11:35:48,561 - omlx.patches.mlx_lm_mtp.batch_generator - INFO - MTP singleton recovery: multirow marker cleared (compact cache)
2026-09-08 11:35:48,577 - omlx.server - INFO - Chat completion: model=Ornith-1.5-35B-A3B-Abliterated-MLX-4bit, 226 tokens in 3.28s (68.8 tok/s), prompt: 442, finish_reason=stop, max_tokens=8192, request_max_tokens=8192
2026-09-08 11:35:53,689 - omlx.scheduler - INFO - Cache phase timings: cleanup_finished_sync=5.7ms/245
2026-09-08 11:35:53,691 - omlx.patches.mlx_lm_mtp.batch_generator - INFO - MTP singleton recovery: multirow marker cleared (compact cache)
2026-09-08 11:35:53,794 - omlx.server - INFO - Chat completion: model=Ornith-1.5-35B-A3B-Abliterated-MLX-4bit, 650 tokens in 8.29s (78.4 tok/s), prompt: 258, finish_reason=stop, max_tokens=8192, request_max_tokens=8192
2026-09-08 11:35:55,277 - omlx.scheduler - INFO - Cache phase timings: cleanup_finished_sync=5.8ms/246
2026-09-08 11:35:55,277 - omlx.server - INFO - Chat completion: model=Ornith-1.5-35B-A3B-Abliterated-MLX-4bit, 534 tokens in 6.69s (79.8 tok/s), prompt: 392, finish_reason=stop, max_tokens=8192, request_max_tokens=8192
2026-09-08 11:35:55,279 - omlx.patches.mlx_lm_mtp.batch_generator - INFO - MTP singleton recovery: multirow marker cleared (compact cache)
2026-09-08 11:35:58,425 - omlx.scheduler - INFO - Cache phase timings: cleanup_finished_sync=5.8ms/247
2026-09-08 11:35:58,426 - omlx.server - INFO - Chat completion: model=Ornith-1.5-35B-A3B-Abliterated-MLX-4bit, 231 tokens in 3.14s (73.5 tok/s), prompt: 566, finish_reason=stop, max_tokens=8192, request_max_tokens=8192
2026-09-08 11:35:58,426 - omlx.patches.mlx_lm_mtp.batch_generator - INFO - MTP singleton recovery: multirow marker cleared (compact cache)
2026-09-08 11:35:59,426 - omlx.scheduler - INFO - Cache phase timings: cleanup_finished_sync=5.8ms/248
2026-09-08 11:35:59,426 - omlx.patches.mlx_lm_mtp.batch_generator - INFO - MTP singleton recovery: multirow marker cleared (compact cache)
2026-09-08 11:35:59,440 - omlx.server - INFO - Chat completion: model=Ornith-1.5-35B-A3B-Abliterated-MLX-4bit, 41 tokens in 1.01s (40.7 tok/s), prompt: 242, finish_reason=stop, max_tokens=8192, request_max_tokens=8192
2026-09-08 11:36:00,358 - omlx.scheduler - INFO - Cache phase timings: cleanup_finished_sync=5.8ms/249
2026-09-08 11:36:00,360 - omlx.patches.mlx_lm_mtp.batch_generator - INFO - MTP singleton recovery: multirow marker cleared (compact cache)
2026-09-08 11:36:00,463 - omlx.server - INFO - Chat completion: model=Ornith-1.5-35B-A3B-Abliterated-MLX-4bit, 436 tokens in 6.66s (65.4 tok/s), prompt: 484, finish_reason=stop, max_tokens=8192, request_max_tokens=8192
2026-09-08 11:36:05,169 - omlx.scheduler - INFO - Cache phase timings: cleanup_finished_sync=5.9ms/250
2026-09-08 11:36:05,169 - omlx.server - INFO - Chat completion: model=Ornith-1.5-35B-A3B-Abliterated-MLX-4bit, 402 tokens in 4.70s (85.5 tok/s), prompt: 256, finish_reason=stop, max_tokens=8192, request_max_tokens=8192
2026-09-08 11:36:05,169 - omlx.patches.mlx_lm_mtp.batch_generator - INFO - MTP singleton recovery: multirow marker cleared (compact cache)
2026-09-08 11:36:06,906 - omlx.scheduler - INFO - Cache phase timings: cleanup_finished_sync=5.9ms/251
2026-09-08 11:36:06,906 - omlx.patches.mlx_lm_mtp.batch_generator - INFO - MTP singleton recovery: multirow marker cleared (compact cache)
2026-09-08 11:36:07,011 - omlx.server - INFO - Chat completion: model=Ornith-1.5-35B-A3B-Abliterated-MLX-4bit, 93 tokens in 1.83s (50.7 tok/s), prompt: 587, finish_reason=stop, max_tokens=8192, request_max_tokens=8192
2026-09-08 11:36:08,061 - omlx.scheduler - INFO - Cache phase timings: cleanup_finished_sync=5.9ms/252
2026-09-08 11:36:08,061 - omlx.server - INFO - Chat completion: model=Ornith-1.5-35B-A3B-Abliterated-MLX-4bit, 44 tokens in 1.04s (42.2 tok/s), prompt: 230, finish_reason=stop, max_tokens=8192, request_max_tokens=8192
2026-09-08 11:36:08,061 - omlx.patches.mlx_lm_mtp.batch_generator - INFO - MTP singleton recovery: multirow marker cleared (compact cache)
2026-09-08 11:36:16,021 - omlx.scheduler - INFO - Cache phase timings: cleanup_finished_sync=5.9ms/253
2026-09-08 11:36:16,021 - omlx.patches.mlx_lm_mtp.batch_generator - INFO - MTP singleton recovery: multirow marker cleared (compact cache)
2026-09-08 11:36:16,038 - omlx.server - INFO - Chat completion: model=Ornith-1.5-35B-A3B-Abliterated-MLX-4bit, 666 tokens in 7.97s (83.6 tok/s), prompt: 249, finish_reason=stop, max_tokens=8192, request_max_tokens=8192
2026-09-08 11:36:28,352 - omlx.scheduler - INFO - Cache phase timings: cleanup_finished_sync=5.9ms/254
2026-09-08 11:36:28,352 - omlx.server - INFO - Chat completion: model=Ornith-1.5-35B-A3B-Abliterated-MLX-4bit, 1030 tokens in 12.31s (83.7 tok/s), prompt: 220, finish_reason=stop, max_tokens=8192, request_max_tokens=8192
2026-09-08 11:36:28,352 - omlx.patches.mlx_lm_mtp.batch_generator - INFO - MTP singleton recovery: multirow marker cleared (compact cache)
2026-09-08 11:36:29,666 - omlx.scheduler - INFO - Cache phase timings: cleanup_finished_sync=6.0ms/255
2026-09-08 11:36:29,666 - omlx.server - INFO - Chat completion: model=Ornith-1.5-35B-A3B-Abliterated-MLX-4bit, 56 tokens in 1.31s (42.9 tok/s), prompt: 383, finish_reason=stop, max_tokens=8192, request_max_tokens=8192
2026-09-08 11:36:29,666 - omlx.patches.mlx_lm_mtp.batch_generator - INFO - MTP singleton recovery: multirow marker cleared (compact cache)
2026-09-08 11:36:37,843 - omlx.scheduler - INFO - Cache phase timings: cleanup_finished_sync=6.0ms/256
2026-09-08 11:36:37,844 - omlx.patches.mlx_lm_mtp.batch_generator - INFO - MTP singleton recovery: multirow marker cleared (compact cache)
2026-09-08 11:36:37,860 - omlx.server - INFO - Chat completion: model=Ornith-1.5-35B-A3B-Abliterated-MLX-4bit, 645 tokens in 8.19s (78.8 tok/s), prompt: 229, finish_reason=stop, max_tokens=8192, request_max_tokens=8192
2026-09-08 11:36:39,117 - omlx.scheduler - INFO - Cache phase timings: cleanup_finished_sync=6.0ms/257
2026-09-08 11:36:39,117 - omlx.server - INFO - Chat completion: model=Ornith-1.5-35B-A3B-Abliterated-MLX-4bit, 44 tokens in 1.25s (35.2 tok/s), prompt: 586, finish_reason=stop, max_tokens=8192, request_max_tokens=8192
2026-09-08 11:36:39,117 - omlx.patches.mlx_lm_mtp.batch_generator - INFO - MTP singleton recovery: multirow marker cleared (compact cache)
2026-09-08 11:36:43,489 - omlx.scheduler - INFO - Cache phase timings: cleanup_finished_sync=6.0ms/258
2026-09-08 11:36:43,490 - omlx.server - INFO - Chat completion: model=Ornith-1.5-35B-A3B-Abliterated-MLX-4bit, 311 tokens in 4.37s (71.2 tok/s), prompt: 361, finish_reason=stop, max_tokens=8192, request_max_tokens=8192
2026-09-08 11:36:43,490 - omlx.patches.mlx_lm_mtp.batch_generator - INFO - MTP singleton recovery: multirow marker cleared (compact cache)
2026-09-08 11:36:47,335 - omlx.scheduler - INFO - Cache phase timings: cleanup_finished_sync=6.1ms/259
2026-09-08 11:36:47,335 - omlx.patches.mlx_lm_mtp.batch_generator - INFO - MTP singleton recovery: multirow marker cleared (compact cache)
2026-09-08 11:36:47,436 - omlx.server - INFO - Chat completion: model=Ornith-1.5-35B-A3B-Abliterated-MLX-4bit, 264 tokens in 3.94s (67.0 tok/s), prompt: 236, finish_reason=stop, max_tokens=8192, request_max_tokens=8192
2026-09-08 11:36:53,174 - omlx.scheduler - INFO - Cache phase timings: cleanup_finished_sync=6.1ms/260
2026-09-08 11:36:53,174 - omlx.server - INFO - Chat completion: model=Ornith-1.5-35B-A3B-Abliterated-MLX-4bit, 408 tokens in 5.73s (71.2 tok/s), prompt: 547, finish_reason=stop, max_tokens=8192, request_max_tokens=8192
2026-09-08 11:36:53,174 - omlx.patches.mlx_lm_mtp.batch_generator - INFO - MTP singleton recovery: multirow marker cleared (compact cache)
2026-09-08 11:37:00,468 - omlx.scheduler - INFO - Cache phase timings: cleanup_finished_sync=6.1ms/261
2026-09-08 11:37:00,469 - omlx.server - INFO - Chat completion: model=Ornith-1.5-35B-A3B-Abliterated-MLX-4bit, 535 tokens in 7.29s (73.4 tok/s), prompt: 398, finish_reason=stop, max_tokens=8192, request_max_tokens=8192
2026-09-08 11:37:00,469 - omlx.patches.mlx_lm_mtp.batch_generator - INFO - MTP singleton recovery: multirow marker cleared (compact cache)
2026-09-08 11:37:03,139 - omlx.scheduler - INFO - Cache phase timings: cleanup_finished_sync=6.1ms/262
2026-09-08 11:37:03,139 - omlx.patches.mlx_lm_mtp.batch_generator - INFO - MTP singleton recovery: multirow marker cleared (compact cache)
2026-09-08 11:37:03,242 - omlx.server - INFO - Chat completion: model=Ornith-1.5-35B-A3B-Abliterated-MLX-4bit, 165 tokens in 2.77s (59.6 tok/s), prompt: 313, finish_reason=stop, max_tokens=8192, request_max_tokens=8192
2026-09-08 11:37:08,619 - omlx.scheduler - INFO - Cache phase timings: cleanup_finished_sync=6.1ms/263
2026-09-08 11:37:08,619 - omlx.server - INFO - Chat completion: model=Ornith-1.5-35B-A3B-Abliterated-MLX-4bit, 381 tokens in 5.37s (70.9 tok/s), prompt: 213, finish_reason=stop, max_tokens=8192, request_max_tokens=8192
2026-09-08 11:37:08,620 - omlx.patches.mlx_lm_mtp.batch_generator - INFO - MTP singleton recovery: multirow marker cleared (compact cache)
2026-09-08 11:37:13,217 - omlx.scheduler - INFO - Cache phase timings: cleanup_finished_sync=6.2ms/264
2026-09-08 11:37:13,218 - omlx.server - INFO - Chat completion: model=Ornith-1.5-35B-A3B-Abliterated-MLX-4bit, 300 tokens in 4.59s (65.3 tok/s), prompt: 685, finish_reason=stop, max_tokens=8192, request_max_tokens=8192
2026-09-08 11:37:13,218 - omlx.patches.mlx_lm_mtp.batch_generator - INFO - MTP singleton recovery: multirow marker cleared (compact cache)
2026-09-08 11:37:19,142 - omlx.scheduler - INFO - Cache phase timings: cleanup_finished_sync=6.2ms/265
2026-09-08 11:37:19,142 - omlx.patches.mlx_lm_mtp.batch_generator - INFO - MTP singleton recovery: multirow marker cleared (compact cache)
2026-09-08 11:37:19,161 - omlx.server - INFO - Chat completion: model=Ornith-1.5-35B-A3B-Abliterated-MLX-4bit, 409 tokens in 5.94s (68.9 tok/s), prompt: 361, finish_reason=stop, max_tokens=8192, request_max_tokens=8192
2026-09-08 11:37:24,332 - omlx.scheduler - INFO - Cache phase timings: cleanup_finished_sync=6.2ms/266
2026-09-08 11:37:24,333 - omlx.server - INFO - Chat completion: model=Ornith-1.5-35B-A3B-Abliterated-MLX-4bit, 337 tokens in 5.17s (65.2 tok/s), prompt: 717, finish_reason=stop, max_tokens=8192, request_max_tokens=8192
2026-09-08 11:37:24,333 - omlx.patches.mlx_lm_mtp.batch_generator - INFO - MTP singleton recovery: multirow marker cleared (compact cache)
2026-09-08 11:37:30,070 - omlx.scheduler - INFO - Cache phase timings: cleanup_finished_sync=6.2ms/267
2026-09-08 11:37:30,070 - omlx.server - INFO - Chat completion: model=Ornith-1.5-35B-A3B-Abliterated-MLX-4bit, 387 tokens in 5.73s (67.5 tok/s), prompt: 384, finish_reason=stop, max_tokens=8192, request_max_tokens=8192
2026-09-08 11:37:30,070 - omlx.patches.mlx_lm_mtp.batch_generator - INFO - MTP singleton recovery: multirow marker cleared (compact cache)
2026-09-08 11:37:33,671 - omlx.scheduler - INFO - Cache phase timings: cleanup_finished_sync=6.3ms/268
2026-09-08 11:37:33,671 - omlx.patches.mlx_lm_mtp.batch_generator - INFO - MTP singleton recovery: multirow marker cleared (compact cache)
2026-09-08 11:37:33,689 - omlx.server - INFO - Chat completion: model=Ornith-1.5-35B-A3B-Abliterated-MLX-4bit, 222 tokens in 3.61s (61.5 tok/s), prompt: 399, finish_reason=stop, max_tokens=8192, request_max_tokens=8192
2026-09-08 11:37:34,867 - omlx.scheduler - INFO - Cache phase timings: cleanup_finished_sync=6.3ms/269
2026-09-08 11:37:34,867 - omlx.patches.mlx_lm_mtp.batch_generator - INFO - MTP singleton recovery: multirow marker cleared (compact cache)
2026-09-08 11:37:34,971 - omlx.server - INFO - Chat completion: model=Ornith-1.5-35B-A3B-Abliterated-MLX-4bit, 36 tokens in 1.28s (28.2 tok/s), prompt: 424, finish_reason=stop, max_tokens=8192, request_max_tokens=8192
2026-09-08 11:37:38,497 - omlx.scheduler - INFO - Cache phase timings: cleanup_finished_sync=6.3ms/270
2026-09-08 11:37:38,497 - omlx.patches.mlx_lm_mtp.batch_generator - INFO - MTP singleton recovery: multirow marker cleared (compact cache)
2026-09-08 11:37:38,515 - omlx.server - INFO - Chat completion: model=Ornith-1.5-35B-A3B-Abliterated-MLX-4bit, 212 tokens in 3.54s (59.9 tok/s), prompt: 411, finish_reason=stop, max_tokens=8192, request_max_tokens=8192
2026-09-08 11:37:40,318 - omlx.scheduler - INFO - Cache phase timings: cleanup_finished_sync=6.3ms/271
2026-09-08 11:37:40,319 - omlx.server - INFO - Chat completion: model=Ornith-1.5-35B-A3B-Abliterated-MLX-4bit, 79 tokens in 1.80s (44.0 tok/s), prompt: 582, finish_reason=stop, max_tokens=8192, request_max_tokens=8192
2026-09-08 11:37:40,319 - omlx.patches.mlx_lm_mtp.batch_generator - INFO - MTP singleton recovery: multirow marker cleared (compact cache)
2026-09-08 11:37:49,000 - omlx.scheduler - INFO - Cache phase timings: cleanup_finished_sync=6.3ms/272
2026-09-08 11:37:49,000 - omlx.server - INFO - Chat completion: model=Ornith-1.5-35B-A3B-Abliterated-MLX-4bit, 594 tokens in 8.68s (68.5 tok/s), prompt: 383, finish_reason=stop, max_tokens=8192, request_max_tokens=8192
2026-09-08 11:37:49,000 - omlx.patches.mlx_lm_mtp.batch_generator - INFO - MTP singleton recovery: multirow marker cleared (compact cache)
2026-09-08 11:37:50,047 - omlx.scheduler - INFO - Cache phase timings: cleanup_finished_sync=6.4ms/273
2026-09-08 11:37:50,047 - omlx.server - INFO - Chat completion: model=Ornith-1.5-35B-A3B-Abliterated-MLX-4bit, 8192 tokens in 110.60s (74.1 tok/s), prompt: 382, finish_reason=length, max_tokens=8192, request_max_tokens=8192
2026-09-08 11:37:50,050 - omlx.patches.mlx_lm_mtp.batch_generator - INFO - MTP singleton recovery: multirow marker cleared (compact cache)
2026-09-08 11:37:50,750 - omlx.scheduler - INFO - Cache phase timings: cleanup_finished_sync=6.4ms/274
2026-09-08 11:37:50,751 - omlx.server - INFO - Chat completion: model=Ornith-1.5-35B-A3B-Abliterated-MLX-4bit, 56 tokens in 1.74s (32.1 tok/s), prompt: 415, finish_reason=stop, max_tokens=8192, request_max_tokens=8192
2026-09-08 11:37:50,752 - omlx.patches.mlx_lm_mtp.batch_generator - INFO - MTP singleton recovery: multirow marker cleared (compact cache)
2026-09-08 11:37:51,604 - omlx.scheduler - INFO - Cache phase timings: cleanup_finished_sync=6.4ms/275
2026-09-08 11:37:51,606 - omlx.patches.mlx_lm_mtp.batch_generator - INFO - MTP singleton recovery: multirow marker cleared (compact cache)
2026-09-08 11:37:51,715 - omlx.server - INFO - Chat completion: model=Ornith-1.5-35B-A3B-Abliterated-MLX-4bit, 59 tokens in 1.66s (35.5 tok/s), prompt: 364, finish_reason=stop, max_tokens=8192, request_max_tokens=8192
2026-09-08 11:37:51,818 - omlx.scheduler - INFO - Cache phase timings: cleanup_finished_sync=6.4ms/276
2026-09-08 11:37:51,819 - omlx.server - INFO - Chat completion: model=Ornith-1.5-35B-A3B-Abliterated-MLX-4bit, 46 tokens in 1.07s (43.2 tok/s), prompt: 218, finish_reason=stop, max_tokens=8192, request_max_tokens=8192
2026-09-08 11:37:53,179 - omlx.scheduler - INFO - Cache phase timings: cleanup_finished_sync=6.5ms/277
2026-09-08 11:37:53,181 - omlx.patches.mlx_lm_mtp.batch_generator - INFO - MTP singleton recovery: multirow marker cleared (compact cache)
2026-09-08 11:37:53,194 - omlx.server - INFO - Chat completion: model=Ornith-1.5-35B-A3B-Abliterated-MLX-4bit, 58 tokens in 1.47s (39.4 tok/s), prompt: 433, finish_reason=stop, max_tokens=8192, request_max_tokens=8192
2026-09-08 11:37:54,034 - omlx.scheduler - INFO - Cache phase timings: cleanup_finished_sync=6.5ms/278
2026-09-08 11:37:54,034 - omlx.server - INFO - Chat completion: model=Ornith-1.5-35B-A3B-Abliterated-MLX-4bit, 82 tokens in 2.21s (37.1 tok/s), prompt: 426, finish_reason=stop, max_tokens=8192, request_max_tokens=8192
2026-09-08 11:37:54,036 - omlx.patches.mlx_lm_mtp.batch_generator - INFO - MTP singleton recovery: multirow marker cleared (compact cache)
2026-09-08 11:37:56,337 - omlx.scheduler - INFO - Cache phase timings: cleanup_finished_sync=6.5ms/279
2026-09-08 11:37:56,338 - omlx.server - INFO - Chat completion: model=Ornith-1.5-35B-A3B-Abliterated-MLX-4bit, 215 tokens in 3.14s (68.5 tok/s), prompt: 248, finish_reason=stop, max_tokens=8192, request_max_tokens=8192
2026-09-08 11:37:56,338 - omlx.patches.mlx_lm_mtp.batch_generator - INFO - MTP singleton recovery: multirow marker cleared (compact cache)
2026-09-08 11:37:58,353 - omlx.scheduler - INFO - Cache phase timings: cleanup_finished_sync=6.5ms/280
2026-09-08 11:37:58,353 - omlx.patches.mlx_lm_mtp.batch_generator - INFO - MTP singleton recovery: multirow marker cleared (compact cache)
2026-09-08 11:37:58,455 - omlx.server - INFO - Chat completion: model=Ornith-1.5-35B-A3B-Abliterated-MLX-4bit, 129 tokens in 2.11s (61.1 tok/s), prompt: 565, finish_reason=stop, max_tokens=8192, request_max_tokens=8192
2026-09-08 11:37:59,805 - omlx.scheduler - INFO - Cache phase timings: cleanup_finished_sync=6.6ms/281
2026-09-08 11:37:59,807 - omlx.server - INFO - Chat completion: model=Ornith-1.5-35B-A3B-Abliterated-MLX-4bit, 76 tokens in 1.35s (56.4 tok/s), prompt: 223, finish_reason=stop, max_tokens=8192, request_max_tokens=8192
2026-09-08 11:37:59,807 - omlx.patches.mlx_lm_mtp.batch_generator - INFO - MTP singleton recovery: multirow marker cleared (compact cache)
2026-09-08 11:38:02,838 - omlx.scheduler - INFO - Cache phase timings: cleanup_finished_sync=6.6ms/282
2026-09-08 11:38:02,839 - omlx.patches.mlx_lm_mtp.batch_generator - INFO - MTP singleton recovery: multirow marker cleared (compact cache)
2026-09-08 11:38:02,942 - omlx.server - INFO - Chat completion: model=Ornith-1.5-35B-A3B-Abliterated-MLX-4bit, 229 tokens in 3.13s (73.2 tok/s), prompt: 428, finish_reason=stop, max_tokens=8192, request_max_tokens=8192
2026-09-08 11:38:08,293 - omlx.scheduler - INFO - Cache phase timings: cleanup_finished_sync=6.6ms/283
2026-09-08 11:38:08,294 - omlx.server - INFO - Chat completion: model=Ornith-1.5-35B-A3B-Abliterated-MLX-4bit, 431 tokens in 5.34s (80.6 tok/s), prompt: 418, finish_reason=stop, max_tokens=8192, request_max_tokens=8192
2026-09-08 11:38:08,294 - omlx.patches.mlx_lm_mtp.batch_generator - INFO - MTP singleton recovery: multirow marker cleared (compact cache)
2026-09-08 11:38:12,821 - omlx.scheduler - INFO - Cache phase timings: cleanup_finished_sync=6.6ms/284
2026-09-08 11:38:12,821 - omlx.server - INFO - Chat completion: model=Ornith-1.5-35B-A3B-Abliterated-MLX-4bit, 335 tokens in 4.52s (74.1 tok/s), prompt: 596, finish_reason=stop, max_tokens=8192, request_max_tokens=8192
2026-09-08 11:38:12,821 - omlx.patches.mlx_lm_mtp.batch_generator - INFO - MTP singleton recovery: multirow marker cleared (compact cache)
2026-09-08 11:38:15,910 - omlx.scheduler - INFO - Cache phase timings: cleanup_finished_sync=6.6ms/285
2026-09-08 11:38:15,910 - omlx.server - INFO - Chat completion: model=Ornith-1.5-35B-A3B-Abliterated-MLX-4bit, 207 tokens in 3.08s (67.2 tok/s), prompt: 525, finish_reason=stop, max_tokens=8192, request_max_tokens=8192
2026-09-08 11:38:15,910 - omlx.patches.mlx_lm_mtp.batch_generator - INFO - MTP singleton recovery: multirow marker cleared (compact cache)
2026-09-08 11:38:17,811 - omlx.scheduler - INFO - Cache phase timings: cleanup_finished_sync=6.7ms/286
2026-09-08 11:38:17,813 - omlx.patches.mlx_lm_mtp.batch_generator - INFO - MTP singleton recovery: multirow marker cleared (compact cache)
2026-09-08 11:38:17,827 - omlx.server - INFO - Chat completion: model=Ornith-1.5-35B-A3B-Abliterated-MLX-4bit, 1840 tokens in 23.79s (77.4 tok/s), prompt: 389, finish_reason=stop, max_tokens=8192, request_max_tokens=8192
2026-09-08 11:38:19,835 - omlx.scheduler - INFO - Cache phase timings: cleanup_finished_sync=6.7ms/287
2026-09-08 11:38:19,837 - omlx.patches.mlx_lm_mtp.batch_generator - INFO - MTP singleton recovery: multirow marker cleared (compact cache)
2026-09-08 11:38:19,939 - omlx.server - INFO - Chat completion: model=Ornith-1.5-35B-A3B-Abliterated-MLX-4bit, 269 tokens in 4.02s (66.9 tok/s), prompt: 576, finish_reason=stop, max_tokens=8192, request_max_tokens=8192
2026-09-08 11:38:23,615 - omlx.scheduler - INFO - Cache phase timings: cleanup_finished_sync=6.7ms/288
2026-09-08 11:38:23,615 - omlx.server - INFO - Chat completion: model=Ornith-1.5-35B-A3B-Abliterated-MLX-4bit, 294 tokens in 3.67s (80.1 tok/s), prompt: 546, finish_reason=stop, max_tokens=8192, request_max_tokens=8192
2026-09-08 11:38:23,617 - omlx.patches.mlx_lm_mtp.batch_generator - INFO - MTP singleton recovery: multirow marker cleared (compact cache)
2026-09-08 11:38:24,380 - omlx.scheduler - INFO - Cache phase timings: cleanup_finished_sync=6.7ms/289
2026-09-08 11:38:24,381 - omlx.patches.mlx_lm_mtp.batch_generator - INFO - MTP singleton recovery: multirow marker cleared (compact cache)
2026-09-08 11:38:24,481 - omlx.server - INFO - Chat completion: model=Ornith-1.5-35B-A3B-Abliterated-MLX-4bit, 500 tokens in 6.65s (75.2 tok/s), prompt: 220, finish_reason=stop, max_tokens=8192, request_max_tokens=8192
2026-09-08 11:38:26,655 - omlx.scheduler - INFO - Cache phase timings: cleanup_finished_sync=6.8ms/290
2026-09-08 11:38:26,656 - omlx.patches.mlx_lm_mtp.batch_generator - INFO - MTP singleton recovery: multirow marker cleared (compact cache)
2026-09-08 11:38:26,669 - omlx.server - INFO - Chat completion: model=Ornith-1.5-35B-A3B-Abliterated-MLX-4bit, 178 tokens in 3.05s (58.3 tok/s), prompt: 436, finish_reason=stop, max_tokens=8192, request_max_tokens=8192
2026-09-08 11:38:27,449 - omlx.scheduler - INFO - Cache phase timings: cleanup_finished_sync=6.8ms/291
2026-09-08 11:38:27,450 - omlx.patches.mlx_lm_mtp.batch_generator - INFO - MTP singleton recovery: multirow marker cleared (compact cache)
2026-09-08 11:38:27,464 - omlx.server - INFO - Chat completion: model=Ornith-1.5-35B-A3B-Abliterated-MLX-4bit, 18 tokens in 0.79s (22.8 tok/s), prompt: 278, finish_reason=stop, max_tokens=8192, request_max_tokens=8192
2026-09-08 11:38:29,182 - omlx.scheduler - INFO - Cache phase timings: cleanup_finished_sync=6.8ms/292
2026-09-08 11:38:29,182 - omlx.patches.mlx_lm_mtp.batch_generator - INFO - MTP singleton recovery: multirow marker cleared (compact cache)
2026-09-08 11:38:29,197 - omlx.server - INFO - Chat completion: model=Ornith-1.5-35B-A3B-Abliterated-MLX-4bit, 98 tokens in 1.73s (56.8 tok/s), prompt: 575, finish_reason=stop, max_tokens=8192, request_max_tokens=8192
2026-09-08 11:38:30,480 - omlx.scheduler - INFO - Cache phase timings: cleanup_finished_sync=6.8ms/293
2026-09-08 11:38:30,480 - omlx.patches.mlx_lm_mtp.batch_generator - INFO - MTP singleton recovery: multirow marker cleared (compact cache)
2026-09-08 11:38:30,494 - omlx.server - INFO - Chat completion: model=Ornith-1.5-35B-A3B-Abliterated-MLX-4bit, 53 tokens in 1.29s (41.1 tok/s), prompt: 574, finish_reason=stop, max_tokens=8192, request_max_tokens=8192
2026-09-08 11:38:37,606 - omlx.scheduler - INFO - Cache phase timings: cleanup_finished_sync=6.9ms/294
2026-09-08 11:38:37,608 - omlx.patches.mlx_lm_mtp.batch_generator - INFO - MTP singleton recovery: multirow marker cleared (compact cache)
2026-09-08 11:38:37,708 - omlx.server - INFO - Chat completion: model=Ornith-1.5-35B-A3B-Abliterated-MLX-4bit, 990 tokens in 13.22s (74.9 tok/s), prompt: 673, finish_reason=stop, max_tokens=8192, request_max_tokens=8192
2026-09-08 11:38:40,559 - omlx.scheduler - INFO - Cache phase timings: cleanup_finished_sync=6.9ms/295
2026-09-08 11:38:40,559 - omlx.server - INFO - Chat completion: model=Ornith-1.5-35B-A3B-Abliterated-MLX-4bit, 217 tokens in 2.84s (76.3 tok/s), prompt: 262, finish_reason=stop, max_tokens=8192, request_max_tokens=8192
2026-09-08 11:38:40,560 - omlx.patches.mlx_lm_mtp.batch_generator - INFO - MTP singleton recovery: multirow marker cleared (compact cache)
2026-09-08 11:38:41,548 - omlx.scheduler - INFO - Cache phase timings: cleanup_finished_sync=6.9ms/296
2026-09-08 11:38:41,549 - omlx.server - INFO - Chat completion: model=Ornith-1.5-35B-A3B-Abliterated-MLX-4bit, 40 tokens in 0.98s (40.7 tok/s), prompt: 237, finish_reason=stop, max_tokens=8192, request_max_tokens=8192
2026-09-08 11:38:41,549 - omlx.patches.mlx_lm_mtp.batch_generator - INFO - MTP singleton recovery: multirow marker cleared (compact cache)
2026-09-08 11:38:44,962 - omlx.scheduler - INFO - Cache phase timings: cleanup_finished_sync=6.9ms/297
2026-09-08 11:38:44,963 - omlx.server - INFO - Chat completion: model=Ornith-1.5-35B-A3B-Abliterated-MLX-4bit, 240 tokens in 3.41s (70.5 tok/s), prompt: 581, finish_reason=stop, max_tokens=8192, request_max_tokens=8192
2026-09-08 11:38:44,963 - omlx.patches.mlx_lm_mtp.batch_generator - INFO - MTP singleton recovery: multirow marker cleared (compact cache)
2026-09-08 11:38:46,741 - omlx.scheduler - INFO - Cache phase timings: cleanup_finished_sync=6.9ms/298
2026-09-08 11:38:46,741 - omlx.server - INFO - Chat completion: model=Ornith-1.5-35B-A3B-Abliterated-MLX-4bit, 107 tokens in 1.77s (60.4 tok/s), prompt: 217, finish_reason=stop, max_tokens=8192, request_max_tokens=8192
2026-09-08 11:38:46,741 - omlx.patches.mlx_lm_mtp.batch_generator - INFO - MTP singleton recovery: multirow marker cleared (compact cache)
2026-09-08 11:38:50,583 - omlx.scheduler - INFO - Cache phase timings: cleanup_finished_sync=7.0ms/299
2026-09-08 11:38:50,583 - omlx.patches.mlx_lm_mtp.batch_generator - INFO - MTP singleton recovery: multirow marker cleared (compact cache)
2026-09-08 11:38:50,598 - omlx.server - INFO - Chat completion: model=Ornith-1.5-35B-A3B-Abliterated-MLX-4bit, 294 tokens in 3.85s (76.3 tok/s), prompt: 204, finish_reason=stop, max_tokens=8192, request_max_tokens=8192
2026-09-08 11:38:55,335 - omlx.scheduler - INFO - Cache phase timings: cleanup_finished_sync=7.0ms/300
2026-09-08 11:38:55,335 - omlx.server - INFO - Chat completion: model=Ornith-1.5-35B-A3B-Abliterated-MLX-4bit, 1978 tokens in 24.83s (79.6 tok/s), prompt: 383, finish_reason=stop, max_tokens=8192, request_max_tokens=8192
2026-09-08 11:38:55,337 - omlx.patches.mlx_lm_mtp.batch_generator - INFO - MTP singleton recovery: multirow marker cleared (compact cache)
2026-09-08 11:38:56,102 - omlx.scheduler - INFO - Cache phase timings: cleanup_finished_sync=7.0ms/301
2026-09-08 11:38:56,104 - omlx.patches.mlx_lm_mtp.batch_generator - INFO - MTP singleton recovery: multirow marker cleared (compact cache)
2026-09-08 11:38:56,117 - omlx.server - INFO - Chat completion: model=Ornith-1.5-35B-A3B-Abliterated-MLX-4bit, 392 tokens in 5.51s (71.1 tok/s), prompt: 553, finish_reason=stop, max_tokens=8192, request_max_tokens=8192
2026-09-08 11:38:57,124 - omlx.scheduler - INFO - Cache phase timings: cleanup_finished_sync=7.0ms/302
2026-09-08 11:38:57,124 - omlx.server - INFO - Chat completion: model=Ornith-1.5-35B-A3B-Abliterated-MLX-4bit, 36 tokens in 1.00s (35.9 tok/s), prompt: 423, finish_reason=stop, max_tokens=8192, request_max_tokens=8192
2026-09-08 11:38:57,126 - omlx.patches.mlx_lm_mtp.batch_generator - INFO - MTP singleton recovery: multirow marker cleared (compact cache)
2026-09-08 11:39:00,133 - omlx.scheduler - INFO - Cache phase timings: cleanup_finished_sync=7.0ms/303
2026-09-08 11:39:00,133 - omlx.server - INFO - Chat completion: model=Ornith-1.5-35B-A3B-Abliterated-MLX-4bit, 337 tokens in 4.79s (70.3 tok/s), prompt: 218, finish_reason=stop, max_tokens=8192, request_max_tokens=8192
2026-09-08 11:39:00,133 - omlx.patches.mlx_lm_mtp.batch_generator - INFO - MTP singleton recovery: multirow marker cleared (compact cache)
2026-09-08 11:39:01,226 - omlx.scheduler - INFO - Cache phase timings: cleanup_finished_sync=7.1ms/304
2026-09-08 11:39:01,226 - omlx.server - INFO - Chat completion: model=Ornith-1.5-35B-A3B-Abliterated-MLX-4bit, 293 tokens in 4.09s (71.6 tok/s), prompt: 383, finish_reason=stop, max_tokens=8192, request_max_tokens=8192
2026-09-08 11:39:01,228 - omlx.patches.mlx_lm_mtp.batch_generator - INFO - MTP singleton recovery: multirow marker cleared (compact cache)
2026-09-08 11:39:02,239 - omlx.scheduler - INFO - Cache phase timings: cleanup_finished_sync=7.1ms/305
2026-09-08 11:39:02,239 - omlx.patches.mlx_lm_mtp.batch_generator - INFO - MTP singleton recovery: multirow marker cleared (compact cache)
2026-09-08 11:39:02,252 - omlx.server - INFO - Chat completion: model=Ornith-1.5-35B-A3B-Abliterated-MLX-4bit, 79 tokens in 2.11s (37.4 tok/s), prompt: 601, finish_reason=stop, max_tokens=8192, request_max_tokens=8192
2026-09-08 11:39:03,628 - omlx.scheduler - INFO - Cache phase timings: cleanup_finished_sync=7.1ms/306
2026-09-08 11:39:03,628 - omlx.patches.mlx_lm_mtp.batch_generator - INFO - MTP singleton recovery: multirow marker cleared (compact cache)
2026-09-08 11:39:03,643 - omlx.server - INFO - Chat completion: model=Ornith-1.5-35B-A3B-Abliterated-MLX-4bit, 70 tokens in 1.38s (50.6 tok/s), prompt: 376, finish_reason=stop, max_tokens=8192, request_max_tokens=8192
2026-09-08 11:39:04,588 - omlx.scheduler - INFO - Cache phase timings: cleanup_finished_sync=7.1ms/307
2026-09-08 11:39:04,588 - omlx.server - INFO - Chat completion: model=Ornith-1.5-35B-A3B-Abliterated-MLX-4bit, 164 tokens in 3.36s (48.9 tok/s), prompt: 647, finish_reason=stop, max_tokens=8192, request_max_tokens=8192
2026-09-08 11:39:04,591 - omlx.patches.mlx_lm_mtp.batch_generator - INFO - MTP singleton recovery: multirow marker cleared (compact cache)
2026-09-08 11:39:05,571 - omlx.scheduler - INFO - Cache phase timings: cleanup_finished_sync=7.2ms/308
2026-09-08 11:39:05,572 - omlx.server - INFO - Chat completion: model=Ornith-1.5-35B-A3B-Abliterated-MLX-4bit, 37 tokens in 0.98s (37.8 tok/s), prompt: 339, finish_reason=stop, max_tokens=8192, request_max_tokens=8192
2026-09-08 11:39:05,572 - omlx.patches.mlx_lm_mtp.batch_generator - INFO - MTP singleton recovery: multirow marker cleared (compact cache)
2026-09-08 11:39:08,714 - omlx.scheduler - INFO - Cache phase timings: cleanup_finished_sync=7.2ms/309
2026-09-08 11:39:08,714 - omlx.server - INFO - Chat completion: model=Ornith-1.5-35B-A3B-Abliterated-MLX-4bit, 345 tokens in 5.06s (68.1 tok/s), prompt: 429, finish_reason=stop, max_tokens=8192, request_max_tokens=8192
2026-09-08 11:39:08,717 - omlx.patches.mlx_lm_mtp.batch_generator - INFO - MTP singleton recovery: multirow marker cleared (compact cache)
2026-09-08 11:39:09,952 - omlx.scheduler - INFO - Cache phase timings: cleanup_finished_sync=7.2ms/310
2026-09-08 11:39:09,953 - omlx.patches.mlx_lm_mtp.batch_generator - INFO - MTP singleton recovery: multirow marker cleared (compact cache)
2026-09-08 11:39:10,063 - omlx.server - INFO - Chat completion: model=Ornith-1.5-35B-A3B-Abliterated-MLX-4bit, 49 tokens in 1.34s (36.4 tok/s), prompt: 586, finish_reason=stop, max_tokens=8192, request_max_tokens=8192
2026-09-08 11:39:11,532 - omlx.scheduler - INFO - Cache phase timings: cleanup_finished_sync=7.2ms/311
2026-09-08 11:39:11,533 - omlx.server - INFO - Chat completion: model=Ornith-1.5-35B-A3B-Abliterated-MLX-4bit, 419 tokens in 5.95s (70.4 tok/s), prompt: 459, finish_reason=stop, max_tokens=8192, request_max_tokens=8192
2026-09-08 11:39:11,535 - omlx.patches.mlx_lm_mtp.batch_generator - INFO - MTP singleton recovery: multirow marker cleared (compact cache)
2026-09-08 11:39:14,219 - omlx.scheduler - INFO - Cache phase timings: cleanup_finished_sync=7.3ms/312
2026-09-08 11:39:14,219 - omlx.patches.mlx_lm_mtp.batch_generator - INFO - MTP singleton recovery: multirow marker cleared (compact cache)
2026-09-08 11:39:14,233 - omlx.server - INFO - Chat completion: model=Ornith-1.5-35B-A3B-Abliterated-MLX-4bit, 288 tokens in 4.16s (69.2 tok/s), prompt: 429, finish_reason=stop, max_tokens=8192, request_max_tokens=8192
2026-09-08 11:39:16,060 - omlx.scheduler - INFO - Cache phase timings: cleanup_finished_sync=7.3ms/313
2026-09-08 11:39:16,062 - omlx.patches.mlx_lm_mtp.batch_generator - INFO - MTP singleton recovery: multirow marker cleared (compact cache)
2026-09-08 11:39:16,169 - omlx.server - INFO - Chat completion: model=Ornith-1.5-35B-A3B-Abliterated-MLX-4bit, 329 tokens in 4.63s (71.0 tok/s), prompt: 648, finish_reason=stop, max_tokens=8192, request_max_tokens=8192
2026-09-08 11:39:17,494 - omlx.scheduler - INFO - Cache phase timings: cleanup_finished_sync=7.3ms/314
2026-09-08 11:39:17,494 - omlx.patches.mlx_lm_mtp.batch_generator - INFO - MTP singleton recovery: multirow marker cleared (compact cache)
2026-09-08 11:39:17,602 - omlx.server - INFO - Chat completion: model=Ornith-1.5-35B-A3B-Abliterated-MLX-4bit, 210 tokens in 3.36s (62.5 tok/s), prompt: 217, finish_reason=stop, max_tokens=8192, request_max_tokens=8192
2026-09-08 11:39:20,420 - omlx.scheduler - INFO - Cache phase timings: cleanup_finished_sync=7.3ms/315
2026-09-08 11:39:20,422 - omlx.patches.mlx_lm_mtp.batch_generator - INFO - MTP singleton recovery: multirow marker cleared (compact cache)
2026-09-08 11:39:20,435 - omlx.server - INFO - Chat completion: model=Ornith-1.5-35B-A3B-Abliterated-MLX-4bit, 301 tokens in 4.26s (70.7 tok/s), prompt: 622, finish_reason=stop, max_tokens=8192, request_max_tokens=8192
2026-09-08 11:39:22,543 - omlx.scheduler - INFO - Cache phase timings: cleanup_finished_sync=7.3ms/316
2026-09-08 11:39:22,543 - omlx.server - INFO - Chat completion: model=Ornith-1.5-35B-A3B-Abliterated-MLX-4bit, 387 tokens in 4.94s (78.4 tok/s), prompt: 399, finish_reason=stop, max_tokens=8192, request_max_tokens=8192
2026-09-08 11:39:22,546 - omlx.patches.mlx_lm_mtp.batch_generator - INFO - MTP singleton recovery: multirow marker cleared (compact cache)
2026-09-08 11:39:23,940 - omlx.scheduler - INFO - Cache phase timings: cleanup_finished_sync=7.4ms/317
2026-09-08 11:39:23,940 - omlx.patches.mlx_lm_mtp.batch_generator - INFO - MTP singleton recovery: multirow marker cleared (compact cache)
2026-09-08 11:39:23,954 - omlx.server - INFO - Chat completion: model=Ornith-1.5-35B-A3B-Abliterated-MLX-4bit, 245 tokens in 3.51s (69.7 tok/s), prompt: 212, finish_reason=stop, max_tokens=8192, request_max_tokens=8192
2026-09-08 11:39:27,128 - omlx.scheduler - INFO - Cache phase timings: cleanup_finished_sync=7.4ms/318
2026-09-08 11:39:27,129 - omlx.server - INFO - Chat completion: model=Ornith-1.5-35B-A3B-Abliterated-MLX-4bit, 344 tokens in 4.58s (75.1 tok/s), prompt: 447, finish_reason=stop, max_tokens=8192, request_max_tokens=8192
2026-09-08 11:39:27,131 - omlx.patches.mlx_lm_mtp.batch_generator - INFO - MTP singleton recovery: multirow marker cleared (compact cache)
2026-09-08 11:39:30,023 - omlx.scheduler - INFO - Cache phase timings: cleanup_finished_sync=7.4ms/319
2026-09-08 11:39:30,023 - omlx.patches.mlx_lm_mtp.batch_generator - INFO - MTP singleton recovery: multirow marker cleared (compact cache)
2026-09-08 11:39:30,125 - omlx.server - INFO - Chat completion: model=Ornith-1.5-35B-A3B-Abliterated-MLX-4bit, 212 tokens in 2.99s (70.8 tok/s), prompt: 575, finish_reason=stop, max_tokens=8192, request_max_tokens=8192
2026-09-08 11:39:32,041 - omlx.scheduler - INFO - Cache phase timings: cleanup_finished_sync=7.4ms/320
2026-09-08 11:39:32,042 - omlx.patches.mlx_lm_mtp.batch_generator - INFO - MTP singleton recovery: multirow marker cleared (compact cache)
2026-09-08 11:39:32,055 - omlx.server - INFO - Chat completion: model=Ornith-1.5-35B-A3B-Abliterated-MLX-4bit, 639 tokens in 8.09s (78.9 tok/s), prompt: 388, finish_reason=stop, max_tokens=8192, request_max_tokens=8192
2026-09-08 11:39:34,078 - omlx.scheduler - INFO - Cache phase timings: cleanup_finished_sync=7.5ms/321
2026-09-08 11:39:34,080 - omlx.patches.mlx_lm_mtp.batch_generator - INFO - MTP singleton recovery: multirow marker cleared (compact cache)
2026-09-08 11:39:34,093 - omlx.server - INFO - Chat completion: model=Ornith-1.5-35B-A3B-Abliterated-MLX-4bit, 127 tokens in 2.03s (62.5 tok/s), prompt: 602, finish_reason=stop, max_tokens=8192, request_max_tokens=8192
2026-09-08 11:39:36,671 - omlx.scheduler - INFO - Cache phase timings: cleanup_finished_sync=7.5ms/322
2026-09-08 11:39:36,671 - omlx.server - INFO - Chat completion: model=Ornith-1.5-35B-A3B-Abliterated-MLX-4bit, 178 tokens in 2.57s (69.2 tok/s), prompt: 581, finish_reason=stop, max_tokens=8192, request_max_tokens=8192
2026-09-08 11:39:36,671 - omlx.patches.mlx_lm_mtp.batch_generator - INFO - MTP singleton recovery: multirow marker cleared (compact cache)
2026-09-08 11:39:42,054 - omlx.scheduler - INFO - Cache phase timings: cleanup_finished_sync=7.5ms/323
2026-09-08 11:39:42,054 - omlx.server - INFO - Chat completion: model=Ornith-1.5-35B-A3B-Abliterated-MLX-4bit, 444 tokens in 5.38s (82.6 tok/s), prompt: 505, finish_reason=stop, max_tokens=8192, request_max_tokens=8192
2026-09-08 11:39:42,054 - omlx.patches.mlx_lm_mtp.batch_generator - INFO - MTP singleton recovery: multirow marker cleared (compact cache)
2026-09-08 11:39:46,043 - omlx.scheduler - INFO - Cache phase timings: cleanup_finished_sync=7.5ms/324
2026-09-08 11:39:46,043 - omlx.server - INFO - Chat completion: model=Ornith-1.5-35B-A3B-Abliterated-MLX-4bit, 299 tokens in 3.98s (75.1 tok/s), prompt: 367, finish_reason=stop, max_tokens=8192, request_max_tokens=8192
2026-09-08 11:39:46,044 - omlx.patches.mlx_lm_mtp.batch_generator - INFO - MTP singleton recovery: multirow marker cleared (compact cache)
2026-09-08 11:39:50,631 - omlx.scheduler - INFO - Cache phase timings: cleanup_finished_sync=7.5ms/325
2026-09-08 11:39:50,631 - omlx.server - INFO - Chat completion: model=Ornith-1.5-35B-A3B-Abliterated-MLX-4bit, 352 tokens in 4.58s (76.8 tok/s), prompt: 215, finish_reason=stop, max_tokens=8192, request_max_tokens=8192
2026-09-08 11:39:50,631 - omlx.patches.mlx_lm_mtp.batch_generator - INFO - MTP singleton recovery: multirow marker cleared (compact cache)
2026-09-08 11:39:52,430 - omlx.scheduler - INFO - Cache phase timings: cleanup_finished_sync=7.6ms/326
2026-09-08 11:39:52,430 - omlx.patches.mlx_lm_mtp.batch_generator - INFO - MTP singleton recovery: multirow marker cleared (compact cache)
2026-09-08 11:39:52,536 - omlx.server - INFO - Chat completion: model=Ornith-1.5-35B-A3B-Abliterated-MLX-4bit, 109 tokens in 1.90s (57.4 tok/s), prompt: 213, finish_reason=stop, max_tokens=8192, request_max_tokens=8192
2026-09-08 11:39:56,481 - omlx.scheduler - INFO - Cache phase timings: cleanup_finished_sync=7.6ms/327
2026-09-08 11:39:56,481 - omlx.server - INFO - Chat completion: model=Ornith-1.5-35B-A3B-Abliterated-MLX-4bit, 284 tokens in 3.94s (72.1 tok/s), prompt: 458, finish_reason=stop, max_tokens=8192, request_max_tokens=8192
2026-09-08 11:39:56,481 - omlx.patches.mlx_lm_mtp.batch_generator - INFO - MTP singleton recovery: multirow marker cleared (compact cache)
2026-09-08 11:39:59,810 - omlx.scheduler - INFO - Cache phase timings: cleanup_finished_sync=7.6ms/328
2026-09-08 11:39:59,810 - omlx.server - INFO - Chat completion: model=Ornith-1.5-35B-A3B-Abliterated-MLX-4bit, 231 tokens in 3.32s (69.5 tok/s), prompt: 379, finish_reason=stop, max_tokens=8192, request_max_tokens=8192
2026-09-08 11:39:59,811 - omlx.patches.mlx_lm_mtp.batch_generator - INFO - MTP singleton recovery: multirow marker cleared (compact cache)
2026-09-08 11:40:09,192 - omlx.scheduler - INFO - Cache phase timings: cleanup_finished_sync=7.6ms/329
2026-09-08 11:40:09,192 - omlx.patches.mlx_lm_mtp.batch_generator - INFO - MTP singleton recovery: multirow marker cleared (compact cache)
2026-09-08 11:40:09,304 - omlx.server - INFO - Chat completion: model=Ornith-1.5-35B-A3B-Abliterated-MLX-4bit, 744 tokens in 9.49s (78.4 tok/s), prompt: 226, finish_reason=stop, max_tokens=8192, request_max_tokens=8192
2026-09-08 11:40:10,907 - omlx.scheduler - INFO - Cache phase timings: cleanup_finished_sync=7.6ms/330
2026-09-08 11:40:10,907 - omlx.server - INFO - Chat completion: model=Ornith-1.5-35B-A3B-Abliterated-MLX-4bit, 83 tokens in 1.60s (52.0 tok/s), prompt: 347, finish_reason=stop, max_tokens=8192, request_max_tokens=8192
2026-09-08 11:40:10,907 - omlx.patches.mlx_lm_mtp.batch_generator - INFO - MTP singleton recovery: multirow marker cleared (compact cache)
2026-09-08 11:40:14,107 - omlx.scheduler - INFO - Cache phase timings: cleanup_finished_sync=7.7ms/331
2026-09-08 11:40:14,108 - omlx.server - INFO - Chat completion: model=Ornith-1.5-35B-A3B-Abliterated-MLX-4bit, 211 tokens in 3.19s (66.1 tok/s), prompt: 423, finish_reason=stop, max_tokens=8192, request_max_tokens=8192
2026-09-08 11:40:14,108 - omlx.patches.mlx_lm_mtp.batch_generator - INFO - MTP singleton recovery: multirow marker cleared (compact cache)
2026-09-08 11:40:17,024 - omlx.scheduler - INFO - Cache phase timings: cleanup_finished_sync=7.7ms/332
2026-09-08 11:40:17,024 - omlx.server - INFO - Chat completion: model=Ornith-1.5-35B-A3B-Abliterated-MLX-4bit, 172 tokens in 2.91s (59.1 tok/s), prompt: 716, finish_reason=stop, max_tokens=8192, request_max_tokens=8192
2026-09-08 11:40:17,025 - omlx.patches.mlx_lm_mtp.batch_generator - INFO - MTP singleton recovery: multirow marker cleared (compact cache)
2026-09-08 11:40:37,500 - omlx.scheduler - INFO - Cache phase timings: cleanup_finished_sync=7.7ms/333
2026-09-08 11:40:37,501 - omlx.server - INFO - Chat completion: model=Ornith-1.5-35B-A3B-Abliterated-MLX-4bit, 1646 tokens in 20.47s (80.4 tok/s), prompt: 255, finish_reason=stop, max_tokens=8192, request_max_tokens=8192
2026-09-08 11:40:37,501 - omlx.patches.mlx_lm_mtp.batch_generator - INFO - MTP singleton recovery: multirow marker cleared (compact cache)
2026-09-08 11:40:39,447 - omlx.scheduler - INFO - Cache phase timings: cleanup_finished_sync=7.7ms/334
2026-09-08 11:40:39,447 - omlx.patches.mlx_lm_mtp.batch_generator - INFO - MTP singleton recovery: multirow marker cleared (compact cache)
2026-09-08 11:40:39,549 - omlx.server - INFO - Chat completion: model=Ornith-1.5-35B-A3B-Abliterated-MLX-4bit, 101 tokens in 2.04s (49.5 tok/s), prompt: 434, finish_reason=stop, max_tokens=8192, request_max_tokens=8192
2026-09-08 11:40:45,365 - omlx.scheduler - INFO - Cache phase timings: cleanup_finished_sync=7.8ms/335
2026-09-08 11:40:45,366 - omlx.patches.mlx_lm_mtp.batch_generator - INFO - MTP singleton recovery: multirow marker cleared (compact cache)
2026-09-08 11:40:45,475 - omlx.server - INFO - Chat completion: model=Ornith-1.5-35B-A3B-Abliterated-MLX-4bit, 401 tokens in 5.92s (67.7 tok/s), prompt: 524, finish_reason=stop, max_tokens=8192, request_max_tokens=8192
2026-09-08 11:40:47,494 - omlx.scheduler - INFO - Cache phase timings: cleanup_finished_sync=7.8ms/336
2026-09-08 11:40:47,494 - omlx.patches.mlx_lm_mtp.batch_generator - INFO - MTP singleton recovery: multirow marker cleared (compact cache)
2026-09-08 11:40:47,510 - omlx.server - INFO - Chat completion: model=Ornith-1.5-35B-A3B-Abliterated-MLX-4bit, 106 tokens in 2.03s (52.3 tok/s), prompt: 378, finish_reason=stop, max_tokens=8192, request_max_tokens=8192
2026-09-08 11:40:50,687 - omlx.scheduler - INFO - Cache phase timings: cleanup_finished_sync=7.8ms/337
2026-09-08 11:40:50,687 - omlx.server - INFO - Chat completion: model=Ornith-1.5-35B-A3B-Abliterated-MLX-4bit, 195 tokens in 3.17s (61.5 tok/s), prompt: 418, finish_reason=stop, max_tokens=8192, request_max_tokens=8192
2026-09-08 11:40:50,687 - omlx.patches.mlx_lm_mtp.batch_generator - INFO - MTP singleton recovery: multirow marker cleared (compact cache)
2026-09-08 11:40:52,364 - omlx.scheduler - INFO - Cache phase timings: cleanup_finished_sync=7.8ms/338
2026-09-08 11:40:52,364 - omlx.patches.mlx_lm_mtp.batch_generator - INFO - MTP singleton recovery: multirow marker cleared (compact cache)
2026-09-08 11:40:52,381 - omlx.server - INFO - Chat completion: model=Ornith-1.5-35B-A3B-Abliterated-MLX-4bit, 78 tokens in 1.69s (46.2 tok/s), prompt: 413, finish_reason=stop, max_tokens=8192, request_max_tokens=8192
2026-09-08 11:40:57,365 - omlx.scheduler - INFO - Cache phase timings: cleanup_finished_sync=7.8ms/339
2026-09-08 11:40:57,365 - omlx.server - INFO - Chat completion: model=Ornith-1.5-35B-A3B-Abliterated-MLX-4bit, 328 tokens in 4.98s (65.9 tok/s), prompt: 525, finish_reason=stop, max_tokens=8192, request_max_tokens=8192
2026-09-08 11:40:57,365 - omlx.patches.mlx_lm_mtp.batch_generator - INFO - MTP singleton recovery: multirow marker cleared (compact cache)
2026-09-08 11:41:00,780 - omlx.scheduler - INFO - Cache phase timings: cleanup_finished_sync=7.9ms/340
2026-09-08 11:41:00,780 - omlx.patches.mlx_lm_mtp.batch_generator - INFO - MTP singleton recovery: multirow marker cleared (compact cache)
2026-09-08 11:41:00,889 - omlx.server - INFO - Chat completion: model=Ornith-1.5-35B-A3B-Abliterated-MLX-4bit, 204 tokens in 3.52s (58.0 tok/s), prompt: 509, finish_reason=stop, max_tokens=8192, request_max_tokens=8192
2026-09-08 11:41:03,348 - omlx.scheduler - INFO - Cache phase timings: cleanup_finished_sync=7.9ms/341
2026-09-08 11:41:03,348 - omlx.patches.mlx_lm_mtp.batch_generator - INFO - MTP singleton recovery: multirow marker cleared (compact cache)
2026-09-08 11:41:03,455 - omlx.server - INFO - Chat completion: model=Ornith-1.5-35B-A3B-Abliterated-MLX-4bit, 141 tokens in 2.56s (55.1 tok/s), prompt: 295, finish_reason=stop, max_tokens=8192, request_max_tokens=8192
2026-09-08 11:41:04,473 - omlx.scheduler - INFO - Cache phase timings: cleanup_finished_sync=7.9ms/342
2026-09-08 11:41:04,473 - omlx.patches.mlx_lm_mtp.batch_generator - INFO - MTP singleton recovery: multirow marker cleared (compact cache)
2026-09-08 11:41:04,577 - omlx.server - INFO - Chat completion: model=Ornith-1.5-35B-A3B-Abliterated-MLX-4bit, 33 tokens in 1.12s (29.6 tok/s), prompt: 245, finish_reason=stop, max_tokens=8192, request_max_tokens=8192
2026-09-08 11:41:06,520 - omlx.scheduler - INFO - Cache phase timings: cleanup_finished_sync=7.9ms/343
2026-09-08 11:41:06,520 - omlx.server - INFO - Chat completion: model=Ornith-1.5-35B-A3B-Abliterated-MLX-4bit, 96 tokens in 1.94s (49.6 tok/s), prompt: 387, finish_reason=stop, max_tokens=8192, request_max_tokens=8192
2026-09-08 11:41:06,521 - omlx.patches.mlx_lm_mtp.batch_generator - INFO - MTP singleton recovery: multirow marker cleared (compact cache)
2026-09-08 11:41:08,073 - omlx.scheduler - INFO - Cache phase timings: cleanup_finished_sync=8.0ms/344
2026-09-08 11:41:08,074 - omlx.server - INFO - Chat completion: model=Ornith-1.5-35B-A3B-Abliterated-MLX-4bit, 64 tokens in 1.55s (41.4 tok/s), prompt: 487, finish_reason=stop, max_tokens=8192, request_max_tokens=8192
2026-09-08 11:41:08,074 - omlx.patches.mlx_lm_mtp.batch_generator - INFO - MTP singleton recovery: multirow marker cleared (compact cache)
2026-09-08 11:41:10,602 - omlx.scheduler - INFO - Cache phase timings: cleanup_finished_sync=8.0ms/345
2026-09-08 11:41:10,603 - omlx.patches.mlx_lm_mtp.batch_generator - INFO - MTP singleton recovery: multirow marker cleared (compact cache)
2026-09-08 11:41:10,619 - omlx.server - INFO - Chat completion: model=Ornith-1.5-35B-A3B-Abliterated-MLX-4bit, 138 tokens in 2.54s (54.4 tok/s), prompt: 459, finish_reason=stop, max_tokens=8192, request_max_tokens=8192
2026-09-08 11:41:16,429 - omlx.scheduler - INFO - Cache phase timings: cleanup_finished_sync=8.0ms/346
2026-09-08 11:41:16,430 - omlx.server - INFO - Chat completion: model=Ornith-1.5-35B-A3B-Abliterated-MLX-4bit, 387 tokens in 5.80s (66.7 tok/s), prompt: 258, finish_reason=stop, max_tokens=8192, request_max_tokens=8192
2026-09-08 11:41:16,430 - omlx.patches.mlx_lm_mtp.batch_generator - INFO - MTP singleton recovery: multirow marker cleared (compact cache)
2026-09-08 11:41:18,188 - omlx.scheduler - INFO - Cache phase timings: cleanup_finished_sync=8.0ms/347
2026-09-08 11:41:18,188 - omlx.patches.mlx_lm_mtp.batch_generator - INFO - MTP singleton recovery: multirow marker cleared (compact cache)
2026-09-08 11:41:18,205 - omlx.server - INFO - Chat completion: model=Ornith-1.5-35B-A3B-Abliterated-MLX-4bit, 81 tokens in 1.77s (45.8 tok/s), prompt: 386, finish_reason=stop, max_tokens=8192, request_max_tokens=8192
2026-09-08 11:41:20,778 - omlx.scheduler - INFO - Cache phase timings: cleanup_finished_sync=8.0ms/348
2026-09-08 11:41:20,778 - omlx.patches.mlx_lm_mtp.batch_generator - INFO - MTP singleton recovery: multirow marker cleared (compact cache)
2026-09-08 11:41:20,886 - omlx.server - INFO - Chat completion: model=Ornith-1.5-35B-A3B-Abliterated-MLX-4bit, 132 tokens in 2.67s (49.4 tok/s), prompt: 613, finish_reason=stop, max_tokens=8192, request_max_tokens=8192
2026-09-08 11:41:22,424 - omlx.scheduler - INFO - Cache phase timings: cleanup_finished_sync=8.1ms/349
2026-09-08 11:41:22,425 - omlx.server - INFO - Chat completion: model=Ornith-1.5-35B-A3B-Abliterated-MLX-4bit, 8192 tokens in 112.29s (73.0 tok/s), prompt: 422, finish_reason=length, max_tokens=8192, request_max_tokens=8192
2026-09-08 11:41:22,427 - omlx.patches.mlx_lm_mtp.batch_generator - INFO - MTP singleton recovery: multirow marker cleared (compact cache)
2026-09-08 11:41:23,491 - omlx.scheduler - INFO - Cache phase timings: cleanup_finished_sync=8.1ms/350
2026-09-08 11:41:23,493 - omlx.patches.mlx_lm_mtp.batch_generator - INFO - MTP singleton recovery: multirow marker cleared (compact cache)
2026-09-08 11:41:23,507 - omlx.server - INFO - Chat completion: model=Ornith-1.5-35B-A3B-Abliterated-MLX-4bit, 134 tokens in 2.61s (51.3 tok/s), prompt: 419, finish_reason=stop, max_tokens=8192, request_max_tokens=8192
2026-09-08 11:41:26,721 - omlx.scheduler - INFO - Cache phase timings: cleanup_finished_sync=8.1ms/351
2026-09-08 11:41:26,722 - omlx.server - INFO - Chat completion: model=Ornith-1.5-35B-A3B-Abliterated-MLX-4bit, 250 tokens in 3.21s (77.9 tok/s), prompt: 423, finish_reason=stop, max_tokens=8192, request_max_tokens=8192
2026-09-08 11:41:26,724 - omlx.patches.mlx_lm_mtp.batch_generator - INFO - MTP singleton recovery: multirow marker cleared (compact cache)
2026-09-08 11:41:29,146 - omlx.scheduler - INFO - Cache phase timings: cleanup_finished_sync=8.1ms/352
2026-09-08 11:41:29,147 - omlx.server - INFO - Chat completion: model=Ornith-1.5-35B-A3B-Abliterated-MLX-4bit, 513 tokens in 6.71s (76.4 tok/s), prompt: 247, finish_reason=stop, max_tokens=8192, request_max_tokens=8192
2026-09-08 11:41:29,149 - omlx.patches.mlx_lm_mtp.batch_generator - INFO - MTP singleton recovery: multirow marker cleared (compact cache)
2026-09-08 11:41:29,950 - omlx.scheduler - INFO - Cache phase timings: cleanup_finished_sync=8.2ms/353
2026-09-08 11:41:29,951 - omlx.patches.mlx_lm_mtp.batch_generator - INFO - MTP singleton recovery: multirow marker cleared (compact cache)
2026-09-08 11:41:29,965 - omlx.server - INFO - Chat completion: model=Ornith-1.5-35B-A3B-Abliterated-MLX-4bit, 204 tokens in 3.24s (63.0 tok/s), prompt: 524, finish_reason=stop, max_tokens=8192, request_max_tokens=8192
2026-09-08 11:41:31,414 - omlx.scheduler - INFO - Cache phase timings: cleanup_finished_sync=8.2ms/354
2026-09-08 11:41:31,414 - omlx.patches.mlx_lm_mtp.batch_generator - INFO - MTP singleton recovery: multirow marker cleared (compact cache)
2026-09-08 11:41:31,516 - omlx.server - INFO - Chat completion: model=Ornith-1.5-35B-A3B-Abliterated-MLX-4bit, 82 tokens in 1.54s (53.1 tok/s), prompt: 388, finish_reason=stop, max_tokens=8192, request_max_tokens=8192
2026-09-08 11:41:34,322 - omlx.scheduler - INFO - Cache phase timings: cleanup_finished_sync=8.2ms/355
2026-09-08 11:41:34,324 - omlx.patches.mlx_lm_mtp.batch_generator - INFO - MTP singleton recovery: multirow marker cleared (compact cache)
2026-09-08 11:41:34,338 - omlx.server - INFO - Chat completion: model=Ornith-1.5-35B-A3B-Abliterated-MLX-4bit, 363 tokens in 5.19s (70.0 tok/s), prompt: 425, finish_reason=stop, max_tokens=8192, request_max_tokens=8192
2026-09-08 11:41:34,357 - omlx.scheduler - INFO - Cache phase timings: cleanup_finished_sync=8.2ms/356
2026-09-08 11:41:34,357 - omlx.server - INFO - Chat completion: model=Ornith-1.5-35B-A3B-Abliterated-MLX-4bit, 216 tokens in 2.83s (76.2 tok/s), prompt: 432, finish_reason=stop, max_tokens=8192, request_max_tokens=8192
2026-09-08 11:41:35,876 - omlx.scheduler - INFO - Cache phase timings: cleanup_finished_sync=8.3ms/357
2026-09-08 11:41:35,876 - omlx.server - INFO - Chat completion: model=Ornith-1.5-35B-A3B-Abliterated-MLX-4bit, 86 tokens in 1.53s (56.2 tok/s), prompt: 419, finish_reason=stop, max_tokens=8192, request_max_tokens=8192
2026-09-08 11:41:35,878 - omlx.patches.mlx_lm_mtp.batch_generator - INFO - MTP singleton recovery: multirow marker cleared (compact cache)
2026-09-08 11:41:36,926 - omlx.scheduler - INFO - Cache phase timings: cleanup_finished_sync=8.3ms/358
2026-09-08 11:41:36,926 - omlx.server - INFO - Chat completion: model=Ornith-1.5-35B-A3B-Abliterated-MLX-4bit, 36 tokens in 1.05s (34.4 tok/s), prompt: 424, finish_reason=stop, max_tokens=8192, request_max_tokens=8192
2026-09-08 11:41:36,928 - omlx.patches.mlx_lm_mtp.batch_generator - INFO - MTP singleton recovery: multirow marker cleared (compact cache)
2026-09-08 11:41:38,221 - omlx.scheduler - INFO - Cache phase timings: cleanup_finished_sync=8.3ms/359
2026-09-08 11:41:38,221 - omlx.server - INFO - Chat completion: model=Ornith-1.5-35B-A3B-Abliterated-MLX-4bit, 64 tokens in 1.29s (49.7 tok/s), prompt: 431, finish_reason=stop, max_tokens=8192, request_max_tokens=8192
2026-09-08 11:41:38,223 - omlx.patches.mlx_lm_mtp.batch_generator - INFO - MTP singleton recovery: multirow marker cleared (compact cache)
2026-09-08 11:41:40,218 - omlx.scheduler - INFO - Cache phase timings: cleanup_finished_sync=8.3ms/360
2026-09-08 11:41:40,218 - omlx.patches.mlx_lm_mtp.batch_generator - INFO - MTP singleton recovery: multirow marker cleared (compact cache)
2026-09-08 11:41:40,232 - omlx.server - INFO - Chat completion: model=Ornith-1.5-35B-A3B-Abliterated-MLX-4bit, 141 tokens in 2.01s (70.2 tok/s), prompt: 248, finish_reason=stop, max_tokens=8192, request_max_tokens=8192
2026-09-08 11:41:46,530 - omlx.scheduler - INFO - Cache phase timings: cleanup_finished_sync=8.3ms/361
2026-09-08 11:41:46,531 - omlx.patches.mlx_lm_mtp.batch_generator - INFO - MTP singleton recovery: multirow marker cleared (compact cache)
2026-09-08 11:41:46,638 - omlx.server - INFO - Chat completion: model=Ornith-1.5-35B-A3B-Abliterated-MLX-4bit, 549 tokens in 6.40s (85.8 tok/s), prompt: 421, finish_reason=stop, max_tokens=8192, request_max_tokens=8192
2026-09-08 11:41:48,451 - omlx.scheduler - INFO - Cache phase timings: cleanup_finished_sync=8.4ms/362
2026-09-08 11:41:48,451 - omlx.server - INFO - Chat completion: model=Ornith-1.5-35B-A3B-Abliterated-MLX-4bit, 111 tokens in 1.81s (61.4 tok/s), prompt: 375, finish_reason=stop, max_tokens=8192, request_max_tokens=8192
2026-09-08 11:41:48,451 - omlx.patches.mlx_lm_mtp.batch_generator - INFO - MTP singleton recovery: multirow marker cleared (compact cache)
2026-09-08 11:41:49,426 - omlx.scheduler - INFO - Cache phase timings: cleanup_finished_sync=8.4ms/363
2026-09-08 11:41:49,427 - omlx.server - INFO - Chat completion: model=Ornith-1.5-35B-A3B-Abliterated-MLX-4bit, 32 tokens in 0.97s (33.1 tok/s), prompt: 362, finish_reason=stop, max_tokens=8192, request_max_tokens=8192
2026-09-08 11:41:49,427 - omlx.patches.mlx_lm_mtp.batch_generator - INFO - MTP singleton recovery: multirow marker cleared (compact cache)
2026-09-08 11:41:50,872 - omlx.scheduler - INFO - Cache phase timings: cleanup_finished_sync=8.4ms/364
2026-09-08 11:41:50,872 - omlx.patches.mlx_lm_mtp.batch_generator - INFO - MTP singleton recovery: multirow marker cleared (compact cache)
2026-09-08 11:41:50,978 - omlx.server - INFO - Chat completion: model=Ornith-1.5-35B-A3B-Abliterated-MLX-4bit, 77 tokens in 1.55s (49.8 tok/s), prompt: 291, finish_reason=stop, max_tokens=8192, request_max_tokens=8192
2026-09-08 11:41:53,699 - omlx.scheduler - INFO - Cache phase timings: cleanup_finished_sync=8.4ms/365
2026-09-08 11:41:53,700 - omlx.server - INFO - Chat completion: model=Ornith-1.5-35B-A3B-Abliterated-MLX-4bit, 183 tokens in 2.71s (67.4 tok/s), prompt: 458, finish_reason=stop, max_tokens=8192, request_max_tokens=8192
2026-09-08 11:41:53,700 - omlx.patches.mlx_lm_mtp.batch_generator - INFO - MTP singleton recovery: multirow marker cleared (compact cache)
2026-09-08 11:41:56,254 - omlx.scheduler - INFO - Cache phase timings: cleanup_finished_sync=8.5ms/366
2026-09-08 11:41:56,254 - omlx.patches.mlx_lm_mtp.batch_generator - INFO - MTP singleton recovery: multirow marker cleared (compact cache)
2026-09-08 11:41:56,268 - omlx.server - INFO - Chat completion: model=Ornith-1.5-35B-A3B-Abliterated-MLX-4bit, 170 tokens in 2.56s (66.4 tok/s), prompt: 412, finish_reason=stop, max_tokens=8192, request_max_tokens=8192
2026-09-08 11:41:59,664 - omlx.scheduler - INFO - Cache phase timings: cleanup_finished_sync=8.5ms/367
2026-09-08 11:41:59,664 - omlx.patches.mlx_lm_mtp.batch_generator - INFO - MTP singleton recovery: multirow marker cleared (compact cache)
2026-09-08 11:41:59,769 - omlx.server - INFO - Chat completion: model=Ornith-1.5-35B-A3B-Abliterated-MLX-4bit, 237 tokens in 3.49s (67.8 tok/s), prompt: 504, finish_reason=stop, max_tokens=8192, request_max_tokens=8192
2026-09-08 11:42:00,941 - omlx.scheduler - INFO - Cache phase timings: cleanup_finished_sync=8.5ms/368
2026-09-08 11:42:00,941 - omlx.server - INFO - Chat completion: model=Ornith-1.5-35B-A3B-Abliterated-MLX-4bit, 47 tokens in 1.17s (40.3 tok/s), prompt: 377, finish_reason=stop, max_tokens=8192, request_max_tokens=8192
2026-09-08 11:42:00,941 - omlx.patches.mlx_lm_mtp.batch_generator - INFO - MTP singleton recovery: multirow marker cleared (compact cache)
2026-09-08 11:42:03,257 - omlx.scheduler - INFO - Cache phase timings: cleanup_finished_sync=8.5ms/369
2026-09-08 11:42:03,259 - omlx.patches.mlx_lm_mtp.batch_generator - INFO - MTP singleton recovery: multirow marker cleared (compact cache)
2026-09-08 11:42:03,272 - omlx.server - INFO - Chat completion: model=Ornith-1.5-35B-A3B-Abliterated-MLX-4bit, 2135 tokens in 28.91s (73.9 tok/s), prompt: 219, finish_reason=stop, max_tokens=8192, request_max_tokens=8192
2026-09-08 11:42:03,993 - omlx.scheduler - INFO - Cache phase timings: cleanup_finished_sync=8.6ms/370
2026-09-08 11:42:03,993 - omlx.server - INFO - Chat completion: model=Ornith-1.5-35B-A3B-Abliterated-MLX-4bit, 185 tokens in 3.05s (60.7 tok/s), prompt: 377, finish_reason=stop, max_tokens=8192, request_max_tokens=8192
2026-09-08 11:42:03,996 - omlx.patches.mlx_lm_mtp.batch_generator - INFO - MTP singleton recovery: multirow marker cleared (compact cache)
2026-09-08 11:42:08,912 - omlx.scheduler - INFO - Cache phase timings: cleanup_finished_sync=8.6ms/371
2026-09-08 11:42:08,914 - omlx.patches.mlx_lm_mtp.batch_generator - INFO - MTP singleton recovery: multirow marker cleared (compact cache)
2026-09-08 11:42:09,017 - omlx.server - INFO - Chat completion: model=Ornith-1.5-35B-A3B-Abliterated-MLX-4bit, 402 tokens in 5.02s (80.1 tok/s), prompt: 621, finish_reason=stop, max_tokens=8192, request_max_tokens=8192
2026-09-08 11:42:09,238 - omlx.scheduler - INFO - Cache phase timings: cleanup_finished_sync=8.6ms/372
2026-09-08 11:42:09,239 - omlx.server - INFO - Chat completion: model=Ornith-1.5-35B-A3B-Abliterated-MLX-4bit, 465 tokens in 5.96s (78.0 tok/s), prompt: 235, finish_reason=stop, max_tokens=8192, request_max_tokens=8192
2026-09-08 11:42:10,250 - omlx.scheduler - INFO - Cache phase timings: cleanup_finished_sync=8.6ms/373
2026-09-08 11:42:10,250 - omlx.server - INFO - Chat completion: model=Ornith-1.5-35B-A3B-Abliterated-MLX-4bit, 42 tokens in 1.23s (34.1 tok/s), prompt: 238, finish_reason=stop, max_tokens=8192, request_max_tokens=8192
2026-09-08 11:42:10,250 - omlx.patches.mlx_lm_mtp.batch_generator - INFO - MTP singleton recovery: multirow marker cleared (compact cache)
2026-09-08 11:42:13,336 - omlx.scheduler - INFO - Cache phase timings: cleanup_finished_sync=8.7ms/374
2026-09-08 11:42:13,337 - omlx.server - INFO - Chat completion: model=Ornith-1.5-35B-A3B-Abliterated-MLX-4bit, 281 tokens in 4.09s (68.7 tok/s), prompt: 283, finish_reason=stop, max_tokens=8192, request_max_tokens=8192
2026-09-08 11:42:13,337 - omlx.patches.mlx_lm_mtp.batch_generator - INFO - MTP singleton recovery: multirow marker cleared (compact cache)
2026-09-08 11:42:15,529 - omlx.scheduler - INFO - Cache phase timings: cleanup_finished_sync=8.7ms/375
2026-09-08 11:42:15,529 - omlx.patches.mlx_lm_mtp.batch_generator - INFO - MTP singleton recovery: multirow marker cleared (compact cache)
2026-09-08 11:42:15,630 - omlx.server - INFO - Chat completion: model=Ornith-1.5-35B-A3B-Abliterated-MLX-4bit, 145 tokens in 2.29s (63.4 tok/s), prompt: 437, finish_reason=stop, max_tokens=8192, request_max_tokens=8192
2026-09-08 11:42:17,063 - omlx.scheduler - INFO - Cache phase timings: cleanup_finished_sync=8.7ms/376
2026-09-08 11:42:17,064 - omlx.server - INFO - Chat completion: model=Ornith-1.5-35B-A3B-Abliterated-MLX-4bit, 79 tokens in 1.43s (55.4 tok/s), prompt: 388, finish_reason=stop, max_tokens=8192, request_max_tokens=8192
2026-09-08 11:42:17,064 - omlx.patches.mlx_lm_mtp.batch_generator - INFO - MTP singleton recovery: multirow marker cleared (compact cache)
2026-09-08 11:42:22,479 - omlx.scheduler - INFO - Cache phase timings: cleanup_finished_sync=8.7ms/377
2026-09-08 11:42:22,480 - omlx.server - INFO - Chat completion: model=Ornith-1.5-35B-A3B-Abliterated-MLX-4bit, 1001 tokens in 12.22s (81.9 tok/s), prompt: 389, finish_reason=stop, max_tokens=8192, request_max_tokens=8192
2026-09-08 11:42:22,482 - omlx.patches.mlx_lm_mtp.batch_generator - INFO - MTP singleton recovery: multirow marker cleared (compact cache)
2026-09-08 11:42:24,954 - omlx.scheduler - INFO - Cache phase timings: cleanup_finished_sync=8.7ms/378
2026-09-08 11:42:24,954 - omlx.server - INFO - Chat completion: model=Ornith-1.5-35B-A3B-Abliterated-MLX-4bit, 670 tokens in 7.88s (85.0 tok/s), prompt: 235, finish_reason=stop, max_tokens=8192, request_max_tokens=8192
2026-09-08 11:42:24,956 - omlx.patches.mlx_lm_mtp.batch_generator - INFO - MTP singleton recovery: multirow marker cleared (compact cache)
2026-09-08 11:42:26,381 - omlx.scheduler - INFO - Cache phase timings: cleanup_finished_sync=8.8ms/379
2026-09-08 11:42:26,381 - omlx.server - INFO - Chat completion: model=Ornith-1.5-35B-A3B-Abliterated-MLX-4bit, 289 tokens in 3.90s (74.1 tok/s), prompt: 232, finish_reason=stop, max_tokens=8192, request_max_tokens=8192
2026-09-08 11:42:26,383 - omlx.patches.mlx_lm_mtp.batch_generator - INFO - MTP singleton recovery: multirow marker cleared (compact cache)
2026-09-08 11:42:27,559 - omlx.scheduler - INFO - Cache phase timings: cleanup_finished_sync=8.8ms/380
2026-09-08 11:42:27,561 - omlx.patches.mlx_lm_mtp.batch_generator - INFO - MTP singleton recovery: multirow marker cleared (compact cache)
2026-09-08 11:42:27,575 - omlx.server - INFO - Chat completion: model=Ornith-1.5-35B-A3B-Abliterated-MLX-4bit, 153 tokens in 2.61s (58.5 tok/s), prompt: 377, finish_reason=stop, max_tokens=8192, request_max_tokens=8192
2026-09-08 11:42:29,522 - omlx.scheduler - INFO - Cache phase timings: cleanup_finished_sync=8.8ms/381
2026-09-08 11:42:29,522 - omlx.patches.mlx_lm_mtp.batch_generator - INFO - MTP singleton recovery: multirow marker cleared (compact cache)
2026-09-08 11:42:29,536 - omlx.server - INFO - Chat completion: model=Ornith-1.5-35B-A3B-Abliterated-MLX-4bit, 195 tokens in 3.15s (61.9 tok/s), prompt: 411, finish_reason=stop, max_tokens=8192, request_max_tokens=8192
2026-09-08 11:42:29,704 - omlx.scheduler - INFO - Cache phase timings: cleanup_finished_sync=8.8ms/382
2026-09-08 11:42:29,704 - omlx.server - INFO - Chat completion: model=Ornith-1.5-35B-A3B-Abliterated-MLX-4bit, 134 tokens in 2.12s (63.1 tok/s), prompt: 589, finish_reason=stop, max_tokens=8192, request_max_tokens=8192
2026-09-08 11:42:32,578 - omlx.scheduler - INFO - Cache phase timings: cleanup_finished_sync=8.9ms/383
2026-09-08 11:42:32,578 - omlx.server - INFO - Chat completion: model=Ornith-1.5-35B-A3B-Abliterated-MLX-4bit, 174 tokens in 2.87s (60.7 tok/s), prompt: 459, finish_reason=stop, max_tokens=8192, request_max_tokens=8192
2026-09-08 11:42:32,578 - omlx.patches.mlx_lm_mtp.batch_generator - INFO - MTP singleton recovery: multirow marker cleared (compact cache)
2026-09-08 11:42:32,785 - omlx.scheduler - INFO - Cache phase timings: cleanup_finished_sync=8.9ms/384
2026-09-08 11:42:32,785 - omlx.server - INFO - Chat completion: model=Ornith-1.5-35B-A3B-Abliterated-MLX-4bit, 218 tokens in 3.24s (67.2 tok/s), prompt: 581, finish_reason=stop, max_tokens=8192, request_max_tokens=8192
2026-09-08 11:42:33,819 - omlx.scheduler - INFO - Cache phase timings: cleanup_finished_sync=8.9ms/385
2026-09-08 11:42:33,819 - omlx.patches.mlx_lm_mtp.batch_generator - INFO - MTP singleton recovery: multirow marker cleared (compact cache)
2026-09-08 11:42:33,832 - omlx.server - INFO - Chat completion: model=Ornith-1.5-35B-A3B-Abliterated-MLX-4bit, 40 tokens in 1.25s (32.1 tok/s), prompt: 237, finish_reason=stop, max_tokens=8192, request_max_tokens=8192
2026-09-08 11:42:34,707 - omlx.scheduler - INFO - Cache phase timings: cleanup_finished_sync=8.9ms/386
2026-09-08 11:42:34,707 - omlx.server - INFO - Chat completion: model=Ornith-1.5-35B-A3B-Abliterated-MLX-4bit, 59 tokens in 1.92s (30.8 tok/s), prompt: 413, finish_reason=stop, max_tokens=8192, request_max_tokens=8192
2026-09-08 11:42:34,709 - omlx.patches.mlx_lm_mtp.batch_generator - INFO - MTP singleton recovery: multirow marker cleared (compact cache)
2026-09-08 11:42:37,332 - omlx.scheduler - INFO - Cache phase timings: cleanup_finished_sync=9.0ms/387
2026-09-08 11:42:37,332 - omlx.server - INFO - Chat completion: model=Ornith-1.5-35B-A3B-Abliterated-MLX-4bit, 195 tokens in 2.62s (74.4 tok/s), prompt: 418, finish_reason=stop, max_tokens=8192, request_max_tokens=8192
2026-09-08 11:42:37,332 - omlx.patches.mlx_lm_mtp.batch_generator - INFO - MTP singleton recovery: multirow marker cleared (compact cache)
2026-09-08 11:42:39,259 - omlx.scheduler - INFO - Cache phase timings: cleanup_finished_sync=9.0ms/388
2026-09-08 11:42:39,261 - omlx.patches.mlx_lm_mtp.batch_generator - INFO - MTP singleton recovery: multirow marker cleared (compact cache)
2026-09-08 11:42:39,274 - omlx.server - INFO - Chat completion: model=Ornith-1.5-35B-A3B-Abliterated-MLX-4bit, 389 tokens in 5.44s (71.6 tok/s), prompt: 393, finish_reason=stop, max_tokens=8192, request_max_tokens=8192
2026-09-08 11:42:39,405 - omlx.scheduler - INFO - Cache phase timings: cleanup_finished_sync=9.0ms/389
2026-09-08 11:42:39,405 - omlx.server - INFO - Chat completion: model=Ornith-1.5-35B-A3B-Abliterated-MLX-4bit, 138 tokens in 2.07s (66.8 tok/s), prompt: 295, finish_reason=stop, max_tokens=8192, request_max_tokens=8192
2026-09-08 11:42:40,899 - omlx.scheduler - INFO - Cache phase timings: cleanup_finished_sync=9.0ms/390
2026-09-08 11:42:40,899 - omlx.server - INFO - Chat completion: model=Ornith-1.5-35B-A3B-Abliterated-MLX-4bit, 44 tokens in 1.49s (29.6 tok/s), prompt: 586, finish_reason=stop, max_tokens=8192, request_max_tokens=8192
2026-09-08 11:42:40,901 - omlx.patches.mlx_lm_mtp.batch_generator - INFO - MTP singleton recovery: multirow marker cleared (compact cache)
2026-09-08 11:42:41,056 - omlx.scheduler - INFO - Cache phase timings: cleanup_finished_sync=9.0ms/391
2026-09-08 11:42:41,056 - omlx.server - INFO - Chat completion: model=Ornith-1.5-35B-A3B-Abliterated-MLX-4bit, 83 tokens in 1.78s (46.7 tok/s), prompt: 347, finish_reason=stop, max_tokens=8192, request_max_tokens=8192
2026-09-08 11:42:46,307 - omlx.scheduler - INFO - Cache phase timings: cleanup_finished_sync=9.1ms/392
2026-09-08 11:42:46,307 - omlx.server - INFO - Chat completion: model=Ornith-1.5-35B-A3B-Abliterated-MLX-4bit, 426 tokens in 5.24s (81.2 tok/s), prompt: 249, finish_reason=stop, max_tokens=8192, request_max_tokens=8192
2026-09-08 11:42:46,307 - omlx.patches.mlx_lm_mtp.batch_generator - INFO - MTP singleton recovery: multirow marker cleared (compact cache)
2026-09-08 11:42:47,706 - omlx.scheduler - INFO - Cache phase timings: cleanup_finished_sync=9.1ms/393
2026-09-08 11:42:47,708 - omlx.patches.mlx_lm_mtp.batch_generator - INFO - MTP singleton recovery: multirow marker cleared (compact cache)
2026-09-08 11:42:47,809 - omlx.server - INFO - Chat completion: model=Ornith-1.5-35B-A3B-Abliterated-MLX-4bit, 543 tokens in 6.90s (78.7 tok/s), prompt: 392, finish_reason=stop, max_tokens=8192, request_max_tokens=8192
2026-09-08 11:42:48,755 - omlx.scheduler - INFO - Cache phase timings: cleanup_finished_sync=9.1ms/394
2026-09-08 11:42:48,755 - omlx.server - INFO - Chat completion: model=Ornith-1.5-35B-A3B-Abliterated-MLX-4bit, 32 tokens in 0.94s (34.0 tok/s), prompt: 362, finish_reason=stop, max_tokens=8192, request_max_tokens=8192
2026-09-08 11:42:48,755 - omlx.patches.mlx_lm_mtp.batch_generator - INFO - MTP singleton recovery: multirow marker cleared (compact cache)
2026-09-08 11:42:49,647 - omlx.scheduler - INFO - Cache phase timings: cleanup_finished_sync=9.1ms/395
2026-09-08 11:42:49,649 - omlx.patches.mlx_lm_mtp.batch_generator - INFO - MTP singleton recovery: multirow marker cleared (compact cache)
2026-09-08 11:42:49,748 - omlx.server - INFO - Chat completion: model=Ornith-1.5-35B-A3B-Abliterated-MLX-4bit, 177 tokens in 3.43s (51.5 tok/s), prompt: 484, finish_reason=stop, max_tokens=8192, request_max_tokens=8192
2026-09-08 11:42:54,754 - omlx.scheduler - INFO - Cache phase timings: cleanup_finished_sync=9.2ms/396
2026-09-08 11:42:54,754 - omlx.server - INFO - Chat completion: model=Ornith-1.5-35B-A3B-Abliterated-MLX-4bit, 440 tokens in 5.00s (88.0 tok/s), prompt: 258, finish_reason=stop, max_tokens=8192, request_max_tokens=8192
2026-09-08 11:42:54,754 - omlx.patches.mlx_lm_mtp.batch_generator - INFO - MTP singleton recovery: multirow marker cleared (compact cache)
2026-09-08 11:42:57,778 - omlx.scheduler - INFO - Cache phase timings: cleanup_finished_sync=9.2ms/397
2026-09-08 11:42:57,778 - omlx.patches.mlx_lm_mtp.batch_generator - INFO - MTP singleton recovery: multirow marker cleared (compact cache)
2026-09-08 11:42:57,794 - omlx.server - INFO - Chat completion: model=Ornith-1.5-35B-A3B-Abliterated-MLX-4bit, 227 tokens in 3.03s (74.9 tok/s), prompt: 411, finish_reason=stop, max_tokens=8192, request_max_tokens=8192
2026-09-08 11:43:03,835 - omlx.scheduler - INFO - Cache phase timings: cleanup_finished_sync=9.2ms/398
2026-09-08 11:43:03,836 - omlx.patches.mlx_lm_mtp.batch_generator - INFO - MTP singleton recovery: multirow marker cleared (compact cache)
2026-09-08 11:43:03,941 - omlx.server - INFO - Chat completion: model=Ornith-1.5-35B-A3B-Abliterated-MLX-4bit, 489 tokens in 6.14s (79.6 tok/s), prompt: 398, finish_reason=stop, max_tokens=8192, request_max_tokens=8192
2026-09-08 11:43:08,614 - omlx.scheduler - INFO - Cache phase timings: cleanup_finished_sync=9.2ms/399
2026-09-08 11:43:08,615 - omlx.server - INFO - Chat completion: model=Ornith-1.5-35B-A3B-Abliterated-MLX-4bit, 344 tokens in 4.67s (73.7 tok/s), prompt: 686, finish_reason=stop, max_tokens=8192, request_max_tokens=8192
2026-09-08 11:43:08,615 - omlx.patches.mlx_lm_mtp.batch_generator - INFO - MTP singleton recovery: multirow marker cleared (compact cache)
2026-09-08 11:43:12,679 - omlx.scheduler - INFO - Cache phase timings: cleanup_finished_sync=9.3ms/400
2026-09-08 11:43:12,679 - omlx.patches.mlx_lm_mtp.batch_generator - INFO - MTP singleton recovery: multirow marker cleared (compact cache)
2026-09-08 11:43:12,694 - omlx.server - INFO - Chat completion: model=Ornith-1.5-35B-A3B-Abliterated-MLX-4bit, 286 tokens in 4.07s (70.2 tok/s), prompt: 716, finish_reason=stop, max_tokens=8192, request_max_tokens=8192
2026-09-08 11:43:16,533 - omlx.scheduler - INFO - Cache phase timings: cleanup_finished_sync=9.3ms/401
2026-09-08 11:43:16,533 - omlx.patches.mlx_lm_mtp.batch_generator - INFO - MTP singleton recovery: multirow marker cleared (compact cache)
2026-09-08 11:43:16,547 - omlx.server - INFO - Chat completion: model=Ornith-1.5-35B-A3B-Abliterated-MLX-4bit, 266 tokens in 3.85s (69.2 tok/s), prompt: 553, finish_reason=stop, max_tokens=8192, request_max_tokens=8192
2026-09-08 11:43:22,536 - omlx.scheduler - INFO - Cache phase timings: cleanup_finished_sync=9.3ms/402
2026-09-08 11:43:22,537 - omlx.server - INFO - Chat completion: model=Ornith-1.5-35B-A3B-Abliterated-MLX-4bit, 452 tokens in 5.98s (75.6 tok/s), prompt: 547, finish_reason=stop, max_tokens=8192, request_max_tokens=8192
2026-09-08 11:43:22,537 - omlx.patches.mlx_lm_mtp.batch_generator - INFO - MTP singleton recovery: multirow marker cleared (compact cache)
2026-09-08 11:43:28,758 - omlx.scheduler - INFO - Cache phase timings: cleanup_finished_sync=9.3ms/403
2026-09-08 11:43:28,759 - omlx.server - INFO - Chat completion: model=Ornith-1.5-35B-A3B-Abliterated-MLX-4bit, 480 tokens in 6.22s (77.2 tok/s), prompt: 225, finish_reason=stop, max_tokens=8192, request_max_tokens=8192
2026-09-08 11:43:28,759 - omlx.patches.mlx_lm_mtp.batch_generator - INFO - MTP singleton recovery: multirow marker cleared (compact cache)
2026-09-08 11:43:31,930 - omlx.scheduler - INFO - Cache phase timings: cleanup_finished_sync=9.4ms/404
2026-09-08 11:43:31,930 - omlx.server - INFO - Chat completion: model=Ornith-1.5-35B-A3B-Abliterated-MLX-4bit, 218 tokens in 3.16s (68.9 tok/s), prompt: 256, finish_reason=stop, max_tokens=8192, request_max_tokens=8192
2026-09-08 11:43:31,930 - omlx.patches.mlx_lm_mtp.batch_generator - INFO - MTP singleton recovery: multirow marker cleared (compact cache)
2026-09-08 11:43:33,125 - omlx.scheduler - INFO - Cache phase timings: cleanup_finished_sync=9.4ms/405
2026-09-08 11:43:33,125 - omlx.server - INFO - Chat completion: model=Ornith-1.5-35B-A3B-Abliterated-MLX-4bit, 47 tokens in 1.19s (39.5 tok/s), prompt: 377, finish_reason=stop, max_tokens=8192, request_max_tokens=8192
2026-09-08 11:43:33,126 - omlx.patches.mlx_lm_mtp.batch_generator - INFO - MTP singleton recovery: multirow marker cleared (compact cache)
2026-09-08 11:43:35,354 - omlx.scheduler - INFO - Cache phase timings: cleanup_finished_sync=9.4ms/406
2026-09-08 11:43:35,354 - omlx.patches.mlx_lm_mtp.batch_generator - INFO - MTP singleton recovery: multirow marker cleared (compact cache)
2026-09-08 11:43:35,371 - omlx.server - INFO - Chat completion: model=Ornith-1.5-35B-A3B-Abliterated-MLX-4bit, 130 tokens in 2.24s (58.1 tok/s), prompt: 428, finish_reason=stop, max_tokens=8192, request_max_tokens=8192
2026-09-08 11:43:36,477 - omlx.scheduler - INFO - Cache phase timings: cleanup_finished_sync=9.4ms/407
2026-09-08 11:43:36,477 - omlx.patches.mlx_lm_mtp.batch_generator - INFO - MTP singleton recovery: multirow marker cleared (compact cache)
2026-09-08 11:43:36,586 - omlx.server - INFO - Chat completion: model=Ornith-1.5-35B-A3B-Abliterated-MLX-4bit, 41 tokens in 1.21s (33.9 tok/s), prompt: 313, finish_reason=stop, max_tokens=8192, request_max_tokens=8192
2026-09-08 11:43:40,299 - omlx.scheduler - INFO - Cache phase timings: cleanup_finished_sync=9.4ms/408
2026-09-08 11:43:40,299 - omlx.patches.mlx_lm_mtp.batch_generator - INFO - MTP singleton recovery: multirow marker cleared (compact cache)
2026-09-08 11:43:40,409 - omlx.server - INFO - Chat completion: model=Ornith-1.5-35B-A3B-Abliterated-MLX-4bit, 257 tokens in 3.82s (67.3 tok/s), prompt: 236, finish_reason=stop, max_tokens=8192, request_max_tokens=8192
2026-09-08 11:43:42,751 - omlx.scheduler - INFO - Cache phase timings: cleanup_finished_sync=9.5ms/409
2026-09-08 11:43:42,751 - omlx.server - INFO - Chat completion: model=Ornith-1.5-35B-A3B-Abliterated-MLX-4bit, 144 tokens in 2.34s (61.6 tok/s), prompt: 278, finish_reason=stop, max_tokens=8192, request_max_tokens=8192
2026-09-08 11:43:42,752 - omlx.patches.mlx_lm_mtp.batch_generator - INFO - MTP singleton recovery: multirow marker cleared (compact cache)
2026-09-08 11:43:47,376 - omlx.scheduler - INFO - Cache phase timings: cleanup_finished_sync=9.5ms/410
2026-09-08 11:43:47,376 - omlx.patches.mlx_lm_mtp.batch_generator - INFO - MTP singleton recovery: multirow marker cleared (compact cache)
2026-09-08 11:43:47,393 - omlx.server - INFO - Chat completion: model=Ornith-1.5-35B-A3B-Abliterated-MLX-4bit, 321 tokens in 4.64s (69.3 tok/s), prompt: 379, finish_reason=stop, max_tokens=8192, request_max_tokens=8192
2026-09-08 11:43:50,222 - omlx.scheduler - INFO - Cache phase timings: cleanup_finished_sync=9.5ms/411
2026-09-08 11:43:50,222 - omlx.patches.mlx_lm_mtp.batch_generator - INFO - MTP singleton recovery: multirow marker cleared (compact cache)
2026-09-08 11:43:50,334 - omlx.server - INFO - Chat completion: model=Ornith-1.5-35B-A3B-Abliterated-MLX-4bit, 169 tokens in 2.93s (57.6 tok/s), prompt: 584, finish_reason=stop, max_tokens=8192, request_max_tokens=8192
2026-09-08 11:43:52,399 - omlx.scheduler - INFO - Cache phase timings: cleanup_finished_sync=9.5ms/412
2026-09-08 11:43:52,400 - omlx.server - INFO - Chat completion: model=Ornith-1.5-35B-A3B-Abliterated-MLX-4bit, 116 tokens in 2.06s (56.3 tok/s), prompt: 335, finish_reason=stop, max_tokens=8192, request_max_tokens=8192
2026-09-08 11:43:52,400 - omlx.patches.mlx_lm_mtp.batch_generator - INFO - MTP singleton recovery: multirow marker cleared (compact cache)
2026-09-08 11:43:57,737 - omlx.scheduler - INFO - Cache phase timings: cleanup_finished_sync=9.6ms/413
2026-09-08 11:43:57,737 - omlx.server - INFO - Chat completion: model=Ornith-1.5-35B-A3B-Abliterated-MLX-4bit, 372 tokens in 5.33s (69.8 tok/s), prompt: 383, finish_reason=stop, max_tokens=8192, request_max_tokens=8192
2026-09-08 11:43:57,737 - omlx.patches.mlx_lm_mtp.batch_generator - INFO - MTP singleton recovery: multirow marker cleared (compact cache)
2026-09-08 11:43:58,831 - omlx.scheduler - INFO - Cache phase timings: cleanup_finished_sync=9.7ms/414
2026-09-08 11:43:58,831 - omlx.patches.mlx_lm_mtp.batch_generator - INFO - MTP singleton recovery: multirow marker cleared (compact cache)
2026-09-08 11:43:58,935 - omlx.server - INFO - Chat completion: model=Ornith-1.5-35B-A3B-Abliterated-MLX-4bit, 41 tokens in 1.19s (34.4 tok/s), prompt: 242, finish_reason=stop, max_tokens=8192, request_max_tokens=8192
2026-09-08 11:44:06,891 - omlx.scheduler - INFO - Cache phase timings: cleanup_finished_sync=9.7ms/415
2026-09-08 11:44:06,892 - omlx.server - INFO - Chat completion: model=Ornith-1.5-35B-A3B-Abliterated-MLX-4bit, 562 tokens in 7.95s (70.7 tok/s), prompt: 566, finish_reason=stop, max_tokens=8192, request_max_tokens=8192
2026-09-08 11:44:06,892 - omlx.patches.mlx_lm_mtp.batch_generator - INFO - MTP singleton recovery: multirow marker cleared (compact cache)
2026-09-08 11:44:09,281 - omlx.scheduler - INFO - Cache phase timings: cleanup_finished_sync=9.8ms/416
2026-09-08 11:44:09,282 - omlx.server - INFO - Chat completion: model=Ornith-1.5-35B-A3B-Abliterated-MLX-4bit, 124 tokens in 2.38s (52.1 tok/s), prompt: 602, finish_reason=stop, max_tokens=8192, request_max_tokens=8192
2026-09-08 11:44:09,282 - omlx.patches.mlx_lm_mtp.batch_generator - INFO - MTP singleton recovery: multirow marker cleared (compact cache)
2026-09-08 11:44:10,414 - omlx.scheduler - INFO - Cache phase timings: cleanup_finished_sync=9.8ms/417
2026-09-08 11:44:10,414 - omlx.patches.mlx_lm_mtp.batch_generator - INFO - MTP singleton recovery: multirow marker cleared (compact cache)
2026-09-08 11:44:10,514 - omlx.server - INFO - Chat completion: model=Ornith-1.5-35B-A3B-Abliterated-MLX-4bit, 44 tokens in 1.23s (35.9 tok/s), prompt: 230, finish_reason=stop, max_tokens=8192, request_max_tokens=8192
2026-09-08 11:44:11,498 - omlx.scheduler - INFO - Cache phase timings: cleanup_finished_sync=9.8ms/418
2026-09-08 11:44:11,499 - omlx.patches.mlx_lm_mtp.batch_generator - INFO - MTP singleton recovery: multirow marker cleared (compact cache)
2026-09-08 11:44:11,514 - omlx.server - INFO - Chat completion: model=Ornith-1.5-35B-A3B-Abliterated-MLX-4bit, 34 tokens in 0.99s (34.2 tok/s), prompt: 213, finish_reason=stop, max_tokens=8192, request_max_tokens=8192
2026-09-08 11:44:14,657 - omlx.scheduler - INFO - Cache phase timings: cleanup_finished_sync=9.8ms/419
2026-09-08 11:44:14,658 - omlx.patches.mlx_lm_mtp.batch_generator - INFO - MTP singleton recovery: multirow marker cleared (compact cache)
2026-09-08 11:44:14,674 - omlx.server - INFO - Chat completion: model=Ornith-1.5-35B-A3B-Abliterated-MLX-4bit, 198 tokens in 3.15s (62.8 tok/s), prompt: 294, finish_reason=stop, max_tokens=8192, request_max_tokens=8192
2026-09-08 11:44:17,284 - omlx.scheduler - INFO - Cache phase timings: cleanup_finished_sync=9.9ms/420
2026-09-08 11:44:17,285 - omlx.server - INFO - Chat completion: model=Ornith-1.5-35B-A3B-Abliterated-MLX-4bit, 143 tokens in 2.60s (54.9 tok/s), prompt: 589, finish_reason=stop, max_tokens=8192, request_max_tokens=8192
2026-09-08 11:44:17,285 - omlx.patches.mlx_lm_mtp.batch_generator - INFO - MTP singleton recovery: multirow marker cleared (compact cache)
2026-09-08 11:44:20,508 - omlx.scheduler - INFO - Cache phase timings: cleanup_finished_sync=9.9ms/421
2026-09-08 11:44:20,508 - omlx.server - INFO - Chat completion: model=Ornith-1.5-35B-A3B-Abliterated-MLX-4bit, 194 tokens in 3.22s (60.3 tok/s), prompt: 400, finish_reason=stop, max_tokens=8192, request_max_tokens=8192
2026-09-08 11:44:20,509 - omlx.patches.mlx_lm_mtp.batch_generator - INFO - MTP singleton recovery: multirow marker cleared (compact cache)
2026-09-08 11:44:21,874 - omlx.scheduler - INFO - Cache phase timings: cleanup_finished_sync=9.9ms/422
2026-09-08 11:44:21,874 - omlx.patches.mlx_lm_mtp.batch_generator - INFO - MTP singleton recovery: multirow marker cleared (compact cache)
2026-09-08 11:44:21,981 - omlx.server - INFO - Chat completion: model=Ornith-1.5-35B-A3B-Abliterated-MLX-4bit, 53 tokens in 1.47s (36.1 tok/s), prompt: 451, finish_reason=stop, max_tokens=8192, request_max_tokens=8192
2026-09-08 11:44:26,694 - omlx.scheduler - INFO - Cache phase timings: cleanup_finished_sync=9.9ms/423
2026-09-08 11:44:26,695 - omlx.server - INFO - Chat completion: model=Ornith-1.5-35B-A3B-Abliterated-MLX-4bit, 310 tokens in 4.71s (65.9 tok/s), prompt: 384, finish_reason=stop, max_tokens=8192, request_max_tokens=8192
2026-09-08 11:44:26,695 - omlx.patches.mlx_lm_mtp.batch_generator - INFO - MTP singleton recovery: multirow marker cleared (compact cache)
2026-09-08 11:44:28,224 - omlx.scheduler - INFO - Cache phase timings: cleanup_finished_sync=10.0ms/424
2026-09-08 11:44:28,224 - omlx.server - INFO - Chat completion: model=Ornith-1.5-35B-A3B-Abliterated-MLX-4bit, 67 tokens in 1.52s (44.0 tok/s), prompt: 376, finish_reason=stop, max_tokens=8192, request_max_tokens=8192
2026-09-08 11:44:28,224 - omlx.patches.mlx_lm_mtp.batch_generator - INFO - MTP singleton recovery: multirow marker cleared (compact cache)
2026-09-08 11:44:35,270 - omlx.scheduler - INFO - Cache phase timings: cleanup_finished_sync=10.0ms/425
2026-09-08 11:44:35,271 - omlx.server - INFO - Chat completion: model=Ornith-1.5-35B-A3B-Abliterated-MLX-4bit, 486 tokens in 7.04s (69.0 tok/s), prompt: 220, finish_reason=stop, max_tokens=8192, request_max_tokens=8192
2026-09-08 11:44:35,271 - omlx.patches.mlx_lm_mtp.batch_generator - INFO - MTP singleton recovery: multirow marker cleared (compact cache)
2026-09-08 11:44:41,521 - omlx.scheduler - INFO - Cache phase timings: cleanup_finished_sync=10.0ms/426
2026-09-08 11:44:41,523 - omlx.patches.mlx_lm_mtp.batch_generator - INFO - MTP singleton recovery: multirow marker cleared (compact cache)
2026-09-08 11:44:41,538 - omlx.server - INFO - Chat completion: model=Ornith-1.5-35B-A3B-Abliterated-MLX-4bit, 8192 tokens in 112.78s (72.6 tok/s), prompt: 389, finish_reason=length, max_tokens=8192, request_max_tokens=8192
2026-09-08 11:44:46,212 - omlx.scheduler - INFO - Cache phase timings: cleanup_finished_sync=10.0ms/427
2026-09-08 11:44:46,212 - omlx.server - INFO - Chat completion: model=Ornith-1.5-35B-A3B-Abliterated-MLX-4bit, 389 tokens in 4.67s (83.3 tok/s), prompt: 505, finish_reason=stop, max_tokens=8192, request_max_tokens=8192
2026-09-08 11:44:46,212 - omlx.patches.mlx_lm_mtp.batch_generator - INFO - MTP singleton recovery: multirow marker cleared (compact cache)
2026-09-08 11:44:47,934 - omlx.scheduler - INFO - Cache phase timings: cleanup_finished_sync=10.1ms/428
2026-09-08 11:44:47,936 - omlx.patches.mlx_lm_mtp.batch_generator - INFO - MTP singleton recovery: multirow marker cleared (compact cache)
2026-09-08 11:44:48,036 - omlx.server - INFO - Chat completion: model=Ornith-1.5-35B-A3B-Abliterated-MLX-4bit, 962 tokens in 12.76s (75.4 tok/s), prompt: 258, finish_reason=stop, max_tokens=8192, request_max_tokens=8192
2026-09-08 11:44:49,445 - omlx.scheduler - INFO - Cache phase timings: cleanup_finished_sync=10.1ms/429
2026-09-08 11:44:49,445 - omlx.patches.mlx_lm_mtp.batch_generator - INFO - MTP singleton recovery: multirow marker cleared (compact cache)
2026-09-08 11:44:49,459 - omlx.server - INFO - Chat completion: model=Ornith-1.5-35B-A3B-Abliterated-MLX-4bit, 210 tokens in 3.24s (64.8 tok/s), prompt: 204, finish_reason=stop, max_tokens=8192, request_max_tokens=8192
2026-09-08 11:44:51,089 - omlx.scheduler - INFO - Cache phase timings: cleanup_finished_sync=10.1ms/430
2026-09-08 11:44:51,089 - omlx.patches.mlx_lm_mtp.batch_generator - INFO - MTP singleton recovery: multirow marker cleared (compact cache)
2026-09-08 11:44:51,103 - omlx.server - INFO - Chat completion: model=Ornith-1.5-35B-A3B-Abliterated-MLX-4bit, 104 tokens in 1.64s (63.5 tok/s), prompt: 217, finish_reason=stop, max_tokens=8192, request_max_tokens=8192
2026-09-08 11:44:51,215 - omlx.scheduler - INFO - Cache phase timings: cleanup_finished_sync=10.1ms/431
2026-09-08 11:44:51,215 - omlx.server - INFO - Chat completion: model=Ornith-1.5-35B-A3B-Abliterated-MLX-4bit, 206 tokens in 3.17s (64.9 tok/s), prompt: 525, finish_reason=stop, max_tokens=8192, request_max_tokens=8192
2026-09-08 11:44:54,135 - omlx.scheduler - INFO - Cache phase timings: cleanup_finished_sync=10.2ms/432
2026-09-08 11:44:54,135 - omlx.server - INFO - Chat completion: model=Ornith-1.5-35B-A3B-Abliterated-MLX-4bit, 183 tokens in 2.92s (62.7 tok/s), prompt: 581, finish_reason=stop, max_tokens=8192, request_max_tokens=8192
2026-09-08 11:44:54,135 - omlx.patches.mlx_lm_mtp.batch_generator - INFO - MTP singleton recovery: multirow marker cleared (compact cache)
2026-09-08 11:44:55,484 - omlx.scheduler - INFO - Cache phase timings: cleanup_finished_sync=10.2ms/433
2026-09-08 11:44:55,486 - omlx.patches.mlx_lm_mtp.batch_generator - INFO - MTP singleton recovery: multirow marker cleared (compact cache)
2026-09-08 11:44:55,588 - omlx.server - INFO - Chat completion: model=Ornith-1.5-35B-A3B-Abliterated-MLX-4bit, 280 tokens in 4.48s (62.6 tok/s), prompt: 596, finish_reason=stop, max_tokens=8192, request_max_tokens=8192
2026-09-08 11:44:57,560 - omlx.scheduler - INFO - Cache phase timings: cleanup_finished_sync=10.2ms/434
2026-09-08 11:44:57,560 - omlx.server - INFO - Chat completion: model=Ornith-1.5-35B-A3B-Abliterated-MLX-4bit, 213 tokens in 3.42s (62.3 tok/s), prompt: 587, finish_reason=stop, max_tokens=8192, request_max_tokens=8192
2026-09-08 11:44:57,562 - omlx.patches.mlx_lm_mtp.batch_generator - INFO - MTP singleton recovery: multirow marker cleared (compact cache)
2026-09-08 11:44:57,682 - omlx.scheduler - INFO - Cache phase timings: cleanup_finished_sync=10.2ms/435
2026-09-08 11:44:57,682 - omlx.server - INFO - Chat completion: model=Ornith-1.5-35B-A3B-Abliterated-MLX-4bit, 131 tokens in 2.09s (62.8 tok/s), prompt: 613, finish_reason=stop, max_tokens=8192, request_max_tokens=8192
2026-09-08 11:44:58,972 - omlx.scheduler - INFO - Cache phase timings: cleanup_finished_sync=10.3ms/436
2026-09-08 11:44:58,972 - omlx.server - INFO - Chat completion: model=Ornith-1.5-35B-A3B-Abliterated-MLX-4bit, 76 tokens in 1.41s (53.9 tok/s), prompt: 223, finish_reason=stop, max_tokens=8192, request_max_tokens=8192
2026-09-08 11:44:58,974 - omlx.patches.mlx_lm_mtp.batch_generator - INFO - MTP singleton recovery: multirow marker cleared (compact cache)
2026-09-08 11:45:01,599 - omlx.scheduler - INFO - Cache phase timings: cleanup_finished_sync=10.3ms/437
2026-09-08 11:45:01,601 - omlx.patches.mlx_lm_mtp.batch_generator - INFO - MTP singleton recovery: multirow marker cleared (compact cache)
2026-09-08 11:45:01,614 - omlx.server - INFO - Chat completion: model=Ornith-1.5-35B-A3B-Abliterated-MLX-4bit, 271 tokens in 3.93s (69.0 tok/s), prompt: 213, finish_reason=stop, max_tokens=8192, request_max_tokens=8192
2026-09-08 11:45:04,378 - omlx.scheduler - INFO - Cache phase timings: cleanup_finished_sync=10.3ms/438
2026-09-08 11:45:04,378 - omlx.patches.mlx_lm_mtp.batch_generator - INFO - MTP singleton recovery: multirow marker cleared (compact cache)
2026-09-08 11:45:04,392 - omlx.server - INFO - Chat completion: model=Ornith-1.5-35B-A3B-Abliterated-MLX-4bit, 212 tokens in 2.77s (76.5 tok/s), prompt: 390, finish_reason=stop, max_tokens=8192, request_max_tokens=8192
2026-09-08 11:45:04,435 - omlx.scheduler - INFO - Cache phase timings: cleanup_finished_sync=10.3ms/439
2026-09-08 11:45:04,435 - omlx.server - INFO - Chat completion: model=Ornith-1.5-35B-A3B-Abliterated-MLX-4bit, 440 tokens in 5.46s (80.6 tok/s), prompt: 256, finish_reason=stop, max_tokens=8192, request_max_tokens=8192
2026-09-08 11:45:05,778 - omlx.scheduler - INFO - Cache phase timings: cleanup_finished_sync=10.3ms/440
2026-09-08 11:45:05,778 - omlx.server - INFO - Chat completion: model=Ornith-1.5-35B-A3B-Abliterated-MLX-4bit, 64 tokens in 1.38s (46.4 tok/s), prompt: 487, finish_reason=stop, max_tokens=8192, request_max_tokens=8192
2026-09-08 11:45:05,780 - omlx.patches.mlx_lm_mtp.batch_generator - INFO - MTP singleton recovery: multirow marker cleared (compact cache)
2026-09-08 11:45:09,425 - omlx.scheduler - INFO - Cache phase timings: cleanup_finished_sync=10.4ms/441
2026-09-08 11:45:09,427 - omlx.patches.mlx_lm_mtp.batch_generator - INFO - MTP singleton recovery: multirow marker cleared (compact cache)
2026-09-08 11:45:09,525 - omlx.server - INFO - Chat completion: model=Ornith-1.5-35B-A3B-Abliterated-MLX-4bit, 289 tokens in 3.74s (77.2 tok/s), prompt: 429, finish_reason=stop, max_tokens=8192, request_max_tokens=8192
2026-09-08 11:45:11,079 - omlx.scheduler - INFO - Cache phase timings: cleanup_finished_sync=10.4ms/442
2026-09-08 11:45:11,079 - omlx.server - INFO - Chat completion: model=Ornith-1.5-35B-A3B-Abliterated-MLX-4bit, 99 tokens in 1.55s (63.8 tok/s), prompt: 211, finish_reason=stop, max_tokens=8192, request_max_tokens=8192
2026-09-08 11:45:11,080 - omlx.patches.mlx_lm_mtp.batch_generator - INFO - MTP singleton recovery: multirow marker cleared (compact cache)
2026-09-08 11:45:13,288 - omlx.scheduler - INFO - Cache phase timings: cleanup_finished_sync=10.4ms/443
2026-09-08 11:45:13,289 - omlx.server - INFO - Chat completion: model=Ornith-1.5-35B-A3B-Abliterated-MLX-4bit, 640 tokens in 8.84s (72.4 tok/s), prompt: 255, finish_reason=stop, max_tokens=8192, request_max_tokens=8192
2026-09-08 11:45:13,291 - omlx.patches.mlx_lm_mtp.batch_generator - INFO - MTP singleton recovery: multirow marker cleared (compact cache)
2026-09-08 11:45:14,829 - omlx.scheduler - INFO - Cache phase timings: cleanup_finished_sync=10.4ms/444
2026-09-08 11:45:14,829 - omlx.server - INFO - Chat completion: model=Ornith-1.5-35B-A3B-Abliterated-MLX-4bit, 79 tokens in 1.53s (51.5 tok/s), prompt: 601, finish_reason=stop, max_tokens=8192, request_max_tokens=8192
2026-09-08 11:45:14,829 - omlx.patches.mlx_lm_mtp.batch_generator - INFO - MTP singleton recovery: multirow marker cleared (compact cache)
2026-09-08 11:45:16,716 - omlx.scheduler - INFO - Cache phase timings: cleanup_finished_sync=10.5ms/445
2026-09-08 11:45:16,718 - omlx.patches.mlx_lm_mtp.batch_generator - INFO - MTP singleton recovery: multirow marker cleared (compact cache)
2026-09-08 11:45:16,731 - omlx.server - INFO - Chat completion: model=Ornith-1.5-35B-A3B-Abliterated-MLX-4bit, 378 tokens in 5.64s (67.0 tok/s), prompt: 621, finish_reason=stop, max_tokens=8192, request_max_tokens=8192
2026-09-08 11:45:16,887 - omlx.scheduler - INFO - Cache phase timings: cleanup_finished_sync=10.5ms/446
2026-09-08 11:45:16,887 - omlx.server - INFO - Chat completion: model=Ornith-1.5-35B-A3B-Abliterated-MLX-4bit, 127 tokens in 2.05s (61.9 tok/s), prompt: 590, finish_reason=stop, max_tokens=8192, request_max_tokens=8192
2026-09-08 11:45:20,037 - omlx.scheduler - INFO - Cache phase timings: cleanup_finished_sync=10.5ms/447
2026-09-08 11:45:20,037 - omlx.server - INFO - Chat completion: model=Ornith-1.5-35B-A3B-Abliterated-MLX-4bit, 245 tokens in 3.30s (74.3 tok/s), prompt: 429, finish_reason=stop, max_tokens=8192, request_max_tokens=8192
2026-09-08 11:45:20,039 - omlx.patches.mlx_lm_mtp.batch_generator - INFO - MTP singleton recovery: multirow marker cleared (compact cache)
2026-09-08 11:45:21,058 - omlx.scheduler - INFO - Cache phase timings: cleanup_finished_sync=10.5ms/448
2026-09-08 11:45:21,058 - omlx.patches.mlx_lm_mtp.batch_generator - INFO - MTP singleton recovery: multirow marker cleared (compact cache)
2026-09-08 11:45:21,071 - omlx.server - INFO - Chat completion: model=Ornith-1.5-35B-A3B-Abliterated-MLX-4bit, 36 tokens in 1.03s (34.9 tok/s), prompt: 424, finish_reason=stop, max_tokens=8192, request_max_tokens=8192
2026-09-08 11:45:22,161 - omlx.scheduler - INFO - Cache phase timings: cleanup_finished_sync=10.6ms/449
2026-09-08 11:45:22,163 - omlx.patches.mlx_lm_mtp.batch_generator - INFO - MTP singleton recovery: multirow marker cleared (compact cache)
2026-09-08 11:45:22,176 - omlx.server - INFO - Chat completion: model=Ornith-1.5-35B-A3B-Abliterated-MLX-4bit, 352 tokens in 5.28s (66.6 tok/s), prompt: 215, finish_reason=stop, max_tokens=8192, request_max_tokens=8192
2026-09-08 11:45:23,362 - omlx.scheduler - INFO - Cache phase timings: cleanup_finished_sync=10.6ms/450
2026-09-08 11:45:23,364 - omlx.patches.mlx_lm_mtp.batch_generator - INFO - MTP singleton recovery: multirow marker cleared (compact cache)
2026-09-08 11:45:23,377 - omlx.server - INFO - Chat completion: model=Ornith-1.5-35B-A3B-Abliterated-MLX-4bit, 55 tokens in 1.19s (46.0 tok/s), prompt: 415, finish_reason=stop, max_tokens=8192, request_max_tokens=8192
2026-09-08 11:45:26,182 - omlx.scheduler - INFO - Cache phase timings: cleanup_finished_sync=10.6ms/451
2026-09-08 11:45:26,184 - omlx.patches.mlx_lm_mtp.batch_generator - INFO - MTP singleton recovery: multirow marker cleared (compact cache)
2026-09-08 11:45:26,198 - omlx.server - INFO - Chat completion: model=Ornith-1.5-35B-A3B-Abliterated-MLX-4bit, 378 tokens in 5.12s (73.8 tok/s), prompt: 240, finish_reason=stop, max_tokens=8192, request_max_tokens=8192
2026-09-08 11:45:27,349 - omlx.scheduler - INFO - Cache phase timings: cleanup_finished_sync=10.6ms/452
2026-09-08 11:45:27,349 - omlx.server - INFO - Chat completion: model=Ornith-1.5-35B-A3B-Abliterated-MLX-4bit, 49 tokens in 1.14s (42.8 tok/s), prompt: 438, finish_reason=stop, max_tokens=8192, request_max_tokens=8192
2026-09-08 11:45:27,349 - omlx.patches.mlx_lm_mtp.batch_generator - INFO - MTP singleton recovery: multirow marker cleared (compact cache)
2026-09-08 11:45:30,163 - omlx.scheduler - INFO - Cache phase timings: cleanup_finished_sync=10.7ms/453
2026-09-08 11:45:30,165 - omlx.patches.mlx_lm_mtp.batch_generator - INFO - MTP singleton recovery: multirow marker cleared (compact cache)
2026-09-08 11:45:30,264 - omlx.server - INFO - Chat completion: model=Ornith-1.5-35B-A3B-Abliterated-MLX-4bit, 199 tokens in 2.91s (68.4 tok/s), prompt: 673, finish_reason=stop, max_tokens=8192, request_max_tokens=8192
2026-09-08 11:45:33,034 - omlx.scheduler - INFO - Cache phase timings: cleanup_finished_sync=10.7ms/454
2026-09-08 11:45:33,034 - omlx.patches.mlx_lm_mtp.batch_generator - INFO - MTP singleton recovery: multirow marker cleared (compact cache)
2026-09-08 11:45:33,143 - omlx.server - INFO - Chat completion: model=Ornith-1.5-35B-A3B-Abliterated-MLX-4bit, 217 tokens in 2.87s (75.5 tok/s), prompt: 248, finish_reason=stop, max_tokens=8192, request_max_tokens=8192
2026-09-08 11:45:36,143 - omlx.scheduler - INFO - Cache phase timings: cleanup_finished_sync=10.7ms/455
2026-09-08 11:45:36,143 - omlx.patches.mlx_lm_mtp.batch_generator - INFO - MTP singleton recovery: multirow marker cleared (compact cache)
2026-09-08 11:45:36,244 - omlx.server - INFO - Chat completion: model=Ornith-1.5-35B-A3B-Abliterated-MLX-4bit, 221 tokens in 3.10s (71.3 tok/s), prompt: 447, finish_reason=stop, max_tokens=8192, request_max_tokens=8192
2026-09-08 11:45:39,967 - omlx.scheduler - INFO - Cache phase timings: cleanup_finished_sync=10.7ms/456
2026-09-08 11:45:39,968 - omlx.patches.mlx_lm_mtp.batch_generator - INFO - MTP singleton recovery: multirow marker cleared (compact cache)
2026-09-08 11:45:39,981 - omlx.server - INFO - Chat completion: model=Ornith-1.5-35B-A3B-Abliterated-MLX-4bit, 278 tokens in 3.73s (74.5 tok/s), prompt: 458, finish_reason=stop, max_tokens=8192, request_max_tokens=8192
2026-09-08 11:45:41,776 - omlx.scheduler - INFO - Cache phase timings: cleanup_finished_sync=10.8ms/457
2026-09-08 11:45:41,777 - omlx.server - INFO - Chat completion: model=Ornith-1.5-35B-A3B-Abliterated-MLX-4bit, 112 tokens in 1.79s (62.6 tok/s), prompt: 217, finish_reason=stop, max_tokens=8192, request_max_tokens=8192
2026-09-08 11:45:41,777 - omlx.patches.mlx_lm_mtp.batch_generator - INFO - MTP singleton recovery: multirow marker cleared (compact cache)
2026-09-08 11:45:45,302 - omlx.scheduler - INFO - Cache phase timings: cleanup_finished_sync=10.8ms/458
2026-09-08 11:45:45,302 - omlx.server - INFO - Chat completion: model=Ornith-1.5-35B-A3B-Abliterated-MLX-4bit, 256 tokens in 3.52s (72.7 tok/s), prompt: 384, finish_reason=stop, max_tokens=8192, request_max_tokens=8192
2026-09-08 11:45:45,302 - omlx.patches.mlx_lm_mtp.batch_generator - INFO - MTP singleton recovery: multirow marker cleared (compact cache)
2026-09-08 11:45:46,261 - omlx.scheduler - INFO - Cache phase timings: cleanup_finished_sync=10.8ms/459
2026-09-08 11:45:46,263 - omlx.patches.mlx_lm_mtp.batch_generator - INFO - MTP singleton recovery: multirow marker cleared (compact cache)
2026-09-08 11:45:46,363 - omlx.server - INFO - Chat completion: model=Ornith-1.5-35B-A3B-Abliterated-MLX-4bit, 1780 tokens in 22.98s (77.5 tok/s), prompt: 219, finish_reason=stop, max_tokens=8192, request_max_tokens=8192
2026-09-08 11:45:49,275 - omlx.scheduler - INFO - Cache phase timings: cleanup_finished_sync=10.8ms/460
2026-09-08 11:45:49,277 - omlx.patches.mlx_lm_mtp.batch_generator - INFO - MTP singleton recovery: multirow marker cleared (compact cache)
2026-09-08 11:45:49,290 - omlx.server - INFO - Chat completion: model=Ornith-1.5-35B-A3B-Abliterated-MLX-4bit, 290 tokens in 3.98s (72.8 tok/s), prompt: 420, finish_reason=stop, max_tokens=8192, request_max_tokens=8192
2026-09-08 11:45:51,897 - omlx.scheduler - INFO - Cache phase timings: cleanup_finished_sync=10.9ms/461
2026-09-08 11:45:51,897 - omlx.server - INFO - Chat completion: model=Ornith-1.5-35B-A3B-Abliterated-MLX-4bit, 184 tokens in 2.60s (70.8 tok/s), prompt: 595, finish_reason=stop, max_tokens=8192, request_max_tokens=8192
2026-09-08 11:45:51,900 - omlx.patches.mlx_lm_mtp.batch_generator - INFO - MTP singleton recovery: multirow marker cleared (compact cache)
2026-09-08 11:45:55,927 - omlx.scheduler - INFO - Cache phase timings: cleanup_finished_sync=10.9ms/462
2026-09-08 11:45:55,927 - omlx.server - INFO - Chat completion: model=Ornith-1.5-35B-A3B-Abliterated-MLX-4bit, 800 tokens in 9.56s (83.7 tok/s), prompt: 226, finish_reason=stop, max_tokens=8192, request_max_tokens=8192
2026-09-08 11:45:55,929 - omlx.patches.mlx_lm_mtp.batch_generator - INFO - MTP singleton recovery: multirow marker cleared (compact cache)
2026-09-08 11:45:59,829 - omlx.scheduler - INFO - Cache phase timings: cleanup_finished_sync=10.9ms/463
2026-09-08 11:45:59,829 - omlx.patches.mlx_lm_mtp.batch_generator - INFO - MTP singleton recovery: multirow marker cleared (compact cache)
2026-09-08 11:45:59,843 - omlx.server - INFO - Chat completion: model=Ornith-1.5-35B-A3B-Abliterated-MLX-4bit, 320 tokens in 3.91s (81.8 tok/s), prompt: 432, finish_reason=stop, max_tokens=8192, request_max_tokens=8192
2026-09-08 11:46:02,416 - omlx.scheduler - INFO - Cache phase timings: cleanup_finished_sync=10.9ms/464
2026-09-08 11:46:02,416 - omlx.server - INFO - Chat completion: model=Ornith-1.5-35B-A3B-Abliterated-MLX-4bit, 179 tokens in 2.57s (69.8 tok/s), prompt: 437, finish_reason=stop, max_tokens=8192, request_max_tokens=8192
2026-09-08 11:46:02,416 - omlx.patches.mlx_lm_mtp.batch_generator - INFO - MTP singleton recovery: multirow marker cleared (compact cache)
2026-09-08 11:46:05,503 - omlx.scheduler - INFO - Cache phase timings: cleanup_finished_sync=11.0ms/465
2026-09-08 11:46:05,503 - omlx.server - INFO - Chat completion: model=Ornith-1.5-35B-A3B-Abliterated-MLX-4bit, 224 tokens in 3.08s (72.7 tok/s), prompt: 411, finish_reason=stop, max_tokens=8192, request_max_tokens=8192
2026-09-08 11:46:05,503 - omlx.patches.mlx_lm_mtp.batch_generator - INFO - MTP singleton recovery: multirow marker cleared (compact cache)
2026-09-08 11:46:06,793 - omlx.scheduler - INFO - Cache phase timings: cleanup_finished_sync=11.0ms/466
2026-09-08 11:46:06,794 - omlx.server - INFO - Chat completion: model=Ornith-1.5-35B-A3B-Abliterated-MLX-4bit, 56 tokens in 1.28s (43.6 tok/s), prompt: 427, finish_reason=stop, max_tokens=8192, request_max_tokens=8192
2026-09-08 11:46:06,794 - omlx.patches.mlx_lm_mtp.batch_generator - INFO - MTP singleton recovery: multirow marker cleared (compact cache)
2026-09-08 11:46:08,677 - omlx.scheduler - INFO - Cache phase timings: cleanup_finished_sync=11.0ms/467
2026-09-08 11:46:08,678 - omlx.server - INFO - Chat completion: model=Ornith-1.5-35B-A3B-Abliterated-MLX-4bit, 111 tokens in 1.88s (59.1 tok/s), prompt: 375, finish_reason=stop, max_tokens=8192, request_max_tokens=8192
2026-09-08 11:46:08,678 - omlx.patches.mlx_lm_mtp.batch_generator - INFO - MTP singleton recovery: multirow marker cleared (compact cache)
2026-09-08 11:46:12,410 - omlx.scheduler - INFO - Cache phase timings: cleanup_finished_sync=11.0ms/468
2026-09-08 11:46:12,411 - omlx.server - INFO - Chat completion: model=Ornith-1.5-35B-A3B-Abliterated-MLX-4bit, 272 tokens in 3.73s (73.0 tok/s), prompt: 524, finish_reason=stop, max_tokens=8192, request_max_tokens=8192
2026-09-08 11:46:12,411 - omlx.patches.mlx_lm_mtp.batch_generator - INFO - MTP singleton recovery: multirow marker cleared (compact cache)
2026-09-08 11:46:15,975 - omlx.scheduler - INFO - Cache phase timings: cleanup_finished_sync=11.0ms/469
2026-09-08 11:46:15,975 - omlx.patches.mlx_lm_mtp.batch_generator - INFO - MTP singleton recovery: multirow marker cleared (compact cache)
2026-09-08 11:46:15,990 - omlx.server - INFO - Chat completion: model=Ornith-1.5-35B-A3B-Abliterated-MLX-4bit, 246 tokens in 3.57s (68.9 tok/s), prompt: 622, finish_reason=stop, max_tokens=8192, request_max_tokens=8192
2026-09-08 11:46:21,833 - omlx.scheduler - INFO - Cache phase timings: cleanup_finished_sync=11.1ms/470
2026-09-08 11:46:21,834 - omlx.server - INFO - Chat completion: model=Ornith-1.5-35B-A3B-Abliterated-MLX-4bit, 447 tokens in 5.84s (76.6 tok/s), prompt: 422, finish_reason=stop, max_tokens=8192, request_max_tokens=8192
2026-09-08 11:46:21,834 - omlx.patches.mlx_lm_mtp.batch_generator - INFO - MTP singleton recovery: multirow marker cleared (compact cache)
2026-09-08 11:46:27,306 - omlx.scheduler - INFO - Cache phase timings: cleanup_finished_sync=11.1ms/471
2026-09-08 11:46:27,306 - omlx.patches.mlx_lm_mtp.batch_generator - INFO - MTP singleton recovery: multirow marker cleared (compact cache)
2026-09-08 11:46:27,414 - omlx.server - INFO - Chat completion: model=Ornith-1.5-35B-A3B-Abliterated-MLX-4bit, 405 tokens in 5.57s (72.7 tok/s), prompt: 685, finish_reason=stop, max_tokens=8192, request_max_tokens=8192
2026-09-08 11:46:31,253 - omlx.scheduler - INFO - Cache phase timings: cleanup_finished_sync=11.1ms/472
2026-09-08 11:46:31,253 - omlx.patches.mlx_lm_mtp.batch_generator - INFO - MTP singleton recovery: multirow marker cleared (compact cache)
2026-09-08 11:46:31,268 - omlx.server - INFO - Chat completion: model=Ornith-1.5-35B-A3B-Abliterated-MLX-4bit, 266 tokens in 3.85s (69.1 tok/s), prompt: 522, finish_reason=stop, max_tokens=8192, request_max_tokens=8192
2026-09-08 11:46:32,436 - omlx.scheduler - INFO - Cache phase timings: cleanup_finished_sync=11.1ms/473
2026-09-08 11:46:32,438 - omlx.patches.mlx_lm_mtp.batch_generator - INFO - MTP singleton recovery: multirow marker cleared (compact cache)
2026-09-08 11:46:32,537 - omlx.server - INFO - Chat completion: model=Ornith-1.5-35B-A3B-Abliterated-MLX-4bit, 3141 tokens in 40.64s (77.3 tok/s), prompt: 382, finish_reason=stop, max_tokens=8192, request_max_tokens=8192
2026-09-08 11:46:33,821 - omlx.scheduler - INFO - Cache phase timings: cleanup_finished_sync=11.2ms/474
2026-09-08 11:46:33,823 - omlx.patches.mlx_lm_mtp.batch_generator - INFO - MTP singleton recovery: multirow marker cleared (compact cache)
2026-09-08 11:46:33,836 - omlx.server - INFO - Chat completion: model=Ornith-1.5-35B-A3B-Abliterated-MLX-4bit, 125 tokens in 2.56s (48.8 tok/s), prompt: 587, finish_reason=stop, max_tokens=8192, request_max_tokens=8192
2026-09-08 11:46:34,905 - omlx.scheduler - INFO - Cache phase timings: cleanup_finished_sync=11.2ms/475
2026-09-08 11:46:34,907 - omlx.patches.mlx_lm_mtp.batch_generator - INFO - MTP singleton recovery: multirow marker cleared (compact cache)
2026-09-08 11:46:34,920 - omlx.server - INFO - Chat completion: model=Ornith-1.5-35B-A3B-Abliterated-MLX-4bit, 115 tokens in 2.38s (48.4 tok/s), prompt: 577, finish_reason=stop, max_tokens=8192, request_max_tokens=8192
2026-09-08 11:46:35,981 - omlx.scheduler - INFO - Cache phase timings: cleanup_finished_sync=11.2ms/476
2026-09-08 11:46:35,981 - omlx.server - INFO - Chat completion: model=Ornith-1.5-35B-A3B-Abliterated-MLX-4bit, 98 tokens in 2.14s (45.8 tok/s), prompt: 575, finish_reason=stop, max_tokens=8192, request_max_tokens=8192
2026-09-08 11:46:35,983 - omlx.patches.mlx_lm_mtp.batch_generator - INFO - MTP singleton recovery: multirow marker cleared (compact cache)
2026-09-08 11:46:37,620 - omlx.scheduler - INFO - Cache phase timings: cleanup_finished_sync=11.2ms/477
2026-09-08 11:46:37,620 - omlx.server - INFO - Chat completion: model=Ornith-1.5-35B-A3B-Abliterated-MLX-4bit, 166 tokens in 2.69s (61.6 tok/s), prompt: 428, finish_reason=stop, max_tokens=8192, request_max_tokens=8192
2026-09-08 11:46:37,623 - omlx.patches.mlx_lm_mtp.batch_generator - INFO - MTP singleton recovery: multirow marker cleared (compact cache)
2026-09-08 11:46:37,755 - omlx.scheduler - INFO - Cache phase timings: cleanup_finished_sync=11.2ms/478
2026-09-08 11:46:37,756 - omlx.server - INFO - Chat completion: model=Ornith-1.5-35B-A3B-Abliterated-MLX-4bit, 114 tokens in 1.77s (64.4 tok/s), prompt: 262, finish_reason=stop, max_tokens=8192, request_max_tokens=8192
2026-09-08 11:46:39,474 - omlx.scheduler - INFO - Cache phase timings: cleanup_finished_sync=11.3ms/479
2026-09-08 11:46:39,474 - omlx.server - INFO - Chat completion: model=Ornith-1.5-35B-A3B-Abliterated-MLX-4bit, 70 tokens in 1.71s (40.9 tok/s), prompt: 436, finish_reason=stop, max_tokens=8192, request_max_tokens=8192
2026-09-08 11:46:39,474 - omlx.patches.mlx_lm_mtp.batch_generator - INFO - MTP singleton recovery: multirow marker cleared (compact cache)
2026-09-08 11:46:40,625 - omlx.scheduler - INFO - Cache phase timings: cleanup_finished_sync=11.3ms/480
2026-09-08 11:46:40,625 - omlx.patches.mlx_lm_mtp.batch_generator - INFO - MTP singleton recovery: multirow marker cleared (compact cache)
2026-09-08 11:46:40,736 - omlx.server - INFO - Chat completion: model=Ornith-1.5-35B-A3B-Abliterated-MLX-4bit, 175 tokens in 3.11s (56.2 tok/s), prompt: 446, finish_reason=stop, max_tokens=8192, request_max_tokens=8192
2026-09-08 11:46:47,459 - omlx.scheduler - INFO - Cache phase timings: cleanup_finished_sync=11.3ms/481
2026-09-08 11:46:47,461 - omlx.patches.mlx_lm_mtp.batch_generator - INFO - MTP singleton recovery: multirow marker cleared (compact cache)
2026-09-08 11:46:47,561 - omlx.server - INFO - Chat completion: model=Ornith-1.5-35B-A3B-Abliterated-MLX-4bit, 608 tokens in 6.82s (89.2 tok/s), prompt: 341, finish_reason=stop, max_tokens=8192, request_max_tokens=8192
2026-09-08 11:46:49,063 - omlx.scheduler - INFO - Cache phase timings: cleanup_finished_sync=11.3ms/482
2026-09-08 11:46:49,065 - omlx.patches.mlx_lm_mtp.batch_generator - INFO - MTP singleton recovery: multirow marker cleared (compact cache)
2026-09-08 11:46:49,078 - omlx.server - INFO - Chat completion: model=Ornith-1.5-35B-A3B-Abliterated-MLX-4bit, 810 tokens in 9.60s (84.4 tok/s), prompt: 229, finish_reason=stop, max_tokens=8192, request_max_tokens=8192
2026-09-08 11:46:52,476 - omlx.scheduler - INFO - Cache phase timings: cleanup_finished_sync=11.4ms/483
2026-09-08 11:46:52,477 - omlx.server - INFO - Chat completion: model=Ornith-1.5-35B-A3B-Abliterated-MLX-4bit, 267 tokens in 3.39s (78.7 tok/s), prompt: 576, finish_reason=stop, max_tokens=8192, request_max_tokens=8192
2026-09-08 11:46:52,479 - omlx.patches.mlx_lm_mtp.batch_generator - INFO - MTP singleton recovery: multirow marker cleared (compact cache)
2026-09-08 11:46:53,309 - omlx.scheduler - INFO - Cache phase timings: cleanup_finished_sync=11.4ms/484
2026-09-08 11:46:53,310 - omlx.server - INFO - Chat completion: model=Ornith-1.5-35B-A3B-Abliterated-MLX-4bit, 412 tokens in 5.74s (71.8 tok/s), prompt: 368, finish_reason=stop, max_tokens=8192, request_max_tokens=8192
2026-09-08 11:46:53,312 - omlx.patches.mlx_lm_mtp.batch_generator - INFO - MTP singleton recovery: multirow marker cleared (compact cache)
2026-09-08 11:46:53,560 - omlx.scheduler - INFO - Cache phase timings: cleanup_finished_sync=11.4ms/485
2026-09-08 11:46:53,560 - omlx.server - INFO - Chat completion: model=Ornith-1.5-35B-A3B-Abliterated-MLX-4bit, 36 tokens in 1.08s (33.3 tok/s), prompt: 423, finish_reason=stop, max_tokens=8192, request_max_tokens=8192
2026-09-08 11:46:55,090 - omlx.scheduler - INFO - Cache phase timings: cleanup_finished_sync=11.4ms/486
2026-09-08 11:46:55,092 - omlx.patches.mlx_lm_mtp.batch_generator - INFO - MTP singleton recovery: multirow marker cleared (compact cache)
2026-09-08 11:46:55,196 - omlx.server - INFO - Chat completion: model=Ornith-1.5-35B-A3B-Abliterated-MLX-4bit, 43 tokens in 1.63s (26.4 tok/s), prompt: 566, finish_reason=stop, max_tokens=8192, request_max_tokens=8192
2026-09-08 11:46:56,924 - omlx.scheduler - INFO - Cache phase timings: cleanup_finished_sync=11.4ms/487
2026-09-08 11:46:56,926 - omlx.patches.mlx_lm_mtp.batch_generator - INFO - MTP singleton recovery: multirow marker cleared (compact cache)
2026-09-08 11:46:56,939 - omlx.server - INFO - Chat completion: model=Ornith-1.5-35B-A3B-Abliterated-MLX-4bit, 203 tokens in 3.63s (56.0 tok/s), prompt: 457, finish_reason=stop, max_tokens=8192, request_max_tokens=8192
2026-09-08 11:46:58,201 - omlx.scheduler - INFO - Cache phase timings: cleanup_finished_sync=11.5ms/488
2026-09-08 11:46:58,201 - omlx.server - INFO - Chat completion: model=Ornith-1.5-35B-A3B-Abliterated-MLX-4bit, 68 tokens in 1.26s (54.2 tok/s), prompt: 273, finish_reason=stop, max_tokens=8192, request_max_tokens=8192
2026-09-08 11:46:58,201 - omlx.patches.mlx_lm_mtp.batch_generator - INFO - MTP singleton recovery: multirow marker cleared (compact cache)
2026-09-08 11:46:59,517 - omlx.scheduler - INFO - Cache phase timings: cleanup_finished_sync=11.5ms/489
2026-09-08 11:46:59,519 - omlx.patches.mlx_lm_mtp.batch_generator - INFO - MTP singleton recovery: multirow marker cleared (compact cache)
2026-09-08 11:46:59,533 - omlx.server - INFO - Chat completion: model=Ornith-1.5-35B-A3B-Abliterated-MLX-4bit, 279 tokens in 4.33s (64.4 tok/s), prompt: 504, finish_reason=stop, max_tokens=8192, request_max_tokens=8192
2026-09-08 11:47:01,050 - omlx.scheduler - INFO - Cache phase timings: cleanup_finished_sync=11.5ms/490
2026-09-08 11:47:01,051 - omlx.server - INFO - Chat completion: model=Ornith-1.5-35B-A3B-Abliterated-MLX-4bit, 171 tokens in 2.84s (60.1 tok/s), prompt: 480, finish_reason=stop, max_tokens=8192, request_max_tokens=8192
2026-09-08 11:47:01,053 - omlx.patches.mlx_lm_mtp.batch_generator - INFO - MTP singleton recovery: multirow marker cleared (compact cache)
2026-09-08 11:47:02,537 - omlx.scheduler - INFO - Cache phase timings: cleanup_finished_sync=11.5ms/491
2026-09-08 11:47:02,539 - omlx.patches.mlx_lm_mtp.batch_generator - INFO - MTP singleton recovery: multirow marker cleared (compact cache)
2026-09-08 11:47:02,552 - omlx.server - INFO - Chat completion: model=Ornith-1.5-35B-A3B-Abliterated-MLX-4bit, 76 tokens in 1.49s (50.9 tok/s), prompt: 574, finish_reason=stop, max_tokens=8192, request_max_tokens=8192
2026-09-08 11:47:03,719 - omlx.scheduler - INFO - Cache phase timings: cleanup_finished_sync=11.5ms/492
2026-09-08 11:47:03,719 - omlx.patches.mlx_lm_mtp.batch_generator - INFO - MTP singleton recovery: multirow marker cleared (compact cache)
2026-09-08 11:47:03,828 - omlx.server - INFO - Chat completion: model=Ornith-1.5-35B-A3B-Abliterated-MLX-4bit, 56 tokens in 1.27s (44.1 tok/s), prompt: 383, finish_reason=stop, max_tokens=8192, request_max_tokens=8192
2026-09-08 11:47:05,700 - omlx.scheduler - INFO - Cache phase timings: cleanup_finished_sync=11.6ms/493
2026-09-08 11:47:05,700 - omlx.server - INFO - Chat completion: model=Ornith-1.5-35B-A3B-Abliterated-MLX-4bit, 413 tokens in 6.16s (67.0 tok/s), prompt: 367, finish_reason=stop, max_tokens=8192, request_max_tokens=8192
2026-09-08 11:47:05,702 - omlx.patches.mlx_lm_mtp.batch_generator - INFO - MTP singleton recovery: multirow marker cleared (compact cache)
2026-09-08 11:47:08,637 - omlx.scheduler - INFO - Cache phase timings: cleanup_finished_sync=11.6ms/494
2026-09-08 11:47:08,638 - omlx.server - INFO - Chat completion: model=Ornith-1.5-35B-A3B-Abliterated-MLX-4bit, 375 tokens in 4.80s (78.1 tok/s), prompt: 458, finish_reason=stop, max_tokens=8192, request_max_tokens=8192
2026-09-08 11:47:08,639 - omlx.patches.mlx_lm_mtp.batch_generator - INFO - MTP singleton recovery: multirow marker cleared (compact cache)
2026-09-08 11:47:09,519 - omlx.scheduler - INFO - Cache phase timings: cleanup_finished_sync=11.6ms/495
2026-09-08 11:47:09,519 - omlx.patches.mlx_lm_mtp.batch_generator - INFO - MTP singleton recovery: multirow marker cleared (compact cache)
2026-09-08 11:47:09,620 - omlx.server - INFO - Chat completion: model=Ornith-1.5-35B-A3B-Abliterated-MLX-4bit, 30 tokens in 0.98s (30.6 tok/s), prompt: 246, finish_reason=stop, max_tokens=8192, request_max_tokens=8192
2026-09-08 11:47:10,422 - omlx.scheduler - INFO - Cache phase timings: cleanup_finished_sync=11.6ms/496
2026-09-08 11:47:10,423 - omlx.server - INFO - Chat completion: model=Ornith-1.5-35B-A3B-Abliterated-MLX-4bit, 333 tokens in 4.72s (70.6 tok/s), prompt: 265, finish_reason=stop, max_tokens=8192, request_max_tokens=8192
2026-09-08 11:47:10,425 - omlx.patches.mlx_lm_mtp.batch_generator - INFO - MTP singleton recovery: multirow marker cleared (compact cache)
2026-09-08 11:47:11,782 - omlx.scheduler - INFO - Cache phase timings: cleanup_finished_sync=11.7ms/497
2026-09-08 11:47:11,783 - omlx.patches.mlx_lm_mtp.batch_generator - INFO - MTP singleton recovery: multirow marker cleared (compact cache)
2026-09-08 11:47:11,797 - omlx.server - INFO - Chat completion: model=Ornith-1.5-35B-A3B-Abliterated-MLX-4bit, 100 tokens in 2.17s (46.1 tok/s), prompt: 387, finish_reason=stop, max_tokens=8192, request_max_tokens=8192
2026-09-08 11:47:13,407 - omlx.scheduler - INFO - Cache phase timings: cleanup_finished_sync=11.7ms/498
2026-09-08 11:47:13,408 - omlx.server - INFO - Chat completion: model=Ornith-1.5-35B-A3B-Abliterated-MLX-4bit, 177 tokens in 2.98s (59.4 tok/s), prompt: 647, finish_reason=stop, max_tokens=8192, request_max_tokens=8192
2026-09-08 11:47:13,410 - omlx.patches.mlx_lm_mtp.batch_generator - INFO - MTP singleton recovery: multirow marker cleared (compact cache)
2026-09-08 11:47:15,412 - omlx.scheduler - INFO - Cache phase timings: cleanup_finished_sync=11.7ms/499
2026-09-08 11:47:15,414 - omlx.patches.mlx_lm_mtp.batch_generator - INFO - MTP singleton recovery: multirow marker cleared (compact cache)
2026-09-08 11:47:15,428 - omlx.server - INFO - Chat completion: model=Ornith-1.5-35B-A3B-Abliterated-MLX-4bit, 125 tokens in 2.02s (62.0 tok/s), prompt: 575, finish_reason=stop, max_tokens=8192, request_max_tokens=8192
2026-09-08 11:47:21,232 - omlx.scheduler - INFO - Cache phase timings: cleanup_finished_sync=11.7ms/500
2026-09-08 11:47:21,233 - omlx.server - INFO - Chat completion: model=Ornith-1.5-35B-A3B-Abliterated-MLX-4bit, 506 tokens in 5.80s (87.3 tok/s), prompt: 421, finish_reason=stop, max_tokens=8192, request_max_tokens=8192
2026-09-08 11:47:21,233 - omlx.patches.mlx_lm_mtp.batch_generator - INFO - MTP singleton recovery: multirow marker cleared (compact cache)
2026-09-08 11:47:22,507 - omlx.scheduler - INFO - Cache phase timings: cleanup_finished_sync=11.7ms/501
2026-09-08 11:47:22,507 - omlx.patches.mlx_lm_mtp.batch_generator - INFO - MTP singleton recovery: multirow marker cleared (compact cache)
2026-09-08 11:47:22,609 - omlx.server - INFO - Chat completion: model=Ornith-1.5-35B-A3B-Abliterated-MLX-4bit, 49 tokens in 1.37s (35.8 tok/s), prompt: 586, finish_reason=stop, max_tokens=8192, request_max_tokens=8192
2026-09-08 11:47:23,558 - omlx.scheduler - INFO - Cache phase timings: cleanup_finished_sync=11.8ms/502
2026-09-08 11:47:23,558 - omlx.patches.mlx_lm_mtp.batch_generator - INFO - MTP singleton recovery: multirow marker cleared (compact cache)
2026-09-08 11:47:23,670 - omlx.server - INFO - Chat completion: model=Ornith-1.5-35B-A3B-Abliterated-MLX-4bit, 29 tokens in 1.05s (27.5 tok/s), prompt: 411, finish_reason=stop, max_tokens=8192, request_max_tokens=8192
2026-09-08 11:47:25,917 - omlx.scheduler - INFO - Cache phase timings: cleanup_finished_sync=11.8ms/503
2026-09-08 11:47:25,917 - omlx.server - INFO - Chat completion: model=Ornith-1.5-35B-A3B-Abliterated-MLX-4bit, 151 tokens in 2.24s (67.3 tok/s), prompt: 313, finish_reason=stop, max_tokens=8192, request_max_tokens=8192
2026-09-08 11:47:25,917 - omlx.patches.mlx_lm_mtp.batch_generator - INFO - MTP singleton recovery: multirow marker cleared (compact cache)
2026-09-08 11:47:29,957 - omlx.scheduler - INFO - Cache phase timings: cleanup_finished_sync=11.8ms/504
2026-09-08 11:47:29,958 - omlx.server - INFO - Chat completion: model=Ornith-1.5-35B-A3B-Abliterated-MLX-4bit, 288 tokens in 4.03s (71.4 tok/s), prompt: 717, finish_reason=stop, max_tokens=8192, request_max_tokens=8192
2026-09-08 11:47:29,958 - omlx.patches.mlx_lm_mtp.batch_generator - INFO - MTP singleton recovery: multirow marker cleared (compact cache)
2026-09-08 11:47:31,263 - omlx.scheduler - INFO - Cache phase timings: cleanup_finished_sync=11.8ms/505
2026-09-08 11:47:31,263 - omlx.server - INFO - Chat completion: model=Ornith-1.5-35B-A3B-Abliterated-MLX-4bit, 59 tokens in 1.30s (45.4 tok/s), prompt: 364, finish_reason=stop, max_tokens=8192, request_max_tokens=8192
2026-09-08 11:47:31,264 - omlx.patches.mlx_lm_mtp.batch_generator - INFO - MTP singleton recovery: multirow marker cleared (compact cache)
2026-09-08 11:47:32,650 - omlx.scheduler - INFO - Cache phase timings: cleanup_finished_sync=11.9ms/506
2026-09-08 11:47:32,650 - omlx.server - INFO - Chat completion: model=Ornith-1.5-35B-A3B-Abliterated-MLX-4bit, 64 tokens in 1.38s (46.4 tok/s), prompt: 431, finish_reason=stop, max_tokens=8192, request_max_tokens=8192
2026-09-08 11:47:32,650 - omlx.patches.mlx_lm_mtp.batch_generator - INFO - MTP singleton recovery: multirow marker cleared (compact cache)
2026-09-08 11:47:32,838 - omlx.scheduler - INFO - Cache phase timings: cleanup_finished_sync=11.9ms/507
2026-09-08 11:47:32,838 - omlx.server - INFO - Chat completion: model=Ornith-1.5-35B-A3B-Abliterated-MLX-4bit, 1568 tokens in 21.03s (74.5 tok/s), prompt: 419, finish_reason=stop, max_tokens=8192, request_max_tokens=8192
2026-09-08 11:47:35,938 - omlx.scheduler - INFO - Cache phase timings: cleanup_finished_sync=11.9ms/508
2026-09-08 11:47:35,938 - omlx.patches.mlx_lm_mtp.batch_generator - INFO - MTP singleton recovery: multirow marker cleared (compact cache)
2026-09-08 11:47:35,954 - omlx.server - INFO - Chat completion: model=Ornith-1.5-35B-A3B-Abliterated-MLX-4bit, 215 tokens in 3.30s (65.2 tok/s), prompt: 509, finish_reason=stop, max_tokens=8192, request_max_tokens=8192
2026-09-08 11:47:36,090 - omlx.scheduler - INFO - Cache phase timings: cleanup_finished_sync=11.9ms/509
2026-09-08 11:47:36,090 - omlx.server - INFO - Chat completion: model=Ornith-1.5-35B-A3B-Abliterated-MLX-4bit, 200 tokens in 3.24s (61.7 tok/s), prompt: 672, finish_reason=stop, max_tokens=8192, request_max_tokens=8192
2026-09-08 11:47:37,284 - omlx.scheduler - INFO - Cache phase timings: cleanup_finished_sync=11.9ms/510
2026-09-08 11:47:37,284 - omlx.server - INFO - Chat completion: model=Ornith-1.5-35B-A3B-Abliterated-MLX-4bit, 46 tokens in 1.32s (34.8 tok/s), prompt: 375, finish_reason=stop, max_tokens=8192, request_max_tokens=8192
2026-09-08 11:47:37,287 - omlx.patches.mlx_lm_mtp.batch_generator - INFO - MTP singleton recovery: multirow marker cleared (compact cache)
2026-09-08 11:47:39,159 - omlx.scheduler - INFO - Cache phase timings: cleanup_finished_sync=12.0ms/511
2026-09-08 11:47:39,159 - omlx.patches.mlx_lm_mtp.batch_generator - INFO - MTP singleton recovery: multirow marker cleared (compact cache)
2026-09-08 11:47:39,173 - omlx.server - INFO - Chat completion: model=Ornith-1.5-35B-A3B-Abliterated-MLX-4bit, 110 tokens in 1.89s (58.3 tok/s), prompt: 425, finish_reason=stop, max_tokens=8192, request_max_tokens=8192
2026-09-08 11:47:44,184 - omlx.scheduler - INFO - Cache phase timings: cleanup_finished_sync=12.0ms/512
2026-09-08 11:47:44,185 - omlx.server - INFO - Chat completion: model=Ornith-1.5-35B-A3B-Abliterated-MLX-4bit, 576 tokens in 8.09s (71.2 tok/s), prompt: 389, finish_reason=stop, max_tokens=8192, request_max_tokens=8192
2026-09-08 11:47:44,186 - omlx.patches.mlx_lm_mtp.batch_generator - INFO - MTP singleton recovery: multirow marker cleared (compact cache)
2026-09-08 11:47:44,956 - omlx.scheduler - INFO - Cache phase timings: cleanup_finished_sync=12.0ms/513
2026-09-08 11:47:44,958 - omlx.patches.mlx_lm_mtp.batch_generator - INFO - MTP singleton recovery: multirow marker cleared (compact cache)
2026-09-08 11:47:45,058 - omlx.server - INFO - Chat completion: model=Ornith-1.5-35B-A3B-Abliterated-MLX-4bit, 441 tokens in 5.88s (75.0 tok/s), prompt: 402, finish_reason=stop, max_tokens=8192, request_max_tokens=8192
2026-09-08 11:47:48,060 - omlx.scheduler - INFO - Cache phase timings: cleanup_finished_sync=12.0ms/514
2026-09-08 11:47:48,060 - omlx.server - INFO - Chat completion: model=Ornith-1.5-35B-A3B-Abliterated-MLX-4bit, 275 tokens in 3.87s (71.1 tok/s), prompt: 283, finish_reason=stop, max_tokens=8192, request_max_tokens=8192
2026-09-08 11:47:48,062 - omlx.patches.mlx_lm_mtp.batch_generator - INFO - MTP singleton recovery: multirow marker cleared (compact cache)
2026-09-08 11:47:48,758 - omlx.scheduler - INFO - Cache phase timings: cleanup_finished_sync=12.1ms/515
2026-09-08 11:47:48,760 - omlx.patches.mlx_lm_mtp.batch_generator - INFO - MTP singleton recovery: multirow marker cleared (compact cache)
2026-09-08 11:47:48,862 - omlx.server - INFO - Chat completion: model=Ornith-1.5-35B-A3B-Abliterated-MLX-4bit, 250 tokens in 3.80s (65.8 tok/s), prompt: 212, finish_reason=stop, max_tokens=8192, request_max_tokens=8192
2026-09-08 11:47:52,087 - omlx.scheduler - INFO - Cache phase timings: cleanup_finished_sync=12.1ms/516
2026-09-08 11:47:52,087 - omlx.server - INFO - Chat completion: model=Ornith-1.5-35B-A3B-Abliterated-MLX-4bit, 239 tokens in 3.22s (74.2 tok/s), prompt: 441, finish_reason=stop, max_tokens=8192, request_max_tokens=8192
2026-09-08 11:47:52,088 - omlx.patches.mlx_lm_mtp.batch_generator - INFO - MTP singleton recovery: multirow marker cleared (compact cache)
2026-09-08 11:47:53,991 - omlx.scheduler - INFO - Cache phase timings: cleanup_finished_sync=12.1ms/517
2026-09-08 11:47:53,991 - omlx.server - INFO - Chat completion: model=Ornith-1.5-35B-A3B-Abliterated-MLX-4bit, 401 tokens in 5.93s (67.7 tok/s), prompt: 459, finish_reason=stop, max_tokens=8192, request_max_tokens=8192
2026-09-08 11:47:53,993 - omlx.patches.mlx_lm_mtp.batch_generator - INFO - MTP singleton recovery: multirow marker cleared (compact cache)
2026-09-08 11:47:56,589 - omlx.scheduler - INFO - Cache phase timings: cleanup_finished_sync=12.1ms/518
2026-09-08 11:47:56,589 - omlx.patches.mlx_lm_mtp.batch_generator - INFO - MTP singleton recovery: multirow marker cleared (compact cache)
2026-09-08 11:47:56,695 - omlx.server - INFO - Chat completion: model=Ornith-1.5-35B-A3B-Abliterated-MLX-4bit, 189 tokens in 2.70s (70.0 tok/s), prompt: 265, finish_reason=stop, max_tokens=8192, request_max_tokens=8192
2026-09-08 11:47:58,523 - omlx.scheduler - INFO - Cache phase timings: cleanup_finished_sync=12.2ms/519
2026-09-08 11:47:58,523 - omlx.server - INFO - Chat completion: model=Ornith-1.5-35B-A3B-Abliterated-MLX-4bit, 115 tokens in 1.82s (63.1 tok/s), prompt: 238, finish_reason=stop, max_tokens=8192, request_max_tokens=8192
2026-09-08 11:47:58,523 - omlx.patches.mlx_lm_mtp.batch_generator - INFO - MTP singleton recovery: multirow marker cleared (compact cache)
2026-09-08 11:48:01,350 - omlx.scheduler - INFO - Cache phase timings: cleanup_finished_sync=12.2ms/520
2026-09-08 11:48:01,351 - omlx.patches.mlx_lm_mtp.batch_generator - INFO - MTP singleton recovery: multirow marker cleared (compact cache)
2026-09-08 11:48:01,458 - omlx.server - INFO - Chat completion: model=Ornith-1.5-35B-A3B-Abliterated-MLX-4bit, 691 tokens in 9.36s (73.8 tok/s), prompt: 399, finish_reason=stop, max_tokens=8192, request_max_tokens=8192
2026-09-08 11:48:03,154 - omlx.scheduler - INFO - Cache phase timings: cleanup_finished_sync=12.2ms/521
2026-09-08 11:48:03,154 - omlx.server - INFO - Chat completion: model=Ornith-1.5-35B-A3B-Abliterated-MLX-4bit, 95 tokens in 1.69s (56.2 tok/s), prompt: 426, finish_reason=stop, max_tokens=8192, request_max_tokens=8192
2026-09-08 11:48:03,155 - omlx.patches.mlx_lm_mtp.batch_generator - INFO - MTP singleton recovery: multirow marker cleared (compact cache)
2026-09-08 11:48:04,075 - omlx.scheduler - INFO - Cache phase timings: cleanup_finished_sync=12.2ms/522
2026-09-08 11:48:04,075 - omlx.patches.mlx_lm_mtp.batch_generator - INFO - MTP singleton recovery: multirow marker cleared (compact cache)
2026-09-08 11:48:04,180 - omlx.server - INFO - Chat completion: model=Ornith-1.5-35B-A3B-Abliterated-MLX-4bit, 33 tokens in 1.02s (32.4 tok/s), prompt: 245, finish_reason=stop, max_tokens=8192, request_max_tokens=8192
2026-09-08 11:48:05,957 - omlx.scheduler - INFO - Cache phase timings: cleanup_finished_sync=12.2ms/523
2026-09-08 11:48:05,959 - omlx.patches.mlx_lm_mtp.batch_generator - INFO - MTP singleton recovery: multirow marker cleared (compact cache)
2026-09-08 11:48:05,973 - omlx.server - INFO - Chat completion: model=Ornith-1.5-35B-A3B-Abliterated-MLX-4bit, 505 tokens in 7.44s (67.8 tok/s), prompt: 361, finish_reason=stop, max_tokens=8192, request_max_tokens=8192
2026-09-08 11:48:05,992 - omlx.scheduler - INFO - Cache phase timings: cleanup_finished_sync=12.3ms/524
2026-09-08 11:48:05,993 - omlx.server - INFO - Chat completion: model=Ornith-1.5-35B-A3B-Abliterated-MLX-4bit, 100 tokens in 1.81s (55.4 tok/s), prompt: 567, finish_reason=stop, max_tokens=8192, request_max_tokens=8192
2026-09-08 11:48:07,891 - omlx.scheduler - INFO - Cache phase timings: cleanup_finished_sync=12.3ms/525
2026-09-08 11:48:07,891 - omlx.server - INFO - Chat completion: model=Ornith-1.5-35B-A3B-Abliterated-MLX-4bit, 109 tokens in 1.91s (57.0 tok/s), prompt: 378, finish_reason=stop, max_tokens=8192, request_max_tokens=8192
2026-09-08 11:48:07,893 - omlx.patches.mlx_lm_mtp.batch_generator - INFO - MTP singleton recovery: multirow marker cleared (compact cache)
2026-09-08 11:48:09,090 - omlx.scheduler - INFO - Cache phase timings: cleanup_finished_sync=12.3ms/526
2026-09-08 11:48:09,090 - omlx.server - INFO - Chat completion: model=Ornith-1.5-35B-A3B-Abliterated-MLX-4bit, 52 tokens in 1.20s (43.5 tok/s), prompt: 376, finish_reason=stop, max_tokens=8192, request_max_tokens=8192
2026-09-08 11:48:09,091 - omlx.patches.mlx_lm_mtp.batch_generator - INFO - MTP singleton recovery: multirow marker cleared (compact cache)
2026-09-08 11:48:10,085 - omlx.scheduler - INFO - Cache phase timings: cleanup_finished_sync=12.3ms/527
2026-09-08 11:48:10,086 - omlx.patches.mlx_lm_mtp.batch_generator - INFO - MTP singleton recovery: multirow marker cleared (compact cache)
2026-09-08 11:48:10,189 - omlx.server - INFO - Chat completion: model=Ornith-1.5-35B-A3B-Abliterated-MLX-4bit, 33 tokens in 1.09s (30.2 tok/s), prompt: 374, finish_reason=stop, max_tokens=8192, request_max_tokens=8192
2026-09-08 11:48:13,558 - omlx.scheduler - INFO - Cache phase timings: cleanup_finished_sync=12.4ms/528
2026-09-08 11:48:13,558 - omlx.server - INFO - Chat completion: model=Ornith-1.5-35B-A3B-Abliterated-MLX-4bit, 244 tokens in 3.36s (72.6 tok/s), prompt: 565, finish_reason=stop, max_tokens=8192, request_max_tokens=8192
2026-09-08 11:48:13,558 - omlx.patches.mlx_lm_mtp.batch_generator - INFO - MTP singleton recovery: multirow marker cleared (compact cache)
2026-09-08 11:48:15,404 - omlx.scheduler - INFO - Cache phase timings: cleanup_finished_sync=12.4ms/529
2026-09-08 11:48:15,404 - omlx.patches.mlx_lm_mtp.batch_generator - INFO - MTP singleton recovery: multirow marker cleared (compact cache)
2026-09-08 11:48:15,418 - omlx.server - INFO - Chat completion: model=Ornith-1.5-35B-A3B-Abliterated-MLX-4bit, 110 tokens in 1.85s (59.3 tok/s), prompt: 403, finish_reason=stop, max_tokens=8192, request_max_tokens=8192
2026-09-08 11:48:19,164 - omlx.scheduler - INFO - Cache phase timings: cleanup_finished_sync=12.4ms/530
2026-09-08 11:48:19,164 - omlx.patches.mlx_lm_mtp.batch_generator - INFO - MTP singleton recovery: multirow marker cleared (compact cache)
2026-09-08 11:48:19,272 - omlx.server - INFO - Chat completion: model=Ornith-1.5-35B-A3B-Abliterated-MLX-4bit, 273 tokens in 3.85s (71.0 tok/s), prompt: 525, finish_reason=stop, max_tokens=8192, request_max_tokens=8192
2026-09-08 11:48:21,144 - omlx.scheduler - INFO - Cache phase timings: cleanup_finished_sync=12.4ms/531
2026-09-08 11:48:21,144 - omlx.server - INFO - Chat completion: model=Ornith-1.5-35B-A3B-Abliterated-MLX-4bit, 1037 tokens in 15.14s (68.5 tok/s), prompt: 388, finish_reason=stop, max_tokens=8192, request_max_tokens=8192
2026-09-08 11:48:21,146 - omlx.patches.mlx_lm_mtp.batch_generator - INFO - MTP singleton recovery: multirow marker cleared (compact cache)
2026-09-08 11:48:22,898 - omlx.scheduler - INFO - Cache phase timings: cleanup_finished_sync=12.5ms/532
2026-09-08 11:48:22,900 - omlx.patches.mlx_lm_mtp.batch_generator - INFO - MTP singleton recovery: multirow marker cleared (compact cache)
2026-09-08 11:48:23,003 - omlx.server - INFO - Chat completion: model=Ornith-1.5-35B-A3B-Abliterated-MLX-4bit, 228 tokens in 3.73s (61.2 tok/s), prompt: 423, finish_reason=stop, max_tokens=8192, request_max_tokens=8192
2026-09-08 11:48:25,240 - omlx.scheduler - INFO - Cache phase timings: cleanup_finished_sync=12.5ms/533
2026-09-08 11:48:25,240 - omlx.server - INFO - Chat completion: model=Ornith-1.5-35B-A3B-Abliterated-MLX-4bit, 139 tokens in 2.23s (62.3 tok/s), prompt: 588, finish_reason=stop, max_tokens=8192, request_max_tokens=8192
2026-09-08 11:48:25,243 - omlx.patches.mlx_lm_mtp.batch_generator - INFO - MTP singleton recovery: multirow marker cleared (compact cache)
2026-09-08 11:48:26,503 - omlx.scheduler - INFO - Cache phase timings: cleanup_finished_sync=12.5ms/534
2026-09-08 11:48:26,504 - omlx.server - INFO - Chat completion: model=Ornith-1.5-35B-A3B-Abliterated-MLX-4bit, 358 tokens in 5.36s (66.8 tok/s), prompt: 383, finish_reason=stop, max_tokens=8192, request_max_tokens=8192
2026-09-08 11:48:26,506 - omlx.patches.mlx_lm_mtp.batch_generator - INFO - MTP singleton recovery: multirow marker cleared (compact cache)
2026-09-08 11:48:28,079 - omlx.scheduler - INFO - Cache phase timings: cleanup_finished_sync=12.5ms/535
2026-09-08 11:48:28,079 - omlx.patches.mlx_lm_mtp.batch_generator - INFO - MTP singleton recovery: multirow marker cleared (compact cache)
2026-09-08 11:48:28,182 - omlx.server - INFO - Chat completion: model=Ornith-1.5-35B-A3B-Abliterated-MLX-4bit, 86 tokens in 1.67s (51.4 tok/s), prompt: 419, finish_reason=stop, max_tokens=8192, request_max_tokens=8192
2026-09-08 11:48:30,171 - omlx.scheduler - INFO - Cache phase timings: cleanup_finished_sync=12.5ms/536
2026-09-08 11:48:30,172 - omlx.patches.mlx_lm_mtp.batch_generator - INFO - MTP singleton recovery: multirow marker cleared (compact cache)
2026-09-08 11:48:30,186 - omlx.server - INFO - Chat completion: model=Ornith-1.5-35B-A3B-Abliterated-MLX-4bit, 141 tokens in 2.00s (70.6 tok/s), prompt: 248, finish_reason=stop, max_tokens=8192, request_max_tokens=8192
2026-09-08 11:48:32,371 - omlx.scheduler - INFO - Cache phase timings: cleanup_finished_sync=12.6ms/537
2026-09-08 11:48:32,372 - omlx.server - INFO - Chat completion: model=Ornith-1.5-35B-A3B-Abliterated-MLX-4bit, 508 tokens in 7.13s (71.3 tok/s), prompt: 247, finish_reason=stop, max_tokens=8192, request_max_tokens=8192
2026-09-08 11:48:32,374 - omlx.patches.mlx_lm_mtp.batch_generator - INFO - MTP singleton recovery: multirow marker cleared (compact cache)
2026-09-08 11:48:32,464 - omlx.scheduler - INFO - Cache phase timings: cleanup_finished_sync=12.6ms/538
2026-09-08 11:48:32,465 - omlx.server - INFO - Chat completion: model=Ornith-1.5-35B-A3B-Abliterated-MLX-4bit, 151 tokens in 2.27s (66.4 tok/s), prompt: 582, finish_reason=stop, max_tokens=8192, request_max_tokens=8192
2026-09-08 11:48:34,389 - omlx.scheduler - INFO - Cache phase timings: cleanup_finished_sync=12.6ms/539
2026-09-08 11:48:34,389 - omlx.server - INFO - Chat completion: model=Ornith-1.5-35B-A3B-Abliterated-MLX-4bit, 114 tokens in 2.01s (56.6 tok/s), prompt: 329, finish_reason=stop, max_tokens=8192, request_max_tokens=8192
2026-09-08 11:48:34,389 - omlx.patches.mlx_lm_mtp.batch_generator - INFO - MTP singleton recovery: multirow marker cleared (compact cache)
2026-09-08 11:48:36,616 - omlx.scheduler - INFO - Cache phase timings: cleanup_finished_sync=12.6ms/540
2026-09-08 11:48:36,618 - omlx.patches.mlx_lm_mtp.batch_generator - INFO - MTP singleton recovery: multirow marker cleared (compact cache)
2026-09-08 11:48:36,631 - omlx.server - INFO - Chat completion: model=Ornith-1.5-35B-A3B-Abliterated-MLX-4bit, 271 tokens in 4.16s (65.2 tok/s), prompt: 546, finish_reason=stop, max_tokens=8192, request_max_tokens=8192
2026-09-08 11:48:38,062 - omlx.scheduler - INFO - Cache phase timings: cleanup_finished_sync=12.7ms/541
2026-09-08 11:48:38,062 - omlx.patches.mlx_lm_mtp.batch_generator - INFO - MTP singleton recovery: multirow marker cleared (compact cache)
2026-09-08 11:48:38,171 - omlx.server - INFO - Chat completion: model=Ornith-1.5-35B-A3B-Abliterated-MLX-4bit, 81 tokens in 1.53s (52.8 tok/s), prompt: 386, finish_reason=stop, max_tokens=8192, request_max_tokens=8192
2026-09-08 11:48:40,364 - omlx.scheduler - INFO - Cache phase timings: cleanup_finished_sync=12.7ms/542
2026-09-08 11:48:40,364 - omlx.patches.mlx_lm_mtp.batch_generator - INFO - MTP singleton recovery: multirow marker cleared (compact cache)
2026-09-08 11:48:40,465 - omlx.server - INFO - Chat completion: model=Ornith-1.5-35B-A3B-Abliterated-MLX-4bit, 160 tokens in 2.29s (70.0 tok/s), prompt: 278, finish_reason=stop, max_tokens=8192, request_max_tokens=8192
2026-09-08 11:48:41,606 - omlx.scheduler - INFO - Cache phase timings: cleanup_finished_sync=12.7ms/543
2026-09-08 11:48:41,606 - omlx.server - INFO - Chat completion: model=Ornith-1.5-35B-A3B-Abliterated-MLX-4bit, 530 tokens in 7.21s (73.5 tok/s), prompt: 220, finish_reason=stop, max_tokens=8192, request_max_tokens=8192
2026-09-08 11:48:41,608 - omlx.patches.mlx_lm_mtp.batch_generator - INFO - MTP singleton recovery: multirow marker cleared (compact cache)
2026-09-08 11:48:43,503 - omlx.scheduler - INFO - Cache phase timings: cleanup_finished_sync=12.7ms/544
2026-09-08 11:48:43,503 - omlx.server - INFO - Chat completion: model=Ornith-1.5-35B-A3B-Abliterated-MLX-4bit, 190 tokens in 3.03s (62.7 tok/s), prompt: 524, finish_reason=stop, max_tokens=8192, request_max_tokens=8192
2026-09-08 11:48:43,505 - omlx.patches.mlx_lm_mtp.batch_generator - INFO - MTP singleton recovery: multirow marker cleared (compact cache)
2026-09-08 11:48:44,276 - omlx.scheduler - INFO - Cache phase timings: cleanup_finished_sync=12.8ms/545
2026-09-08 11:48:44,278 - omlx.patches.mlx_lm_mtp.batch_generator - INFO - MTP singleton recovery: multirow marker cleared (compact cache)
2026-09-08 11:48:44,291 - omlx.server - INFO - Chat completion: model=Ornith-1.5-35B-A3B-Abliterated-MLX-4bit, 168 tokens in 2.68s (62.7 tok/s), prompt: 412, finish_reason=stop, max_tokens=8192, request_max_tokens=8192
2026-09-08 11:48:45,668 - omlx.scheduler - INFO - Cache phase timings: cleanup_finished_sync=12.8ms/546
2026-09-08 11:48:45,670 - omlx.patches.mlx_lm_mtp.batch_generator - INFO - MTP singleton recovery: multirow marker cleared (compact cache)
2026-09-08 11:48:45,683 - omlx.server - INFO - Chat completion: model=Ornith-1.5-35B-A3B-Abliterated-MLX-4bit, 77 tokens in 1.39s (55.6 tok/s), prompt: 291, finish_reason=stop, max_tokens=8192, request_max_tokens=8192
2026-09-08 11:48:47,865 - omlx.scheduler - INFO - Cache phase timings: cleanup_finished_sync=12.8ms/547
2026-09-08 11:48:47,865 - omlx.server - INFO - Chat completion: model=Ornith-1.5-35B-A3B-Abliterated-MLX-4bit, 298 tokens in 4.36s (68.4 tok/s), prompt: 218, finish_reason=stop, max_tokens=8192, request_max_tokens=8192
2026-09-08 11:48:47,867 - omlx.patches.mlx_lm_mtp.batch_generator - INFO - MTP singleton recovery: multirow marker cleared (compact cache)
2026-09-08 11:48:49,977 - omlx.scheduler - INFO - Cache phase timings: cleanup_finished_sync=12.8ms/548
2026-09-08 11:48:49,979 - omlx.patches.mlx_lm_mtp.batch_generator - INFO - MTP singleton recovery: multirow marker cleared (compact cache)
2026-09-08 11:48:49,992 - omlx.server - INFO - Chat completion: model=Ornith-1.5-35B-A3B-Abliterated-MLX-4bit, 322 tokens in 4.30s (74.8 tok/s), prompt: 361, finish_reason=stop, max_tokens=8192, request_max_tokens=8192
2026-09-08 11:48:52,920 - omlx.scheduler - INFO - Cache phase timings: cleanup_finished_sync=12.9ms/549
2026-09-08 11:48:52,920 - omlx.server - INFO - Chat completion: model=Ornith-1.5-35B-A3B-Abliterated-MLX-4bit, 228 tokens in 2.92s (78.0 tok/s), prompt: 376, finish_reason=stop, max_tokens=8192, request_max_tokens=8192
2026-09-08 11:48:52,920 - omlx.patches.mlx_lm_mtp.batch_generator - INFO - MTP singleton recovery: multirow marker cleared (compact cache)
2026-09-08 11:48:53,877 - omlx.scheduler - INFO - Cache phase timings: cleanup_finished_sync=12.9ms/550
2026-09-08 11:48:53,877 - omlx.patches.mlx_lm_mtp.batch_generator - INFO - MTP singleton recovery: multirow marker cleared (compact cache)
2026-09-08 11:48:53,974 - omlx.scheduler - INFO - Cache phase timings: cleanup_finished_sync=12.9ms/551
2026-09-08 11:48:53,974 - omlx.server - INFO - Chat completion: model=Ornith-1.5-35B-A3B-Abliterated-MLX-4bit, 40 tokens in 1.05s (38.2 tok/s), prompt: 218, finish_reason=stop, max_tokens=8192, request_max_tokens=8192
2026-09-08 11:48:53,974 - omlx.server - INFO - Chat completion: model=Ornith-1.5-35B-A3B-Abliterated-MLX-4bit, 466 tokens in 6.10s (76.4 tok/s), prompt: 418, finish_reason=stop, max_tokens=8192, request_max_tokens=8192
2026-09-08 11:48:56,747 - omlx.scheduler - INFO - Cache phase timings: cleanup_finished_sync=12.9ms/552
2026-09-08 11:48:56,747 - omlx.server - INFO - Chat completion: model=Ornith-1.5-35B-A3B-Abliterated-MLX-4bit, 203 tokens in 2.77s (73.3 tok/s), prompt: 399, finish_reason=stop, max_tokens=8192, request_max_tokens=8192
2026-09-08 11:48:56,749 - omlx.patches.mlx_lm_mtp.batch_generator - INFO - MTP singleton recovery: multirow marker cleared (compact cache)
2026-09-08 11:48:57,783 - omlx.scheduler - INFO - Cache phase timings: cleanup_finished_sync=12.9ms/553
2026-09-08 11:48:57,783 - omlx.server - INFO - Chat completion: model=Ornith-1.5-35B-A3B-Abliterated-MLX-4bit, 36 tokens in 1.03s (34.8 tok/s), prompt: 424, finish_reason=stop, max_tokens=8192, request_max_tokens=8192
2026-09-08 11:48:57,784 - omlx.patches.mlx_lm_mtp.batch_generator - INFO - MTP singleton recovery: multirow marker cleared (compact cache)
2026-09-08 11:49:00,961 - omlx.scheduler - INFO - Cache phase timings: cleanup_finished_sync=13.0ms/554
2026-09-08 11:49:00,961 - omlx.server - INFO - Chat completion: model=Ornith-1.5-35B-A3B-Abliterated-MLX-4bit, 243 tokens in 3.17s (76.6 tok/s), prompt: 442, finish_reason=stop, max_tokens=8192, request_max_tokens=8192
2026-09-08 11:49:00,962 - omlx.patches.mlx_lm_mtp.batch_generator - INFO - MTP singleton recovery: multirow marker cleared (compact cache)
2026-09-08 11:49:04,161 - omlx.scheduler - INFO - Cache phase timings: cleanup_finished_sync=13.0ms/555
2026-09-08 11:49:04,161 - omlx.patches.mlx_lm_mtp.batch_generator - INFO - MTP singleton recovery: multirow marker cleared (compact cache)
2026-09-08 11:49:04,261 - omlx.server - INFO - Chat completion: model=Ornith-1.5-35B-A3B-Abliterated-MLX-4bit, 237 tokens in 3.29s (72.0 tok/s), prompt: 423, finish_reason=stop, max_tokens=8192, request_max_tokens=8192
2026-09-08 11:49:05,547 - omlx.scheduler - INFO - Cache phase timings: cleanup_finished_sync=13.0ms/556
2026-09-08 11:49:05,547 - omlx.patches.mlx_lm_mtp.batch_generator - INFO - MTP singleton recovery: multirow marker cleared (compact cache)
2026-09-08 11:49:05,561 - omlx.server - INFO - Chat completion: model=Ornith-1.5-35B-A3B-Abliterated-MLX-4bit, 58 tokens in 1.29s (44.9 tok/s), prompt: 433, finish_reason=stop, max_tokens=8192, request_max_tokens=8192
2026-09-08 11:49:06,880 - omlx.scheduler - INFO - Cache phase timings: cleanup_finished_sync=13.0ms/557
2026-09-08 11:49:06,880 - omlx.server - INFO - Chat completion: model=Ornith-1.5-35B-A3B-Abliterated-MLX-4bit, 958 tokens in 12.90s (74.3 tok/s), prompt: 383, finish_reason=stop, max_tokens=8192, request_max_tokens=8192
2026-09-08 11:49:06,882 - omlx.patches.mlx_lm_mtp.batch_generator - INFO - MTP singleton recovery: multirow marker cleared (compact cache)
2026-09-08 11:49:07,749 - omlx.scheduler - INFO - Cache phase timings: cleanup_finished_sync=13.1ms/558
2026-09-08 11:49:07,750 - omlx.server - INFO - Chat completion: model=Ornith-1.5-35B-A3B-Abliterated-MLX-4bit, 110 tokens in 2.18s (50.4 tok/s), prompt: 434, finish_reason=stop, max_tokens=8192, request_max_tokens=8192
2026-09-08 11:49:07,752 - omlx.patches.mlx_lm_mtp.batch_generator - INFO - MTP singleton recovery: multirow marker cleared (compact cache)
2026-09-08 11:49:12,672 - omlx.scheduler - INFO - Cache phase timings: cleanup_finished_sync=13.1ms/559
2026-09-08 11:49:12,673 - omlx.server - INFO - Chat completion: model=Ornith-1.5-35B-A3B-Abliterated-MLX-4bit, 409 tokens in 4.92s (83.2 tok/s), prompt: 648, finish_reason=stop, max_tokens=8192, request_max_tokens=8192
2026-09-08 11:49:12,676 - omlx.patches.mlx_lm_mtp.batch_generator - INFO - MTP singleton recovery: multirow marker cleared (compact cache)
2026-09-08 11:49:13,681 - omlx.scheduler - INFO - Cache phase timings: cleanup_finished_sync=13.1ms/560
2026-09-08 11:49:13,681 - omlx.patches.mlx_lm_mtp.batch_generator - INFO - MTP singleton recovery: multirow marker cleared (compact cache)
2026-09-08 11:49:13,782 - omlx.server - INFO - Chat completion: model=Ornith-1.5-35B-A3B-Abliterated-MLX-4bit, 37 tokens in 1.11s (33.5 tok/s), prompt: 339, finish_reason=stop, max_tokens=8192, request_max_tokens=8192
2026-09-08 11:49:15,178 - omlx.scheduler - INFO - Cache phase timings: cleanup_finished_sync=13.1ms/561
2026-09-08 11:49:15,178 - omlx.server - INFO - Chat completion: model=Ornith-1.5-35B-A3B-Abliterated-MLX-4bit, 71 tokens in 1.39s (51.1 tok/s), prompt: 431, finish_reason=stop, max_tokens=8192, request_max_tokens=8192
2026-09-08 11:49:15,178 - omlx.patches.mlx_lm_mtp.batch_generator - INFO - MTP singleton recovery: multirow marker cleared (compact cache)
2026-09-08 11:49:16,453 - omlx.scheduler - INFO - Cache phase timings: cleanup_finished_sync=13.1ms/562
2026-09-08 11:49:16,453 - omlx.server - INFO - Chat completion: model=Ornith-1.5-35B-A3B-Abliterated-MLX-4bit, 53 tokens in 1.27s (41.8 tok/s), prompt: 574, finish_reason=stop, max_tokens=8192, request_max_tokens=8192
2026-09-08 11:49:16,453 - omlx.patches.mlx_lm_mtp.batch_generator - INFO - MTP singleton recovery: multirow marker cleared (compact cache)
2026-09-08 11:49:16,474 - omlx.scheduler - INFO - Cache phase timings: cleanup_finished_sync=13.2ms/563
2026-09-08 11:49:16,475 - omlx.server - INFO - Chat completion: model=Ornith-1.5-35B-A3B-Abliterated-MLX-4bit, 691 tokens in 9.59s (72.1 tok/s), prompt: 383, finish_reason=stop, max_tokens=8192, request_max_tokens=8192
2026-09-08 11:49:18,603 - omlx.scheduler - INFO - Cache phase timings: cleanup_finished_sync=13.2ms/564
2026-09-08 11:49:18,603 - omlx.server - INFO - Chat completion: model=Ornith-1.5-35B-A3B-Abliterated-MLX-4bit, 108 tokens in 2.12s (51.0 tok/s), prompt: 437, finish_reason=stop, max_tokens=8192, request_max_tokens=8192
2026-09-08 11:49:18,603 - omlx.patches.mlx_lm_mtp.batch_generator - INFO - MTP singleton recovery: multirow marker cleared (compact cache)
2026-09-08 11:49:19,578 - omlx.scheduler - INFO - Cache phase timings: cleanup_finished_sync=13.2ms/565
2026-09-08 11:49:19,579 - omlx.server - INFO - Chat completion: model=Ornith-1.5-35B-A3B-Abliterated-MLX-4bit, 179 tokens in 3.12s (57.4 tok/s), prompt: 458, finish_reason=stop, max_tokens=8192, request_max_tokens=8192
2026-09-08 11:49:19,581 - omlx.patches.mlx_lm_mtp.batch_generator - INFO - MTP singleton recovery: multirow marker cleared (compact cache)
2026-09-08 11:49:20,938 - omlx.scheduler - INFO - Cache phase timings: cleanup_finished_sync=13.2ms/566
2026-09-08 11:49:20,938 - omlx.patches.mlx_lm_mtp.batch_generator - INFO - MTP singleton recovery: multirow marker cleared (compact cache)
2026-09-08 11:49:20,951 - omlx.server - INFO - Chat completion: model=Ornith-1.5-35B-A3B-Abliterated-MLX-4bit, 114 tokens in 2.34s (48.7 tok/s), prompt: 587, finish_reason=stop, max_tokens=8192, request_max_tokens=8192
2026-09-08 11:49:22,258 - omlx.scheduler - INFO - Cache phase timings: cleanup_finished_sync=13.3ms/567
2026-09-08 11:49:22,258 - omlx.server - INFO - Chat completion: model=Ornith-1.5-35B-A3B-Abliterated-MLX-4bit, 162 tokens in 2.68s (60.5 tok/s), prompt: 458, finish_reason=stop, max_tokens=8192, request_max_tokens=8192
2026-09-08 11:49:22,261 - omlx.patches.mlx_lm_mtp.batch_generator - INFO - MTP singleton recovery: multirow marker cleared (compact cache)
2026-09-08 11:49:22,462 - omlx.scheduler - INFO - Cache phase timings: cleanup_finished_sync=13.3ms/568
2026-09-08 11:49:22,463 - omlx.server - INFO - Chat completion: model=Ornith-1.5-35B-A3B-Abliterated-MLX-4bit, 86 tokens in 1.51s (57.1 tok/s), prompt: 256, finish_reason=stop, max_tokens=8192, request_max_tokens=8192
2026-09-08 11:49:25,487 - omlx.scheduler - INFO - Cache phase timings: cleanup_finished_sync=13.3ms/569
2026-09-08 11:49:25,487 - omlx.server - INFO - Chat completion: model=Ornith-1.5-35B-A3B-Abliterated-MLX-4bit, 228 tokens in 3.23s (70.7 tok/s), prompt: 428, finish_reason=stop, max_tokens=8192, request_max_tokens=8192
2026-09-08 11:49:25,490 - omlx.patches.mlx_lm_mtp.batch_generator - INFO - MTP singleton recovery: multirow marker cleared (compact cache)
2026-09-08 11:49:27,277 - omlx.scheduler - INFO - Cache phase timings: cleanup_finished_sync=13.3ms/570
2026-09-08 11:49:27,279 - omlx.patches.mlx_lm_mtp.batch_generator - INFO - MTP singleton recovery: multirow marker cleared (compact cache)
2026-09-08 11:49:27,388 - omlx.server - INFO - Chat completion: model=Ornith-1.5-35B-A3B-Abliterated-MLX-4bit, 345 tokens in 4.92s (70.1 tok/s), prompt: 361, finish_reason=stop, max_tokens=8192, request_max_tokens=8192
2026-09-08 11:49:29,589 - omlx.scheduler - INFO - Cache phase timings: cleanup_finished_sync=13.4ms/571
2026-09-08 11:49:29,589 - omlx.server - INFO - Chat completion: model=Ornith-1.5-35B-A3B-Abliterated-MLX-4bit, 154 tokens in 2.19s (70.2 tok/s), prompt: 457, finish_reason=stop, max_tokens=8192, request_max_tokens=8192
2026-09-08 11:49:29,592 - omlx.patches.mlx_lm_mtp.batch_generator - INFO - MTP singleton recovery: multirow marker cleared (compact cache)
2026-09-08 11:49:30,608 - omlx.scheduler - INFO - Cache phase timings: cleanup_finished_sync=13.4ms/572
2026-09-08 11:49:30,608 - omlx.server - INFO - Chat completion: model=Ornith-1.5-35B-A3B-Abliterated-MLX-4bit, 41 tokens in 1.02s (40.4 tok/s), prompt: 313, finish_reason=stop, max_tokens=8192, request_max_tokens=8192
2026-09-08 11:49:30,608 - omlx.patches.mlx_lm_mtp.batch_generator - INFO - MTP singleton recovery: multirow marker cleared (compact cache)
2026-09-08 11:49:34,345 - omlx.scheduler - INFO - Cache phase timings: cleanup_finished_sync=13.4ms/573
2026-09-08 11:49:34,345 - omlx.patches.mlx_lm_mtp.batch_generator - INFO - MTP singleton recovery: multirow marker cleared (compact cache)
2026-09-08 11:49:34,360 - omlx.server - INFO - Chat completion: model=Ornith-1.5-35B-A3B-Abliterated-MLX-4bit, 303 tokens in 3.75s (80.9 tok/s), prompt: 459, finish_reason=stop, max_tokens=8192, request_max_tokens=8192
2026-09-08 11:49:37,005 - omlx.scheduler - INFO - Cache phase timings: cleanup_finished_sync=13.4ms/574
2026-09-08 11:49:37,005 - omlx.server - INFO - Chat completion: model=Ornith-1.5-35B-A3B-Abliterated-MLX-4bit, 183 tokens in 2.64s (69.3 tok/s), prompt: 565, finish_reason=stop, max_tokens=8192, request_max_tokens=8192
2026-09-08 11:49:37,005 - omlx.patches.mlx_lm_mtp.batch_generator - INFO - MTP singleton recovery: multirow marker cleared (compact cache)
2026-09-08 11:49:38,765 - omlx.scheduler - INFO - Cache phase timings: cleanup_finished_sync=13.5ms/575
2026-09-08 11:49:38,765 - omlx.server - INFO - Chat completion: model=Ornith-1.5-35B-A3B-Abliterated-MLX-4bit, 1017 tokens in 13.28s (76.6 tok/s), prompt: 220, finish_reason=stop, max_tokens=8192, request_max_tokens=8192
2026-09-08 11:49:38,768 - omlx.patches.mlx_lm_mtp.batch_generator - INFO - MTP singleton recovery: multirow marker cleared (compact cache)
2026-09-08 11:49:40,512 - omlx.scheduler - INFO - Cache phase timings: cleanup_finished_sync=13.5ms/576
2026-09-08 11:49:40,514 - omlx.patches.mlx_lm_mtp.batch_generator - INFO - MTP singleton recovery: multirow marker cleared (compact cache)
2026-09-08 11:49:40,528 - omlx.server - INFO - Chat completion: model=Ornith-1.5-35B-A3B-Abliterated-MLX-4bit, 212 tokens in 3.52s (60.2 tok/s), prompt: 581, finish_reason=stop, max_tokens=8192, request_max_tokens=8192
2026-09-08 11:49:43,245 - omlx.scheduler - INFO - Cache phase timings: cleanup_finished_sync=13.5ms/577
2026-09-08 11:49:43,246 - omlx.patches.mlx_lm_mtp.batch_generator - INFO - MTP singleton recovery: multirow marker cleared (compact cache)
2026-09-08 11:49:43,260 - omlx.server - INFO - Chat completion: model=Ornith-1.5-35B-A3B-Abliterated-MLX-4bit, 327 tokens in 4.49s (72.8 tok/s), prompt: 673, finish_reason=stop, max_tokens=8192, request_max_tokens=8192
2026-09-08 11:49:45,446 - omlx.scheduler - INFO - Cache phase timings: cleanup_finished_sync=13.5ms/578
2026-09-08 11:49:45,446 - omlx.server - INFO - Chat completion: model=Ornith-1.5-35B-A3B-Abliterated-MLX-4bit, 144 tokens in 2.18s (66.1 tok/s), prompt: 582, finish_reason=stop, max_tokens=8192, request_max_tokens=8192
2026-09-08 11:49:45,448 - omlx.patches.mlx_lm_mtp.batch_generator - INFO - MTP singleton recovery: multirow marker cleared (compact cache)
2026-09-08 11:49:48,246 - omlx.scheduler - INFO - Cache phase timings: cleanup_finished_sync=13.6ms/579
2026-09-08 11:49:48,246 - omlx.patches.mlx_lm_mtp.batch_generator - INFO - MTP singleton recovery: multirow marker cleared (compact cache)
2026-09-08 11:49:48,357 - omlx.server - INFO - Chat completion: model=Ornith-1.5-35B-A3B-Abliterated-MLX-4bit, 215 tokens in 2.91s (73.9 tok/s), prompt: 248, finish_reason=stop, max_tokens=8192, request_max_tokens=8192
2026-09-08 11:49:49,370 - omlx.scheduler - INFO - Cache phase timings: cleanup_finished_sync=13.6ms/580
2026-09-08 11:49:49,371 - omlx.patches.mlx_lm_mtp.batch_generator - INFO - MTP singleton recovery: multirow marker cleared (compact cache)
2026-09-08 11:49:49,384 - omlx.server - INFO - Chat completion: model=Ornith-1.5-35B-A3B-Abliterated-MLX-4bit, 44 tokens in 1.02s (43.0 tok/s), prompt: 230, finish_reason=stop, max_tokens=8192, request_max_tokens=8192
2026-09-08 11:49:51,559 - omlx.scheduler - INFO - Cache phase timings: cleanup_finished_sync=13.6ms/581
2026-09-08 11:49:51,560 - omlx.server - INFO - Chat completion: model=Ornith-1.5-35B-A3B-Abliterated-MLX-4bit, 857 tokens in 11.03s (77.7 tok/s), prompt: 235, finish_reason=stop, max_tokens=8192, request_max_tokens=8192
2026-09-08 11:49:51,562 - omlx.patches.mlx_lm_mtp.batch_generator - INFO - MTP singleton recovery: multirow marker cleared (compact cache)
2026-09-08 11:49:53,363 - omlx.scheduler - INFO - Cache phase timings: cleanup_finished_sync=13.7ms/582
2026-09-08 11:49:53,365 - omlx.patches.mlx_lm_mtp.batch_generator - INFO - MTP singleton recovery: multirow marker cleared (compact cache)
2026-09-08 11:49:53,378 - omlx.server - INFO - Chat completion: model=Ornith-1.5-35B-A3B-Abliterated-MLX-4bit, 292 tokens in 3.99s (73.2 tok/s), prompt: 379, finish_reason=stop, max_tokens=8192, request_max_tokens=8192
2026-09-08 11:49:55,330 - omlx.scheduler - INFO - Cache phase timings: cleanup_finished_sync=13.7ms/583
2026-09-08 11:49:55,330 - omlx.server - INFO - Chat completion: model=Ornith-1.5-35B-A3B-Abliterated-MLX-4bit, 283 tokens in 3.77s (75.1 tok/s), prompt: 283, finish_reason=stop, max_tokens=8192, request_max_tokens=8192
2026-09-08 11:49:55,332 - omlx.patches.mlx_lm_mtp.batch_generator - INFO - MTP singleton recovery: multirow marker cleared (compact cache)
2026-09-08 11:49:56,405 - omlx.scheduler - INFO - Cache phase timings: cleanup_finished_sync=13.7ms/584
2026-09-08 11:49:56,405 - omlx.server - INFO - Chat completion: model=Ornith-1.5-35B-A3B-Abliterated-MLX-4bit, 195 tokens in 3.02s (64.5 tok/s), prompt: 213, finish_reason=stop, max_tokens=8192, request_max_tokens=8192
2026-09-08 11:49:56,405 - omlx.patches.mlx_lm_mtp.batch_generator - INFO - MTP singleton recovery: multirow marker cleared (compact cache)
2026-09-08 11:49:57,594 - omlx.scheduler - INFO - Cache phase timings: cleanup_finished_sync=13.7ms/585
2026-09-08 11:49:57,594 - omlx.patches.mlx_lm_mtp.batch_generator - INFO - MTP singleton recovery: multirow marker cleared (compact cache)
2026-09-08 11:49:57,697 - omlx.server - INFO - Chat completion: model=Ornith-1.5-35B-A3B-Abliterated-MLX-4bit, 49 tokens in 1.29s (38.1 tok/s), prompt: 438, finish_reason=stop, max_tokens=8192, request_max_tokens=8192
2026-09-08 11:49:58,736 - omlx.scheduler - INFO - Cache phase timings: cleanup_finished_sync=13.8ms/586
2026-09-08 11:49:58,738 - omlx.patches.mlx_lm_mtp.batch_generator - INFO - MTP singleton recovery: multirow marker cleared (compact cache)
2026-09-08 11:49:58,838 - omlx.server - INFO - Chat completion: model=Ornith-1.5-35B-A3B-Abliterated-MLX-4bit, 165 tokens in 3.50s (47.1 tok/s), prompt: 589, finish_reason=stop, max_tokens=8192, request_max_tokens=8192
2026-09-08 11:50:00,203 - omlx.scheduler - INFO - Cache phase timings: cleanup_finished_sync=13.8ms/587
2026-09-08 11:50:00,203 - omlx.server - INFO - Chat completion: model=Ornith-1.5-35B-A3B-Abliterated-MLX-4bit, 63 tokens in 1.36s (46.4 tok/s), prompt: 576, finish_reason=stop, max_tokens=8192, request_max_tokens=8192
2026-09-08 11:50:00,203 - omlx.patches.mlx_lm_mtp.batch_generator - INFO - MTP singleton recovery: multirow marker cleared (compact cache)
2026-09-08 11:50:05,457 - omlx.scheduler - INFO - Cache phase timings: cleanup_finished_sync=13.8ms/588
2026-09-08 11:50:05,457 - omlx.server - INFO - Chat completion: model=Ornith-1.5-35B-A3B-Abliterated-MLX-4bit, 594 tokens in 7.75s (76.6 tok/s), prompt: 596, finish_reason=stop, max_tokens=8192, request_max_tokens=8192
2026-09-08 11:50:05,460 - omlx.patches.mlx_lm_mtp.batch_generator - INFO - MTP singleton recovery: multirow marker cleared (compact cache)
2026-09-08 11:50:06,974 - omlx.scheduler - INFO - Cache phase timings: cleanup_finished_sync=13.8ms/589
2026-09-08 11:50:06,974 - omlx.patches.mlx_lm_mtp.batch_generator - INFO - MTP singleton recovery: multirow marker cleared (compact cache)
2026-09-08 11:50:06,988 - omlx.server - INFO - Chat completion: model=Ornith-1.5-35B-A3B-Abliterated-MLX-4bit, 79 tokens in 1.52s (51.9 tok/s), prompt: 601, finish_reason=stop, max_tokens=8192, request_max_tokens=8192
2026-09-08 11:50:11,614 - omlx.scheduler - INFO - Cache phase timings: cleanup_finished_sync=13.8ms/590
2026-09-08 11:50:11,615 - omlx.server - INFO - Chat completion: model=Ornith-1.5-35B-A3B-Abliterated-MLX-4bit, 377 tokens in 4.62s (81.6 tok/s), prompt: 553, finish_reason=stop, max_tokens=8192, request_max_tokens=8192
2026-09-08 11:50:11,615 - omlx.patches.mlx_lm_mtp.batch_generator - INFO - MTP singleton recovery: multirow marker cleared (compact cache)
2026-09-08 11:50:13,867 - omlx.scheduler - INFO - Cache phase timings: cleanup_finished_sync=13.9ms/591
2026-09-08 11:50:13,868 - omlx.server - INFO - Chat completion: model=Ornith-1.5-35B-A3B-Abliterated-MLX-4bit, 1113 tokens in 13.66s (81.5 tok/s), prompt: 219, finish_reason=stop, max_tokens=8192, request_max_tokens=8192
2026-09-08 11:50:13,870 - omlx.patches.mlx_lm_mtp.batch_generator - INFO - MTP singleton recovery: multirow marker cleared (compact cache)
2026-09-08 11:50:15,462 - omlx.scheduler - INFO - Cache phase timings: cleanup_finished_sync=13.9ms/592
2026-09-08 11:50:15,462 - omlx.server - INFO - Chat completion: model=Ornith-1.5-35B-A3B-Abliterated-MLX-4bit, 102 tokens in 1.59s (64.1 tok/s), prompt: 211, finish_reason=stop, max_tokens=8192, request_max_tokens=8192
2026-09-08 11:50:15,462 - omlx.patches.mlx_lm_mtp.batch_generator - INFO - MTP singleton recovery: multirow marker cleared (compact cache)
2026-09-08 11:50:16,788 - omlx.scheduler - INFO - Cache phase timings: cleanup_finished_sync=13.9ms/593
2026-09-08 11:50:16,790 - omlx.patches.mlx_lm_mtp.batch_generator - INFO - MTP singleton recovery: multirow marker cleared (compact cache)
2026-09-08 11:50:16,803 - omlx.server - INFO - Chat completion: model=Ornith-1.5-35B-A3B-Abliterated-MLX-4bit, 341 tokens in 5.18s (65.8 tok/s), prompt: 648, finish_reason=stop, max_tokens=8192, request_max_tokens=8192
2026-09-08 11:50:17,964 - omlx.scheduler - INFO - Cache phase timings: cleanup_finished_sync=13.9ms/594
2026-09-08 11:50:17,965 - omlx.server - INFO - Chat completion: model=Ornith-1.5-35B-A3B-Abliterated-MLX-4bit, 131 tokens in 2.50s (52.5 tok/s), prompt: 613, finish_reason=stop, max_tokens=8192, request_max_tokens=8192
2026-09-08 11:50:17,966 - omlx.patches.mlx_lm_mtp.batch_generator - INFO - MTP singleton recovery: multirow marker cleared (compact cache)
2026-09-08 11:50:19,287 - omlx.scheduler - INFO - Cache phase timings: cleanup_finished_sync=14.0ms/595
2026-09-08 11:50:19,287 - omlx.server - INFO - Chat completion: model=Ornith-1.5-35B-A3B-Abliterated-MLX-4bit, 76 tokens in 1.32s (57.6 tok/s), prompt: 223, finish_reason=stop, max_tokens=8192, request_max_tokens=8192
2026-09-08 11:50:19,288 - omlx.patches.mlx_lm_mtp.batch_generator - INFO - MTP singleton recovery: multirow marker cleared (compact cache)
2026-09-08 11:50:20,319 - omlx.scheduler - INFO - Cache phase timings: cleanup_finished_sync=14.0ms/596
2026-09-08 11:50:20,319 - omlx.server - INFO - Chat completion: model=Ornith-1.5-35B-A3B-Abliterated-MLX-4bit, 213 tokens in 3.51s (60.7 tok/s), prompt: 411, finish_reason=stop, max_tokens=8192, request_max_tokens=8192
2026-09-08 11:50:20,321 - omlx.patches.mlx_lm_mtp.batch_generator - INFO - MTP singleton recovery: multirow marker cleared (compact cache)
2026-09-08 11:50:21,861 - omlx.scheduler - INFO - Cache phase timings: cleanup_finished_sync=14.0ms/597
2026-09-08 11:50:21,861 - omlx.server - INFO - Chat completion: model=Ornith-1.5-35B-A3B-Abliterated-MLX-4bit, 149 tokens in 2.57s (58.0 tok/s), prompt: 313, finish_reason=stop, max_tokens=8192, request_max_tokens=8192
2026-09-08 11:50:21,862 - omlx.patches.mlx_lm_mtp.batch_generator - INFO - MTP singleton recovery: multirow marker cleared (compact cache)
2026-09-08 11:50:23,444 - omlx.scheduler - INFO - Cache phase timings: cleanup_finished_sync=14.0ms/598
2026-09-08 11:50:23,444 - omlx.patches.mlx_lm_mtp.batch_generator - INFO - MTP singleton recovery: multirow marker cleared (compact cache)
2026-09-08 11:50:23,549 - omlx.server - INFO - Chat completion: model=Ornith-1.5-35B-A3B-Abliterated-MLX-4bit, 191 tokens in 3.23s (59.2 tok/s), prompt: 459, finish_reason=stop, max_tokens=8192, request_max_tokens=8192
2026-09-08 11:50:24,518 - omlx.scheduler - INFO - Cache phase timings: cleanup_finished_sync=14.1ms/599
2026-09-08 11:50:24,520 - omlx.patches.mlx_lm_mtp.batch_generator - INFO - MTP singleton recovery: multirow marker cleared (compact cache)
2026-09-08 11:50:24,630 - omlx.server - INFO - Chat completion: model=Ornith-1.5-35B-A3B-Abliterated-MLX-4bit, 139 tokens in 2.76s (50.3 tok/s), prompt: 588, finish_reason=stop, max_tokens=8192, request_max_tokens=8192
2026-09-08 11:50:24,861 - omlx.scheduler - INFO - Cache phase timings: cleanup_finished_sync=14.1ms/600
2026-09-08 11:50:24,861 - omlx.server - INFO - Chat completion: model=Ornith-1.5-35B-A3B-Abliterated-MLX-4bit, 53 tokens in 1.31s (40.6 tok/s), prompt: 574, finish_reason=stop, max_tokens=8192, request_max_tokens=8192
2026-09-08 11:50:28,133 - omlx.scheduler - INFO - Cache phase timings: cleanup_finished_sync=14.1ms/601
2026-09-08 11:50:28,133 - omlx.server - INFO - Chat completion: model=Ornith-1.5-35B-A3B-Abliterated-MLX-4bit, 224 tokens in 3.26s (68.6 tok/s), prompt: 525, finish_reason=stop, max_tokens=8192, request_max_tokens=8192
2026-09-08 11:50:28,135 - omlx.patches.mlx_lm_mtp.batch_generator - INFO - MTP singleton recovery: multirow marker cleared (compact cache)
2026-09-08 11:50:31,119 - omlx.scheduler - INFO - Cache phase timings: cleanup_finished_sync=14.1ms/602
2026-09-08 11:50:31,119 - omlx.patches.mlx_lm_mtp.batch_generator - INFO - MTP singleton recovery: multirow marker cleared (compact cache)
2026-09-08 11:50:31,133 - omlx.server - INFO - Chat completion: model=Ornith-1.5-35B-A3B-Abliterated-MLX-4bit, 240 tokens in 3.00s (80.1 tok/s), prompt: 240, finish_reason=stop, max_tokens=8192, request_max_tokens=8192
2026-09-08 11:50:32,863 - omlx.scheduler - INFO - Cache phase timings: cleanup_finished_sync=14.1ms/603
2026-09-08 11:50:32,863 - omlx.patches.mlx_lm_mtp.batch_generator - INFO - MTP singleton recovery: multirow marker cleared (compact cache)
2026-09-08 11:50:32,966 - omlx.server - INFO - Chat completion: model=Ornith-1.5-35B-A3B-Abliterated-MLX-4bit, 110 tokens in 1.83s (60.2 tok/s), prompt: 335, finish_reason=stop, max_tokens=8192, request_max_tokens=8192
2026-09-08 11:50:33,195 - omlx.scheduler - INFO - Cache phase timings: cleanup_finished_sync=14.2ms/604
2026-09-08 11:50:33,195 - omlx.server - INFO - Chat completion: model=Ornith-1.5-35B-A3B-Abliterated-MLX-4bit, 673 tokens in 8.56s (78.6 tok/s), prompt: 383, finish_reason=stop, max_tokens=8192, request_max_tokens=8192
2026-09-08 11:50:35,007 - omlx.scheduler - INFO - Cache phase timings: cleanup_finished_sync=14.2ms/605
2026-09-08 11:50:35,007 - omlx.patches.mlx_lm_mtp.batch_generator - INFO - MTP singleton recovery: multirow marker cleared (compact cache)
2026-09-08 11:50:35,020 - omlx.server - INFO - Chat completion: model=Ornith-1.5-35B-A3B-Abliterated-MLX-4bit, 83 tokens in 1.82s (45.6 tok/s), prompt: 347, finish_reason=stop, max_tokens=8192, request_max_tokens=8192
2026-09-08 11:50:36,390 - omlx.scheduler - INFO - Cache phase timings: cleanup_finished_sync=14.2ms/606
2026-09-08 11:50:36,390 - omlx.patches.mlx_lm_mtp.batch_generator - INFO - MTP singleton recovery: multirow marker cleared (compact cache)
2026-09-08 11:50:36,404 - omlx.server - INFO - Chat completion: model=Ornith-1.5-35B-A3B-Abliterated-MLX-4bit, 197 tokens in 3.43s (57.4 tok/s), prompt: 419, finish_reason=stop, max_tokens=8192, request_max_tokens=8192
2026-09-08 11:50:37,520 - omlx.scheduler - INFO - Cache phase timings: cleanup_finished_sync=14.2ms/607
2026-09-08 11:50:37,523 - omlx.patches.mlx_lm_mtp.batch_generator - INFO - MTP singleton recovery: multirow marker cleared (compact cache)
2026-09-08 11:50:37,631 - omlx.scheduler - INFO - Cache phase timings: cleanup_finished_sync=14.2ms/608
2026-09-08 11:50:37,631 - omlx.server - INFO - Chat completion: model=Ornith-1.5-35B-A3B-Abliterated-MLX-4bit, 128 tokens in 2.60s (49.2 tok/s), prompt: 577, finish_reason=stop, max_tokens=8192, request_max_tokens=8192
2026-09-08 11:50:37,631 - omlx.server - INFO - Chat completion: model=Ornith-1.5-35B-A3B-Abliterated-MLX-4bit, 49 tokens in 1.22s (40.2 tok/s), prompt: 566, finish_reason=stop, max_tokens=8192, request_max_tokens=8192
2026-09-08 11:50:39,367 - omlx.scheduler - INFO - Cache phase timings: cleanup_finished_sync=14.3ms/609
2026-09-08 11:50:39,367 - omlx.patches.mlx_lm_mtp.batch_generator - INFO - MTP singleton recovery: multirow marker cleared (compact cache)
2026-09-08 11:50:39,381 - omlx.server - INFO - Chat completion: model=Ornith-1.5-35B-A3B-Abliterated-MLX-4bit, 82 tokens in 1.74s (47.0 tok/s), prompt: 426, finish_reason=stop, max_tokens=8192, request_max_tokens=8192
2026-09-08 11:50:42,337 - omlx.scheduler - INFO - Cache phase timings: cleanup_finished_sync=14.3ms/610
2026-09-08 11:50:42,337 - omlx.patches.mlx_lm_mtp.batch_generator - INFO - MTP singleton recovery: multirow marker cleared (compact cache)
2026-09-08 11:50:42,440 - omlx.server - INFO - Chat completion: model=Ornith-1.5-35B-A3B-Abliterated-MLX-4bit, 227 tokens in 3.05s (74.4 tok/s), prompt: 411, finish_reason=stop, max_tokens=8192, request_max_tokens=8192
2026-09-08 11:50:43,676 - omlx.scheduler - INFO - Cache phase timings: cleanup_finished_sync=14.3ms/611
2026-09-08 11:50:43,676 - omlx.server - INFO - Chat completion: model=Ornith-1.5-35B-A3B-Abliterated-MLX-4bit, 55 tokens in 1.23s (44.7 tok/s), prompt: 451, finish_reason=stop, max_tokens=8192, request_max_tokens=8192
2026-09-08 11:50:43,676 - omlx.patches.mlx_lm_mtp.batch_generator - INFO - MTP singleton recovery: multirow marker cleared (compact cache)
2026-09-08 11:50:44,735 - omlx.scheduler - INFO - Cache phase timings: cleanup_finished_sync=14.3ms/612
2026-09-08 11:50:44,735 - omlx.server - INFO - Chat completion: model=Ornith-1.5-35B-A3B-Abliterated-MLX-4bit, 36 tokens in 1.05s (34.2 tok/s), prompt: 423, finish_reason=stop, max_tokens=8192, request_max_tokens=8192
2026-09-08 11:50:44,735 - omlx.patches.mlx_lm_mtp.batch_generator - INFO - MTP singleton recovery: multirow marker cleared (compact cache)
2026-09-08 11:50:45,419 - omlx.scheduler - INFO - Cache phase timings: cleanup_finished_sync=14.4ms/613
2026-09-08 11:50:45,419 - omlx.server - INFO - Chat completion: model=Ornith-1.5-35B-A3B-Abliterated-MLX-4bit, 509 tokens in 7.78s (65.4 tok/s), prompt: 621, finish_reason=stop, max_tokens=8192, request_max_tokens=8192
2026-09-08 11:50:45,422 - omlx.patches.mlx_lm_mtp.batch_generator - INFO - MTP singleton recovery: multirow marker cleared (compact cache)
2026-09-08 11:50:47,649 - omlx.scheduler - INFO - Cache phase timings: cleanup_finished_sync=14.4ms/614
2026-09-08 11:50:47,651 - omlx.patches.mlx_lm_mtp.batch_generator - INFO - MTP singleton recovery: multirow marker cleared (compact cache)
2026-09-08 11:50:47,664 - omlx.server - INFO - Chat completion: model=Ornith-1.5-35B-A3B-Abliterated-MLX-4bit, 158 tokens in 2.24s (70.5 tok/s), prompt: 377, finish_reason=stop, max_tokens=8192, request_max_tokens=8192
2026-09-08 11:50:47,887 - omlx.scheduler - INFO - Cache phase timings: cleanup_finished_sync=14.4ms/615
2026-09-08 11:50:47,888 - omlx.server - INFO - Chat completion: model=Ornith-1.5-35B-A3B-Abliterated-MLX-4bit, 211 tokens in 3.15s (67.1 tok/s), prompt: 217, finish_reason=stop, max_tokens=8192, request_max_tokens=8192
2026-09-08 11:50:48,938 - omlx.scheduler - INFO - Cache phase timings: cleanup_finished_sync=14.4ms/616
2026-09-08 11:50:48,938 - omlx.patches.mlx_lm_mtp.batch_generator - INFO - MTP singleton recovery: multirow marker cleared (compact cache)
2026-09-08 11:50:49,049 - omlx.server - INFO - Chat completion: model=Ornith-1.5-35B-A3B-Abliterated-MLX-4bit, 37 tokens in 1.38s (26.8 tok/s), prompt: 339, finish_reason=stop, max_tokens=8192, request_max_tokens=8192
2026-09-08 11:50:54,183 - omlx.scheduler - INFO - Cache phase timings: cleanup_finished_sync=14.5ms/617
2026-09-08 11:50:54,183 - omlx.server - INFO - Chat completion: model=Ornith-1.5-35B-A3B-Abliterated-MLX-4bit, 448 tokens in 5.13s (87.4 tok/s), prompt: 422, finish_reason=stop, max_tokens=8192, request_max_tokens=8192
2026-09-08 11:50:54,183 - omlx.patches.mlx_lm_mtp.batch_generator - INFO - MTP singleton recovery: multirow marker cleared (compact cache)
2026-09-08 11:50:56,087 - omlx.scheduler - INFO - Cache phase timings: cleanup_finished_sync=14.5ms/618
2026-09-08 11:50:56,087 - omlx.server - INFO - Chat completion: model=Ornith-1.5-35B-A3B-Abliterated-MLX-4bit, 625 tokens in 8.19s (76.3 tok/s), prompt: 399, finish_reason=stop, max_tokens=8192, request_max_tokens=8192
2026-09-08 11:50:56,089 - omlx.patches.mlx_lm_mtp.batch_generator - INFO - MTP singleton recovery: multirow marker cleared (compact cache)
2026-09-08 11:50:57,561 - omlx.scheduler - INFO - Cache phase timings: cleanup_finished_sync=14.5ms/619
2026-09-08 11:50:57,561 - omlx.server - INFO - Chat completion: model=Ornith-1.5-35B-A3B-Abliterated-MLX-4bit, 221 tokens in 3.37s (65.6 tok/s), prompt: 566, finish_reason=stop, max_tokens=8192, request_max_tokens=8192
2026-09-08 11:50:57,563 - omlx.patches.mlx_lm_mtp.batch_generator - INFO - MTP singleton recovery: multirow marker cleared (compact cache)
2026-09-08 11:50:58,322 - omlx.scheduler - INFO - Cache phase timings: cleanup_finished_sync=14.5ms/620
2026-09-08 11:50:58,322 - omlx.server - INFO - Chat completion: model=Ornith-1.5-35B-A3B-Abliterated-MLX-4bit, 111 tokens in 2.23s (49.7 tok/s), prompt: 375, finish_reason=stop, max_tokens=8192, request_max_tokens=8192
2026-09-08 11:50:58,323 - omlx.patches.mlx_lm_mtp.batch_generator - INFO - MTP singleton recovery: multirow marker cleared (compact cache)
2026-09-08 11:51:01,778 - omlx.scheduler - INFO - Cache phase timings: cleanup_finished_sync=14.5ms/621
2026-09-08 11:51:01,780 - omlx.patches.mlx_lm_mtp.batch_generator - INFO - MTP singleton recovery: multirow marker cleared (compact cache)
2026-09-08 11:51:01,793 - omlx.server - INFO - Chat completion: model=Ornith-1.5-35B-A3B-Abliterated-MLX-4bit, 306 tokens in 4.23s (72.4 tok/s), prompt: 547, finish_reason=stop, max_tokens=8192, request_max_tokens=8192
2026-09-08 11:51:03,005 - omlx.scheduler - INFO - Cache phase timings: cleanup_finished_sync=14.6ms/622
2026-09-08 11:51:03,005 - omlx.patches.mlx_lm_mtp.batch_generator - INFO - MTP singleton recovery: multirow marker cleared (compact cache)
2026-09-08 11:51:03,113 - omlx.server - INFO - Chat completion: model=Ornith-1.5-35B-A3B-Abliterated-MLX-4bit, 56 tokens in 1.31s (42.6 tok/s), prompt: 427, finish_reason=stop, max_tokens=8192, request_max_tokens=8192
2026-09-08 11:51:06,010 - omlx.scheduler - INFO - Cache phase timings: cleanup_finished_sync=14.6ms/623
2026-09-08 11:51:06,010 - omlx.server - INFO - Chat completion: model=Ornith-1.5-35B-A3B-Abliterated-MLX-4bit, 610 tokens in 7.68s (79.4 tok/s), prompt: 258, finish_reason=stop, max_tokens=8192, request_max_tokens=8192
2026-09-08 11:51:06,012 - omlx.patches.mlx_lm_mtp.batch_generator - INFO - MTP singleton recovery: multirow marker cleared (compact cache)
2026-09-08 11:51:08,812 - omlx.scheduler - INFO - Cache phase timings: cleanup_finished_sync=14.6ms/624
2026-09-08 11:51:08,814 - omlx.patches.mlx_lm_mtp.batch_generator - INFO - MTP singleton recovery: multirow marker cleared (compact cache)
2026-09-08 11:51:08,917 - omlx.server - INFO - Chat completion: model=Ornith-1.5-35B-A3B-Abliterated-MLX-4bit, 446 tokens in 5.80s (76.9 tok/s), prompt: 432, finish_reason=stop, max_tokens=8192, request_max_tokens=8192
2026-09-08 11:51:10,461 - omlx.scheduler - INFO - Cache phase timings: cleanup_finished_sync=14.6ms/625
2026-09-08 11:51:10,461 - omlx.server - INFO - Chat completion: model=Ornith-1.5-35B-A3B-Abliterated-MLX-4bit, 86 tokens in 1.54s (55.9 tok/s), prompt: 419, finish_reason=stop, max_tokens=8192, request_max_tokens=8192
2026-09-08 11:51:10,461 - omlx.patches.mlx_lm_mtp.batch_generator - INFO - MTP singleton recovery: multirow marker cleared (compact cache)
2026-09-08 11:51:11,843 - omlx.scheduler - INFO - Cache phase timings: cleanup_finished_sync=14.7ms/626
2026-09-08 11:51:11,843 - omlx.server - INFO - Chat completion: model=Ornith-1.5-35B-A3B-Abliterated-MLX-4bit, 412 tokens in 5.83s (70.7 tok/s), prompt: 505, finish_reason=stop, max_tokens=8192, request_max_tokens=8192
2026-09-08 11:51:11,845 - omlx.patches.mlx_lm_mtp.batch_generator - INFO - MTP singleton recovery: multirow marker cleared (compact cache)
2026-09-08 11:51:13,464 - omlx.scheduler - INFO - Cache phase timings: cleanup_finished_sync=14.7ms/627
2026-09-08 11:51:13,464 - omlx.server - INFO - Chat completion: model=Ornith-1.5-35B-A3B-Abliterated-MLX-4bit, 96 tokens in 1.62s (59.3 tok/s), prompt: 433, finish_reason=stop, max_tokens=8192, request_max_tokens=8192
2026-09-08 11:51:13,464 - omlx.patches.mlx_lm_mtp.batch_generator - INFO - MTP singleton recovery: multirow marker cleared (compact cache)
2026-09-08 11:51:15,281 - omlx.scheduler - INFO - Cache phase timings: cleanup_finished_sync=14.7ms/628
2026-09-08 11:51:15,281 - omlx.server - INFO - Chat completion: model=Ornith-1.5-35B-A3B-Abliterated-MLX-4bit, 330 tokens in 4.81s (68.6 tok/s), prompt: 418, finish_reason=stop, max_tokens=8192, request_max_tokens=8192
2026-09-08 11:51:15,283 - omlx.patches.mlx_lm_mtp.batch_generator - INFO - MTP singleton recovery: multirow marker cleared (compact cache)
2026-09-08 11:51:16,383 - omlx.scheduler - INFO - Cache phase timings: cleanup_finished_sync=14.7ms/629
2026-09-08 11:51:16,383 - omlx.server - INFO - Chat completion: model=Ornith-1.5-35B-A3B-Abliterated-MLX-4bit, 47 tokens in 1.10s (42.8 tok/s), prompt: 377, finish_reason=stop, max_tokens=8192, request_max_tokens=8192
2026-09-08 11:51:16,383 - omlx.patches.mlx_lm_mtp.batch_generator - INFO - MTP singleton recovery: multirow marker cleared (compact cache)
2026-09-08 11:51:25,954 - omlx.scheduler - INFO - Cache phase timings: cleanup_finished_sync=14.8ms/630
2026-09-08 11:51:25,956 - omlx.patches.mlx_lm_mtp.batch_generator - INFO - MTP singleton recovery: multirow marker cleared (compact cache)
2026-09-08 11:51:25,970 - omlx.server - INFO - Chat completion: model=Ornith-1.5-35B-A3B-Abliterated-MLX-4bit, 1074 tokens in 12.50s (85.9 tok/s), prompt: 368, finish_reason=stop, max_tokens=8192, request_max_tokens=8192
2026-09-08 11:51:28,913 - omlx.scheduler - INFO - Cache phase timings: cleanup_finished_sync=14.8ms/631
2026-09-08 11:51:28,913 - omlx.server - INFO - Chat completion: model=Ornith-1.5-35B-A3B-Abliterated-MLX-4bit, 200 tokens in 2.94s (68.1 tok/s), prompt: 672, finish_reason=stop, max_tokens=8192, request_max_tokens=8192
2026-09-08 11:51:28,913 - omlx.patches.mlx_lm_mtp.batch_generator - INFO - MTP singleton recovery: multirow marker cleared (compact cache)
2026-09-08 11:51:32,148 - omlx.scheduler - INFO - Cache phase timings: cleanup_finished_sync=14.8ms/632
2026-09-08 11:51:32,148 - omlx.patches.mlx_lm_mtp.batch_generator - INFO - MTP singleton recovery: multirow marker cleared (compact cache)
2026-09-08 11:51:32,163 - omlx.server - INFO - Chat completion: model=Ornith-1.5-35B-A3B-Abliterated-MLX-4bit, 241 tokens in 3.24s (74.3 tok/s), prompt: 236, finish_reason=stop, max_tokens=8192, request_max_tokens=8192
2026-09-08 11:51:41,967 - omlx.scheduler - INFO - Cache phase timings: cleanup_finished_sync=14.8ms/633
2026-09-08 11:51:41,967 - omlx.patches.mlx_lm_mtp.batch_generator - INFO - MTP singleton recovery: multirow marker cleared (compact cache)
2026-09-08 11:51:41,983 - omlx.server - INFO - Chat completion: model=Ornith-1.5-35B-A3B-Abliterated-MLX-4bit, 814 tokens in 9.81s (82.9 tok/s), prompt: 255, finish_reason=stop, max_tokens=8192, request_max_tokens=8192
2026-09-08 11:51:45,826 - omlx.scheduler - INFO - Cache phase timings: cleanup_finished_sync=14.8ms/634
2026-09-08 11:51:45,827 - omlx.server - INFO - Chat completion: model=Ornith-1.5-35B-A3B-Abliterated-MLX-4bit, 2492 tokens in 29.44s (84.7 tok/s), prompt: 382, finish_reason=stop, max_tokens=8192, request_max_tokens=8192
2026-09-08 11:51:45,829 - omlx.patches.mlx_lm_mtp.batch_generator - INFO - MTP singleton recovery: multirow marker cleared (compact cache)
2026-09-08 11:51:46,689 - omlx.scheduler - INFO - Cache phase timings: cleanup_finished_sync=14.9ms/635
2026-09-08 11:51:46,689 - omlx.patches.mlx_lm_mtp.batch_generator - INFO - MTP singleton recovery: multirow marker cleared (compact cache)
2026-09-08 11:51:46,799 - omlx.server - INFO - Chat completion: model=Ornith-1.5-35B-A3B-Abliterated-MLX-4bit, 315 tokens in 4.81s (65.5 tok/s), prompt: 226, finish_reason=stop, max_tokens=8192, request_max_tokens=8192
2026-09-08 11:51:47,756 - omlx.scheduler - INFO - Cache phase timings: cleanup_finished_sync=14.9ms/636
2026-09-08 11:51:47,756 - omlx.patches.mlx_lm_mtp.batch_generator - INFO - MTP singleton recovery: multirow marker cleared (compact cache)
2026-09-08 11:51:47,771 - omlx.server - INFO - Chat completion: model=Ornith-1.5-35B-A3B-Abliterated-MLX-4bit, 32 tokens in 0.96s (33.2 tok/s), prompt: 362, finish_reason=stop, max_tokens=8192, request_max_tokens=8192
2026-09-08 11:51:50,563 - omlx.scheduler - INFO - Cache phase timings: cleanup_finished_sync=14.9ms/637
2026-09-08 11:51:50,565 - omlx.patches.mlx_lm_mtp.batch_generator - INFO - MTP singleton recovery: multirow marker cleared (compact cache)
2026-09-08 11:51:50,578 - omlx.server - INFO - Chat completion: model=Ornith-1.5-35B-A3B-Abliterated-MLX-4bit, 308 tokens in 4.74s (64.9 tok/s), prompt: 647, finish_reason=stop, max_tokens=8192, request_max_tokens=8192
2026-09-08 11:51:51,365 - omlx.scheduler - INFO - Cache phase timings: cleanup_finished_sync=14.9ms/638
2026-09-08 11:51:51,366 - omlx.server - INFO - Chat completion: model=Ornith-1.5-35B-A3B-Abliterated-MLX-4bit, 259 tokens in 3.59s (72.2 tok/s), prompt: 423, finish_reason=stop, max_tokens=8192, request_max_tokens=8192
2026-09-08 11:51:51,368 - omlx.patches.mlx_lm_mtp.batch_generator - INFO - MTP singleton recovery: multirow marker cleared (compact cache)
2026-09-08 11:51:52,401 - omlx.scheduler - INFO - Cache phase timings: cleanup_finished_sync=15.0ms/639
2026-09-08 11:51:52,402 - omlx.server - INFO - Chat completion: model=Ornith-1.5-35B-A3B-Abliterated-MLX-4bit, 36 tokens in 1.03s (34.9 tok/s), prompt: 424, finish_reason=stop, max_tokens=8192, request_max_tokens=8192
2026-09-08 11:51:52,404 - omlx.patches.mlx_lm_mtp.batch_generator - INFO - MTP singleton recovery: multirow marker cleared (compact cache)
2026-09-08 11:51:53,224 - omlx.scheduler - INFO - Cache phase timings: cleanup_finished_sync=15.0ms/640
2026-09-08 11:51:53,226 - omlx.server - INFO - Chat completion: model=Ornith-1.5-35B-A3B-Abliterated-MLX-4bit, 113 tokens in 2.64s (42.8 tok/s), prompt: 238, finish_reason=stop, max_tokens=8192, request_max_tokens=8192
2026-09-08 11:51:53,226 - omlx.patches.mlx_lm_mtp.batch_generator - INFO - MTP singleton recovery: multirow marker cleared (compact cache)
2026-09-08 11:51:54,106 - omlx.scheduler - INFO - Cache phase timings: cleanup_finished_sync=15.0ms/641
2026-09-08 11:51:54,106 - omlx.server - INFO - Chat completion: model=Ornith-1.5-35B-A3B-Abliterated-MLX-4bit, 30 tokens in 0.87s (34.3 tok/s), prompt: 246, finish_reason=stop, max_tokens=8192, request_max_tokens=8192
2026-09-08 11:51:54,106 - omlx.patches.mlx_lm_mtp.batch_generator - INFO - MTP singleton recovery: multirow marker cleared (compact cache)
2026-09-08 11:51:55,509 - omlx.scheduler - INFO - Cache phase timings: cleanup_finished_sync=15.0ms/642
2026-09-08 11:51:55,511 - omlx.patches.mlx_lm_mtp.batch_generator - INFO - MTP singleton recovery: multirow marker cleared (compact cache)
2026-09-08 11:51:55,612 - omlx.server - INFO - Chat completion: model=Ornith-1.5-35B-A3B-Abliterated-MLX-4bit, 169 tokens in 3.20s (52.8 tok/s), prompt: 587, finish_reason=stop, max_tokens=8192, request_max_tokens=8192
2026-09-08 11:51:57,870 - omlx.scheduler - INFO - Cache phase timings: cleanup_finished_sync=15.1ms/643
2026-09-08 11:51:57,872 - omlx.patches.mlx_lm_mtp.batch_generator - INFO - MTP singleton recovery: multirow marker cleared (compact cache)
2026-09-08 11:51:57,885 - omlx.server - INFO - Chat completion: model=Ornith-1.5-35B-A3B-Abliterated-MLX-4bit, 164 tokens in 2.27s (72.4 tok/s), prompt: 376, finish_reason=stop, max_tokens=8192, request_max_tokens=8192
2026-09-08 11:51:58,554 - omlx.scheduler - INFO - Cache phase timings: cleanup_finished_sync=15.1ms/644
2026-09-08 11:51:58,556 - omlx.patches.mlx_lm_mtp.batch_generator - INFO - MTP singleton recovery: multirow marker cleared (compact cache)
2026-09-08 11:51:58,664 - omlx.server - INFO - Chat completion: model=Ornith-1.5-35B-A3B-Abliterated-MLX-4bit, 306 tokens in 4.55s (67.2 tok/s), prompt: 220, finish_reason=stop, max_tokens=8192, request_max_tokens=8192
2026-09-08 11:51:59,639 - omlx.scheduler - INFO - Cache phase timings: cleanup_finished_sync=15.1ms/645
2026-09-08 11:51:59,639 - omlx.server - INFO - Chat completion: model=Ornith-1.5-35B-A3B-Abliterated-MLX-4bit, 70 tokens in 1.75s (40.1 tok/s), prompt: 383, finish_reason=stop, max_tokens=8192, request_max_tokens=8192
2026-09-08 11:51:59,642 - omlx.patches.mlx_lm_mtp.batch_generator - INFO - MTP singleton recovery: multirow marker cleared (compact cache)
2026-09-08 11:52:05,633 - omlx.scheduler - INFO - Cache phase timings: cleanup_finished_sync=15.1ms/646
2026-09-08 11:52:05,633 - omlx.server - INFO - Chat completion: model=Ornith-1.5-35B-A3B-Abliterated-MLX-4bit, 585 tokens in 6.96s (84.0 tok/s), prompt: 388, finish_reason=stop, max_tokens=8192, request_max_tokens=8192
2026-09-08 11:52:05,636 - omlx.patches.mlx_lm_mtp.batch_generator - INFO - MTP singleton recovery: multirow marker cleared (compact cache)
2026-09-08 11:52:07,077 - omlx.scheduler - INFO - Cache phase timings: cleanup_finished_sync=15.2ms/647
2026-09-08 11:52:07,077 - omlx.server - INFO - Chat completion: model=Ornith-1.5-35B-A3B-Abliterated-MLX-4bit, 81 tokens in 1.44s (56.2 tok/s), prompt: 386, finish_reason=stop, max_tokens=8192, request_max_tokens=8192
2026-09-08 11:52:07,077 - omlx.patches.mlx_lm_mtp.batch_generator - INFO - MTP singleton recovery: multirow marker cleared (compact cache)
2026-09-08 11:52:09,396 - omlx.scheduler - INFO - Cache phase timings: cleanup_finished_sync=15.2ms/648
2026-09-08 11:52:09,396 - omlx.server - INFO - Chat completion: model=Ornith-1.5-35B-A3B-Abliterated-MLX-4bit, 165 tokens in 2.31s (71.3 tok/s), prompt: 278, finish_reason=stop, max_tokens=8192, request_max_tokens=8192
2026-09-08 11:52:09,396 - omlx.patches.mlx_lm_mtp.batch_generator - INFO - MTP singleton recovery: multirow marker cleared (compact cache)
2026-09-08 11:52:11,833 - omlx.scheduler - INFO - Cache phase timings: cleanup_finished_sync=15.2ms/649
2026-09-08 11:52:11,834 - omlx.patches.mlx_lm_mtp.batch_generator - INFO - MTP singleton recovery: multirow marker cleared (compact cache)
2026-09-08 11:52:11,938 - omlx.server - INFO - Chat completion: model=Ornith-1.5-35B-A3B-Abliterated-MLX-4bit, 169 tokens in 2.54s (66.7 tok/s), prompt: 412, finish_reason=stop, max_tokens=8192, request_max_tokens=8192
2026-09-08 11:52:13,477 - omlx.scheduler - INFO - Cache phase timings: cleanup_finished_sync=15.2ms/650
2026-09-08 11:52:13,477 - omlx.server - INFO - Chat completion: model=Ornith-1.5-35B-A3B-Abliterated-MLX-4bit, 79 tokens in 1.53s (51.5 tok/s), prompt: 431, finish_reason=stop, max_tokens=8192, request_max_tokens=8192
2026-09-08 11:52:13,477 - omlx.patches.mlx_lm_mtp.batch_generator - INFO - MTP singleton recovery: multirow marker cleared (compact cache)
2026-09-08 11:52:18,093 - omlx.scheduler - INFO - Cache phase timings: cleanup_finished_sync=15.2ms/651
2026-09-08 11:52:18,093 - omlx.server - INFO - Chat completion: model=Ornith-1.5-35B-A3B-Abliterated-MLX-4bit, 1482 tokens in 18.45s (80.3 tok/s), prompt: 389, finish_reason=stop, max_tokens=8192, request_max_tokens=8192
2026-09-08 11:52:18,095 - omlx.patches.mlx_lm_mtp.batch_generator - INFO - MTP singleton recovery: multirow marker cleared (compact cache)
2026-09-08 11:52:18,335 - omlx.scheduler - INFO - Cache phase timings: cleanup_finished_sync=15.3ms/652
2026-09-08 11:52:18,336 - omlx.server - INFO - Chat completion: model=Ornith-1.5-35B-A3B-Abliterated-MLX-4bit, 363 tokens in 4.85s (74.8 tok/s), prompt: 717, finish_reason=stop, max_tokens=8192, request_max_tokens=8192
2026-09-08 11:52:20,045 - omlx.scheduler - INFO - Cache phase timings: cleanup_finished_sync=15.3ms/653
2026-09-08 11:52:20,046 - omlx.server - INFO - Chat completion: model=Ornith-1.5-35B-A3B-Abliterated-MLX-4bit, 98 tokens in 1.95s (50.4 tok/s), prompt: 575, finish_reason=stop, max_tokens=8192, request_max_tokens=8192
2026-09-08 11:52:20,048 - omlx.patches.mlx_lm_mtp.batch_generator - INFO - MTP singleton recovery: multirow marker cleared (compact cache)
2026-09-08 11:52:22,016 - omlx.scheduler - INFO - Cache phase timings: cleanup_finished_sync=15.3ms/654
2026-09-08 11:52:22,017 - omlx.patches.mlx_lm_mtp.batch_generator - INFO - MTP singleton recovery: multirow marker cleared (compact cache)
2026-09-08 11:52:22,033 - omlx.server - INFO - Chat completion: model=Ornith-1.5-35B-A3B-Abliterated-MLX-4bit, 141 tokens in 1.98s (71.1 tok/s), prompt: 248, finish_reason=stop, max_tokens=8192, request_max_tokens=8192
2026-09-08 11:52:24,767 - omlx.scheduler - INFO - Cache phase timings: cleanup_finished_sync=15.3ms/655
2026-09-08 11:52:24,767 - omlx.server - INFO - Chat completion: model=Ornith-1.5-35B-A3B-Abliterated-MLX-4bit, 216 tokens in 2.73s (79.2 tok/s), prompt: 217, finish_reason=stop, max_tokens=8192, request_max_tokens=8192
2026-09-08 11:52:24,767 - omlx.patches.mlx_lm_mtp.batch_generator - INFO - MTP singleton recovery: multirow marker cleared (compact cache)
2026-09-08 11:52:25,723 - omlx.scheduler - INFO - Cache phase timings: cleanup_finished_sync=15.4ms/656
2026-09-08 11:52:25,724 - omlx.server - INFO - Chat completion: model=Ornith-1.5-35B-A3B-Abliterated-MLX-4bit, 527 tokens in 7.38s (71.4 tok/s), prompt: 225, finish_reason=stop, max_tokens=8192, request_max_tokens=8192
2026-09-08 11:52:25,726 - omlx.patches.mlx_lm_mtp.batch_generator - INFO - MTP singleton recovery: multirow marker cleared (compact cache)
2026-09-08 11:52:28,033 - omlx.scheduler - INFO - Cache phase timings: cleanup_finished_sync=15.4ms/657
2026-09-08 11:52:28,033 - omlx.server - INFO - Chat completion: model=Ornith-1.5-35B-A3B-Abliterated-MLX-4bit, 156 tokens in 2.31s (67.6 tok/s), prompt: 581, finish_reason=stop, max_tokens=8192, request_max_tokens=8192
2026-09-08 11:52:28,035 - omlx.patches.mlx_lm_mtp.batch_generator - INFO - MTP singleton recovery: multirow marker cleared (compact cache)
2026-09-08 11:52:29,268 - omlx.scheduler - INFO - Cache phase timings: cleanup_finished_sync=15.4ms/658
2026-09-08 11:52:29,268 - omlx.patches.mlx_lm_mtp.batch_generator - INFO - MTP singleton recovery: multirow marker cleared (compact cache)
2026-09-08 11:52:29,379 - omlx.server - INFO - Chat completion: model=Ornith-1.5-35B-A3B-Abliterated-MLX-4bit, 49 tokens in 1.34s (36.6 tok/s), prompt: 586, finish_reason=stop, max_tokens=8192, request_max_tokens=8192
2026-09-08 11:52:31,409 - omlx.scheduler - INFO - Cache phase timings: cleanup_finished_sync=15.4ms/659
2026-09-08 11:52:31,409 - omlx.server - INFO - Chat completion: model=Ornith-1.5-35B-A3B-Abliterated-MLX-4bit, 141 tokens in 2.03s (69.6 tok/s), prompt: 378, finish_reason=stop, max_tokens=8192, request_max_tokens=8192
2026-09-08 11:52:31,409 - omlx.patches.mlx_lm_mtp.batch_generator - INFO - MTP singleton recovery: multirow marker cleared (compact cache)
2026-09-08 11:52:32,609 - omlx.scheduler - INFO - Cache phase timings: cleanup_finished_sync=15.4ms/660
2026-09-08 11:52:32,611 - omlx.patches.mlx_lm_mtp.batch_generator - INFO - MTP singleton recovery: multirow marker cleared (compact cache)
2026-09-08 11:52:32,710 - omlx.server - INFO - Chat completion: model=Ornith-1.5-35B-A3B-Abliterated-MLX-4bit, 526 tokens in 7.94s (66.3 tok/s), prompt: 389, finish_reason=stop, max_tokens=8192, request_max_tokens=8192
2026-09-08 11:52:34,761 - omlx.scheduler - INFO - Cache phase timings: cleanup_finished_sync=15.5ms/661
2026-09-08 11:52:34,764 - omlx.patches.mlx_lm_mtp.batch_generator - INFO - MTP singleton recovery: multirow marker cleared (compact cache)
2026-09-08 11:52:34,777 - omlx.server - INFO - Chat completion: model=Ornith-1.5-35B-A3B-Abliterated-MLX-4bit, 223 tokens in 3.36s (66.3 tok/s), prompt: 442, finish_reason=stop, max_tokens=8192, request_max_tokens=8192
2026-09-08 11:52:37,683 - omlx.scheduler - INFO - Cache phase timings: cleanup_finished_sync=15.5ms/662
2026-09-08 11:52:37,683 - omlx.patches.mlx_lm_mtp.batch_generator - INFO - MTP singleton recovery: multirow marker cleared (compact cache)
2026-09-08 11:52:37,697 - omlx.server - INFO - Chat completion: model=Ornith-1.5-35B-A3B-Abliterated-MLX-4bit, 376 tokens in 4.98s (75.5 tok/s), prompt: 383, finish_reason=stop, max_tokens=8192, request_max_tokens=8192
2026-09-08 11:52:39,931 - omlx.scheduler - INFO - Cache phase timings: cleanup_finished_sync=15.5ms/663
2026-09-08 11:52:39,933 - omlx.patches.mlx_lm_mtp.batch_generator - INFO - MTP singleton recovery: multirow marker cleared (compact cache)
2026-09-08 11:52:40,032 - omlx.server - INFO - Chat completion: model=Ornith-1.5-35B-A3B-Abliterated-MLX-4bit, 395 tokens in 5.25s (75.3 tok/s), prompt: 685, finish_reason=stop, max_tokens=8192, request_max_tokens=8192
2026-09-08 11:52:40,052 - omlx.scheduler - INFO - Cache phase timings: cleanup_finished_sync=15.5ms/664
2026-09-08 11:52:40,052 - omlx.server - INFO - Chat completion: model=Ornith-1.5-35B-A3B-Abliterated-MLX-4bit, 170 tokens in 2.35s (72.4 tok/s), prompt: 295, finish_reason=stop, max_tokens=8192, request_max_tokens=8192
2026-09-08 11:52:41,393 - omlx.scheduler - INFO - Cache phase timings: cleanup_finished_sync=15.6ms/665
2026-09-08 11:52:41,393 - omlx.server - INFO - Chat completion: model=Ornith-1.5-35B-A3B-Abliterated-MLX-4bit, 68 tokens in 1.35s (50.2 tok/s), prompt: 436, finish_reason=stop, max_tokens=8192, request_max_tokens=8192
2026-09-08 11:52:41,395 - omlx.patches.mlx_lm_mtp.batch_generator - INFO - MTP singleton recovery: multirow marker cleared (compact cache)
2026-09-08 11:52:44,588 - omlx.scheduler - INFO - Cache phase timings: cleanup_finished_sync=15.6ms/666
2026-09-08 11:52:44,590 - omlx.patches.mlx_lm_mtp.batch_generator - INFO - MTP singleton recovery: multirow marker cleared (compact cache)
2026-09-08 11:52:44,691 - omlx.server - INFO - Chat completion: model=Ornith-1.5-35B-A3B-Abliterated-MLX-4bit, 250 tokens in 3.29s (75.9 tok/s), prompt: 458, finish_reason=stop, max_tokens=8192, request_max_tokens=8192
2026-09-08 11:52:45,475 - omlx.scheduler - INFO - Cache phase timings: cleanup_finished_sync=15.6ms/667
2026-09-08 11:52:45,475 - omlx.server - INFO - Chat completion: model=Ornith-1.5-35B-A3B-Abliterated-MLX-4bit, 359 tokens in 5.42s (66.3 tok/s), prompt: 215, finish_reason=stop, max_tokens=8192, request_max_tokens=8192
2026-09-08 11:52:45,477 - omlx.patches.mlx_lm_mtp.batch_generator - INFO - MTP singleton recovery: multirow marker cleared (compact cache)
2026-09-08 11:52:46,305 - omlx.scheduler - INFO - Cache phase timings: cleanup_finished_sync=15.6ms/668
2026-09-08 11:52:46,305 - omlx.patches.mlx_lm_mtp.batch_generator - INFO - MTP singleton recovery: multirow marker cleared (compact cache)
2026-09-08 11:52:46,319 - omlx.server - INFO - Chat completion: model=Ornith-1.5-35B-A3B-Abliterated-MLX-4bit, 50 tokens in 1.62s (30.8 tok/s), prompt: 375, finish_reason=stop, max_tokens=8192, request_max_tokens=8192
2026-09-08 11:52:48,386 - omlx.scheduler - INFO - Cache phase timings: cleanup_finished_sync=15.7ms/669
2026-09-08 11:52:48,386 - omlx.patches.mlx_lm_mtp.batch_generator - INFO - MTP singleton recovery: multirow marker cleared (compact cache)
2026-09-08 11:52:48,489 - omlx.server - INFO - Chat completion: model=Ornith-1.5-35B-A3B-Abliterated-MLX-4bit, 167 tokens in 3.01s (55.5 tok/s), prompt: 524, finish_reason=stop, max_tokens=8192, request_max_tokens=8192
2026-09-08 11:52:49,673 - omlx.scheduler - INFO - Cache phase timings: cleanup_finished_sync=15.7ms/670
2026-09-08 11:52:49,673 - omlx.server - INFO - Chat completion: model=Ornith-1.5-35B-A3B-Abliterated-MLX-4bit, 214 tokens in 3.35s (63.9 tok/s), prompt: 574, finish_reason=stop, max_tokens=8192, request_max_tokens=8192
2026-09-08 11:52:49,675 - omlx.patches.mlx_lm_mtp.batch_generator - INFO - MTP singleton recovery: multirow marker cleared (compact cache)
2026-09-08 11:52:50,616 - omlx.scheduler - INFO - Cache phase timings: cleanup_finished_sync=15.7ms/671
2026-09-08 11:52:50,616 - omlx.server - INFO - Chat completion: model=Ornith-1.5-35B-A3B-Abliterated-MLX-4bit, 103 tokens in 2.12s (48.6 tok/s), prompt: 434, finish_reason=stop, max_tokens=8192, request_max_tokens=8192
2026-09-08 11:52:50,618 - omlx.patches.mlx_lm_mtp.batch_generator - INFO - MTP singleton recovery: multirow marker cleared (compact cache)
2026-09-08 11:52:51,762 - omlx.scheduler - INFO - Cache phase timings: cleanup_finished_sync=15.7ms/672
2026-09-08 11:52:51,764 - omlx.patches.mlx_lm_mtp.batch_generator - INFO - MTP singleton recovery: multirow marker cleared (compact cache)
2026-09-08 11:52:51,777 - omlx.server - INFO - Chat completion: model=Ornith-1.5-35B-A3B-Abliterated-MLX-4bit, 100 tokens in 2.10s (47.6 tok/s), prompt: 441, finish_reason=stop, max_tokens=8192, request_max_tokens=8192
2026-09-08 11:52:53,658 - omlx.scheduler - INFO - Cache phase timings: cleanup_finished_sync=15.8ms/673
2026-09-08 11:52:53,658 - omlx.server - INFO - Chat completion: model=Ornith-1.5-35B-A3B-Abliterated-MLX-4bit, 113 tokens in 1.87s (60.3 tok/s), prompt: 567, finish_reason=stop, max_tokens=8192, request_max_tokens=8192
2026-09-08 11:52:53,660 - omlx.patches.mlx_lm_mtp.batch_generator - INFO - MTP singleton recovery: multirow marker cleared (compact cache)
2026-09-08 11:52:54,350 - omlx.scheduler - INFO - Cache phase timings: cleanup_finished_sync=15.8ms/674
2026-09-08 11:52:54,352 - omlx.patches.mlx_lm_mtp.batch_generator - INFO - MTP singleton recovery: multirow marker cleared (compact cache)
2026-09-08 11:52:54,365 - omlx.server - INFO - Chat completion: model=Ornith-1.5-35B-A3B-Abliterated-MLX-4bit, 213 tokens in 3.75s (56.9 tok/s), prompt: 403, finish_reason=stop, max_tokens=8192, request_max_tokens=8192
2026-09-08 11:52:55,245 - omlx.scheduler - INFO - Cache phase timings: cleanup_finished_sync=15.8ms/675
2026-09-08 11:52:55,245 - omlx.server - INFO - Chat completion: model=Ornith-1.5-35B-A3B-Abliterated-MLX-4bit, 33 tokens in 0.87s (37.8 tok/s), prompt: 245, finish_reason=stop, max_tokens=8192, request_max_tokens=8192
2026-09-08 11:52:55,245 - omlx.patches.mlx_lm_mtp.batch_generator - INFO - MTP singleton recovery: multirow marker cleared (compact cache)
2026-09-08 11:52:57,248 - omlx.scheduler - INFO - Cache phase timings: cleanup_finished_sync=15.8ms/676
2026-09-08 11:52:57,248 - omlx.patches.mlx_lm_mtp.batch_generator - INFO - MTP singleton recovery: multirow marker cleared (compact cache)
2026-09-08 11:52:57,359 - omlx.server - INFO - Chat completion: model=Ornith-1.5-35B-A3B-Abliterated-MLX-4bit, 138 tokens in 2.11s (65.5 tok/s), prompt: 329, finish_reason=stop, max_tokens=8192, request_max_tokens=8192
2026-09-08 11:52:59,778 - omlx.scheduler - INFO - Cache phase timings: cleanup_finished_sync=15.8ms/677
2026-09-08 11:52:59,778 - omlx.server - INFO - Chat completion: model=Ornith-1.5-35B-A3B-Abliterated-MLX-4bit, 429 tokens in 6.12s (70.1 tok/s), prompt: 383, finish_reason=stop, max_tokens=8192, request_max_tokens=8192
2026-09-08 11:52:59,781 - omlx.patches.mlx_lm_mtp.batch_generator - INFO - MTP singleton recovery: multirow marker cleared (compact cache)
2026-09-08 11:53:01,301 - omlx.scheduler - INFO - Cache phase timings: cleanup_finished_sync=15.9ms/678
2026-09-08 11:53:01,303 - omlx.patches.mlx_lm_mtp.batch_generator - INFO - MTP singleton recovery: multirow marker cleared (compact cache)
2026-09-08 11:53:01,317 - omlx.server - INFO - Chat completion: model=Ornith-1.5-35B-A3B-Abliterated-MLX-4bit, 290 tokens in 3.95s (73.4 tok/s), prompt: 420, finish_reason=stop, max_tokens=8192, request_max_tokens=8192
2026-09-08 11:53:02,494 - omlx.scheduler - INFO - Cache phase timings: cleanup_finished_sync=15.9ms/679
2026-09-08 11:53:02,495 - omlx.server - INFO - Chat completion: model=Ornith-1.5-35B-A3B-Abliterated-MLX-4bit, 52 tokens in 1.17s (44.4 tok/s), prompt: 411, finish_reason=stop, max_tokens=8192, request_max_tokens=8192
2026-09-08 11:53:02,497 - omlx.patches.mlx_lm_mtp.batch_generator - INFO - MTP singleton recovery: multirow marker cleared (compact cache)
2026-09-08 11:53:06,070 - omlx.scheduler - INFO - Cache phase timings: cleanup_finished_sync=15.9ms/680
2026-09-08 11:53:06,071 - omlx.server - INFO - Chat completion: model=Ornith-1.5-35B-A3B-Abliterated-MLX-4bit, 492 tokens in 6.29s (78.2 tok/s), prompt: 247, finish_reason=stop, max_tokens=8192, request_max_tokens=8192
2026-09-08 11:53:06,073 - omlx.patches.mlx_lm_mtp.batch_generator - INFO - MTP singleton recovery: multirow marker cleared (compact cache)
2026-09-08 11:53:07,139 - omlx.scheduler - INFO - Cache phase timings: cleanup_finished_sync=15.9ms/681
2026-09-08 11:53:07,139 - omlx.patches.mlx_lm_mtp.batch_generator - INFO - MTP singleton recovery: multirow marker cleared (compact cache)
2026-09-08 11:53:07,153 - omlx.server - INFO - Chat completion: model=Ornith-1.5-35B-A3B-Abliterated-MLX-4bit, 351 tokens in 4.66s (75.4 tok/s), prompt: 218, finish_reason=stop, max_tokens=8192, request_max_tokens=8192
2026-09-08 11:53:09,447 - omlx.scheduler - INFO - Cache phase timings: cleanup_finished_sync=16.0ms/682
2026-09-08 11:53:09,447 - omlx.server - INFO - Chat completion: model=Ornith-1.5-35B-A3B-Abliterated-MLX-4bit, 166 tokens in 2.29s (72.6 tok/s), prompt: 294, finish_reason=stop, max_tokens=8192, request_max_tokens=8192
2026-09-08 11:53:09,447 - omlx.patches.mlx_lm_mtp.batch_generator - INFO - MTP singleton recovery: multirow marker cleared (compact cache)
2026-09-08 11:53:10,510 - omlx.scheduler - INFO - Cache phase timings: cleanup_finished_sync=16.0ms/683
2026-09-08 11:53:10,511 - omlx.server - INFO - Chat completion: model=Ornith-1.5-35B-A3B-Abliterated-MLX-4bit, 270 tokens in 4.43s (60.9 tok/s), prompt: 716, finish_reason=stop, max_tokens=8192, request_max_tokens=8192
2026-09-08 11:53:10,513 - omlx.patches.mlx_lm_mtp.batch_generator - INFO - MTP singleton recovery: multirow marker cleared (compact cache)
2026-09-08 11:53:11,880 - omlx.scheduler - INFO - Cache phase timings: cleanup_finished_sync=16.0ms/684
2026-09-08 11:53:11,880 - omlx.server - INFO - Chat completion: model=Ornith-1.5-35B-A3B-Abliterated-MLX-4bit, 126 tokens in 2.43s (51.9 tok/s), prompt: 590, finish_reason=stop, max_tokens=8192, request_max_tokens=8192
2026-09-08 11:53:11,883 - omlx.patches.mlx_lm_mtp.batch_generator - INFO - MTP singleton recovery: multirow marker cleared (compact cache)
2026-09-08 11:53:12,845 - omlx.scheduler - INFO - Cache phase timings: cleanup_finished_sync=16.0ms/685
2026-09-08 11:53:12,845 - omlx.patches.mlx_lm_mtp.batch_generator - INFO - MTP singleton recovery: multirow marker cleared (compact cache)
2026-09-08 11:53:12,859 - omlx.server - INFO - Chat completion: model=Ornith-1.5-35B-A3B-Abliterated-MLX-4bit, 33 tokens in 0.98s (33.8 tok/s), prompt: 374, finish_reason=stop, max_tokens=8192, request_max_tokens=8192
2026-09-08 11:53:16,754 - omlx.scheduler - INFO - Cache phase timings: cleanup_finished_sync=16.1ms/686
2026-09-08 11:53:16,756 - omlx.patches.mlx_lm_mtp.batch_generator - INFO - MTP singleton recovery: multirow marker cleared (compact cache)
2026-09-08 11:53:16,857 - omlx.server - INFO - Chat completion: model=Ornith-1.5-35B-A3B-Abliterated-MLX-4bit, 313 tokens in 3.99s (78.4 tok/s), prompt: 622, finish_reason=stop, max_tokens=8192, request_max_tokens=8192
2026-09-08 11:53:18,330 - omlx.scheduler - INFO - Cache phase timings: cleanup_finished_sync=16.1ms/687
2026-09-08 11:53:18,332 - omlx.patches.mlx_lm_mtp.batch_generator - INFO - MTP singleton recovery: multirow marker cleared (compact cache)
2026-09-08 11:53:18,441 - omlx.server - INFO - Chat completion: model=Ornith-1.5-35B-A3B-Abliterated-MLX-4bit, 578 tokens in 7.93s (72.9 tok/s), prompt: 398, finish_reason=stop, max_tokens=8192, request_max_tokens=8192
2026-09-08 11:53:19,435 - omlx.scheduler - INFO - Cache phase timings: cleanup_finished_sync=16.1ms/688
2026-09-08 11:53:19,436 - omlx.patches.mlx_lm_mtp.batch_generator - INFO - MTP singleton recovery: multirow marker cleared (compact cache)
2026-09-08 11:53:19,545 - omlx.server - INFO - Chat completion: model=Ornith-1.5-35B-A3B-Abliterated-MLX-4bit, 41 tokens in 1.10s (37.3 tok/s), prompt: 242, finish_reason=stop, max_tokens=8192, request_max_tokens=8192
2026-09-08 11:53:22,013 - omlx.scheduler - INFO - Cache phase timings: cleanup_finished_sync=16.1ms/689
2026-09-08 11:53:22,015 - omlx.patches.mlx_lm_mtp.batch_generator - INFO - MTP singleton recovery: multirow marker cleared (compact cache)
2026-09-08 11:53:22,028 - omlx.server - INFO - Chat completion: model=Ornith-1.5-35B-A3B-Abliterated-MLX-4bit, 374 tokens in 5.17s (72.4 tok/s), prompt: 258, finish_reason=stop, max_tokens=8192, request_max_tokens=8192
2026-09-08 11:53:22,157 - omlx.scheduler - INFO - Cache phase timings: cleanup_finished_sync=16.1ms/690
2026-09-08 11:53:22,157 - omlx.server - INFO - Chat completion: model=Ornith-1.5-35B-A3B-Abliterated-MLX-4bit, 194 tokens in 2.61s (74.4 tok/s), prompt: 418, finish_reason=stop, max_tokens=8192, request_max_tokens=8192
2026-09-08 11:53:24,623 - omlx.scheduler - INFO - Cache phase timings: cleanup_finished_sync=16.2ms/691
2026-09-08 11:53:24,623 - omlx.server - INFO - Chat completion: model=Ornith-1.5-35B-A3B-Abliterated-MLX-4bit, 168 tokens in 2.59s (64.9 tok/s), prompt: 546, finish_reason=stop, max_tokens=8192, request_max_tokens=8192
2026-09-08 11:53:24,625 - omlx.patches.mlx_lm_mtp.batch_generator - INFO - MTP singleton recovery: multirow marker cleared (compact cache)
2026-09-08 11:53:26,801 - omlx.scheduler - INFO - Cache phase timings: cleanup_finished_sync=16.2ms/692
2026-09-08 11:53:26,801 - omlx.server - INFO - Chat completion: model=Ornith-1.5-35B-A3B-Abliterated-MLX-4bit, 323 tokens in 4.64s (69.7 tok/s), prompt: 341, finish_reason=stop, max_tokens=8192, request_max_tokens=8192
2026-09-08 11:53:26,803 - omlx.patches.mlx_lm_mtp.batch_generator - INFO - MTP singleton recovery: multirow marker cleared (compact cache)
2026-09-08 11:53:27,827 - omlx.scheduler - INFO - Cache phase timings: cleanup_finished_sync=16.2ms/693
2026-09-08 11:53:27,829 - omlx.patches.mlx_lm_mtp.batch_generator - INFO - MTP singleton recovery: multirow marker cleared (compact cache)
2026-09-08 11:53:27,841 - omlx.server - INFO - Chat completion: model=Ornith-1.5-35B-A3B-Abliterated-MLX-4bit, 36 tokens in 1.04s (34.7 tok/s), prompt: 424, finish_reason=stop, max_tokens=8192, request_max_tokens=8192
2026-09-08 11:53:28,697 - omlx.scheduler - INFO - Cache phase timings: cleanup_finished_sync=16.2ms/694
2026-09-08 11:53:28,697 - omlx.server - INFO - Chat completion: model=Ornith-1.5-35B-A3B-Abliterated-MLX-4bit, 261 tokens in 4.07s (64.1 tok/s), prompt: 212, finish_reason=stop, max_tokens=8192, request_max_tokens=8192
2026-09-08 11:53:28,699 - omlx.patches.mlx_lm_mtp.batch_generator - INFO - MTP singleton recovery: multirow marker cleared (compact cache)
2026-09-08 11:53:30,942 - omlx.scheduler - INFO - Cache phase timings: cleanup_finished_sync=16.3ms/695
2026-09-08 11:53:30,944 - omlx.patches.mlx_lm_mtp.batch_generator - INFO - MTP singleton recovery: multirow marker cleared (compact cache)
2026-09-08 11:53:31,053 - omlx.server - INFO - Chat completion: model=Ornith-1.5-35B-A3B-Abliterated-MLX-4bit, 211 tokens in 3.21s (65.8 tok/s), prompt: 429, finish_reason=stop, max_tokens=8192, request_max_tokens=8192
2026-09-08 11:53:32,108 - omlx.scheduler - INFO - Cache phase timings: cleanup_finished_sync=16.3ms/696
2026-09-08 11:53:32,108 - omlx.server - INFO - Chat completion: model=Ornith-1.5-35B-A3B-Abliterated-MLX-4bit, 240 tokens in 3.41s (70.4 tok/s), prompt: 262, finish_reason=stop, max_tokens=8192, request_max_tokens=8192
2026-09-08 11:53:32,110 - omlx.patches.mlx_lm_mtp.batch_generator - INFO - MTP singleton recovery: multirow marker cleared (compact cache)
2026-09-08 11:53:34,068 - omlx.scheduler - INFO - Cache phase timings: cleanup_finished_sync=16.3ms/697
2026-09-08 11:53:34,068 - omlx.patches.mlx_lm_mtp.batch_generator - INFO - MTP singleton recovery: multirow marker cleared (compact cache)
2026-09-08 11:53:34,170 - omlx.server - INFO - Chat completion: model=Ornith-1.5-35B-A3B-Abliterated-MLX-4bit, 130 tokens in 2.06s (63.3 tok/s), prompt: 446, finish_reason=stop, max_tokens=8192, request_max_tokens=8192
2026-09-08 11:53:34,812 - omlx.scheduler - INFO - Cache phase timings: cleanup_finished_sync=16.3ms/698
2026-09-08 11:53:34,814 - omlx.patches.mlx_lm_mtp.batch_generator - INFO - MTP singleton recovery: multirow marker cleared (compact cache)
2026-09-08 11:53:34,915 - omlx.server - INFO - Chat completion: model=Ornith-1.5-35B-A3B-Abliterated-MLX-4bit, 225 tokens in 3.86s (58.4 tok/s), prompt: 400, finish_reason=stop, max_tokens=8192, request_max_tokens=8192
2026-09-08 11:53:37,729 - omlx.scheduler - INFO - Cache phase timings: cleanup_finished_sync=16.4ms/699
2026-09-08 11:53:37,729 - omlx.patches.mlx_lm_mtp.batch_generator - INFO - MTP singleton recovery: multirow marker cleared (compact cache)
2026-09-08 11:53:37,743 - omlx.server - INFO - Chat completion: model=Ornith-1.5-35B-A3B-Abliterated-MLX-4bit, 219 tokens in 2.82s (77.6 tok/s), prompt: 390, finish_reason=stop, max_tokens=8192, request_max_tokens=8192
2026-09-08 11:53:39,051 - omlx.scheduler - INFO - Cache phase timings: cleanup_finished_sync=16.4ms/700
2026-09-08 11:53:39,051 - omlx.server - INFO - Chat completion: model=Ornith-1.5-35B-A3B-Abliterated-MLX-4bit, 64 tokens in 1.30s (49.2 tok/s), prompt: 431, finish_reason=stop, max_tokens=8192, request_max_tokens=8192
2026-09-08 11:53:39,051 - omlx.patches.mlx_lm_mtp.batch_generator - INFO - MTP singleton recovery: multirow marker cleared (compact cache)
2026-09-08 11:53:40,076 - omlx.scheduler - INFO - Cache phase timings: cleanup_finished_sync=16.4ms/701
2026-09-08 11:53:40,076 - omlx.server - INFO - Chat completion: model=Ornith-1.5-35B-A3B-Abliterated-MLX-4bit, 397 tokens in 5.90s (67.3 tok/s), prompt: 393, finish_reason=stop, max_tokens=8192, request_max_tokens=8192
2026-09-08 11:53:40,078 - omlx.patches.mlx_lm_mtp.batch_generator - INFO - MTP singleton recovery: multirow marker cleared (compact cache)
2026-09-08 11:53:40,243 - omlx.scheduler - INFO - Cache phase timings: cleanup_finished_sync=16.4ms/702
2026-09-08 11:53:40,243 - omlx.server - INFO - Chat completion: model=Ornith-1.5-35B-A3B-Abliterated-MLX-4bit, 52 tokens in 1.19s (43.8 tok/s), prompt: 376, finish_reason=stop, max_tokens=8192, request_max_tokens=8192
2026-09-08 11:53:41,903 - omlx.scheduler - INFO - Cache phase timings: cleanup_finished_sync=16.4ms/703
2026-09-08 11:53:41,905 - omlx.patches.mlx_lm_mtp.batch_generator - INFO - MTP singleton recovery: multirow marker cleared (compact cache)
2026-09-08 11:53:42,015 - omlx.server - INFO - Chat completion: model=Ornith-1.5-35B-A3B-Abliterated-MLX-4bit, 91 tokens in 1.93s (47.1 tok/s), prompt: 602, finish_reason=stop, max_tokens=8192, request_max_tokens=8192
2026-09-08 11:53:42,069 - omlx.scheduler - INFO - Cache phase timings: cleanup_finished_sync=16.5ms/704
2026-09-08 11:53:42,070 - omlx.server - INFO - Chat completion: model=Ornith-1.5-35B-A3B-Abliterated-MLX-4bit, 77 tokens in 1.82s (42.3 tok/s), prompt: 291, finish_reason=stop, max_tokens=8192, request_max_tokens=8192
2026-09-08 11:53:45,522 - omlx.scheduler - INFO - Cache phase timings: cleanup_finished_sync=16.5ms/705
2026-09-08 11:53:45,522 - omlx.server - INFO - Chat completion: model=Ornith-1.5-35B-A3B-Abliterated-MLX-4bit, 239 tokens in 3.45s (69.4 tok/s), prompt: 595, finish_reason=stop, max_tokens=8192, request_max_tokens=8192
2026-09-08 11:53:45,524 - omlx.patches.mlx_lm_mtp.batch_generator - INFO - MTP singleton recovery: multirow marker cleared (compact cache)
2026-09-08 11:53:47,508 - omlx.scheduler - INFO - Cache phase timings: cleanup_finished_sync=16.5ms/706
2026-09-08 11:53:47,510 - omlx.patches.mlx_lm_mtp.batch_generator - INFO - MTP singleton recovery: multirow marker cleared (compact cache)
2026-09-08 11:53:47,618 - omlx.server - INFO - Chat completion: model=Ornith-1.5-35B-A3B-Abliterated-MLX-4bit, 420 tokens in 5.60s (75.0 tok/s), prompt: 256, finish_reason=stop, max_tokens=8192, request_max_tokens=8192
2026-09-08 11:53:47,815 - omlx.scheduler - INFO - Cache phase timings: cleanup_finished_sync=16.5ms/707
2026-09-08 11:53:47,815 - omlx.server - INFO - Chat completion: model=Ornith-1.5-35B-A3B-Abliterated-MLX-4bit, 158 tokens in 2.29s (69.0 tok/s), prompt: 387, finish_reason=stop, max_tokens=8192, request_max_tokens=8192
2026-09-08 11:53:51,054 - omlx.scheduler - INFO - Cache phase timings: cleanup_finished_sync=16.5ms/708
2026-09-08 11:53:51,056 - omlx.patches.mlx_lm_mtp.batch_generator - INFO - MTP singleton recovery: multirow marker cleared (compact cache)
2026-09-08 11:53:51,069 - omlx.server - INFO - Chat completion: model=Ornith-1.5-35B-A3B-Abliterated-MLX-4bit, 254 tokens in 3.44s (73.8 tok/s), prompt: 376, finish_reason=stop, max_tokens=8192, request_max_tokens=8192
2026-09-08 11:53:55,209 - omlx.scheduler - INFO - Cache phase timings: cleanup_finished_sync=16.6ms/709
2026-09-08 11:53:55,210 - omlx.patches.mlx_lm_mtp.batch_generator - INFO - MTP singleton recovery: multirow marker cleared (compact cache)
2026-09-08 11:53:55,312 - omlx.server - INFO - Chat completion: model=Ornith-1.5-35B-A3B-Abliterated-MLX-4bit, 357 tokens in 4.24s (84.3 tok/s), prompt: 229, finish_reason=stop, max_tokens=8192, request_max_tokens=8192
2026-09-08 11:54:02,902 - omlx.scheduler - INFO - Cache phase timings: cleanup_finished_sync=16.6ms/710
2026-09-08 11:54:02,902 - omlx.patches.mlx_lm_mtp.batch_generator - INFO - MTP singleton recovery: multirow marker cleared (compact cache)
2026-09-08 11:54:02,919 - omlx.server - INFO - Chat completion: model=Ornith-1.5-35B-A3B-Abliterated-MLX-4bit, 635 tokens in 7.60s (83.5 tok/s), prompt: 383, finish_reason=stop, max_tokens=8192, request_max_tokens=8192
2026-09-08 11:54:05,885 - omlx.scheduler - INFO - Cache phase timings: cleanup_finished_sync=16.6ms/711
2026-09-08 11:54:05,886 - omlx.server - INFO - Chat completion: model=Ornith-1.5-35B-A3B-Abliterated-MLX-4bit, 203 tokens in 2.96s (68.6 tok/s), prompt: 399, finish_reason=stop, max_tokens=8192, request_max_tokens=8192
2026-09-08 11:54:05,886 - omlx.patches.mlx_lm_mtp.batch_generator - INFO - MTP singleton recovery: multirow marker cleared (compact cache)
2026-09-08 11:54:08,286 - omlx.scheduler - INFO - Cache phase timings: cleanup_finished_sync=16.6ms/712
2026-09-08 11:54:08,287 - omlx.server - INFO - Chat completion: model=Ornith-1.5-35B-A3B-Abliterated-MLX-4bit, 1659 tokens in 20.46s (81.1 tok/s), prompt: 421, finish_reason=stop, max_tokens=8192, request_max_tokens=8192
2026-09-08 11:54:08,289 - omlx.patches.mlx_lm_mtp.batch_generator - INFO - MTP singleton recovery: multirow marker cleared (compact cache)
2026-09-08 11:54:09,484 - omlx.scheduler - INFO - Cache phase timings: cleanup_finished_sync=16.7ms/713
2026-09-08 11:54:09,484 - omlx.server - INFO - Chat completion: model=Ornith-1.5-35B-A3B-Abliterated-MLX-4bit, 212 tokens in 3.59s (59.0 tok/s), prompt: 575, finish_reason=stop, max_tokens=8192, request_max_tokens=8192
2026-09-08 11:54:09,486 - omlx.patches.mlx_lm_mtp.batch_generator - INFO - MTP singleton recovery: multirow marker cleared (compact cache)
2026-09-08 11:54:11,723 - omlx.scheduler - INFO - Cache phase timings: cleanup_finished_sync=16.7ms/714
2026-09-08 11:54:11,725 - omlx.patches.mlx_lm_mtp.batch_generator - INFO - MTP singleton recovery: multirow marker cleared (compact cache)
2026-09-08 11:54:11,739 - omlx.server - INFO - Chat completion: model=Ornith-1.5-35B-A3B-Abliterated-MLX-4bit, 234 tokens in 3.45s (67.8 tok/s), prompt: 484, finish_reason=stop, max_tokens=8192, request_max_tokens=8192
2026-09-08 11:54:13,467 - omlx.scheduler - INFO - Cache phase timings: cleanup_finished_sync=16.7ms/715
2026-09-08 11:54:13,467 - omlx.server - INFO - Chat completion: model=Ornith-1.5-35B-A3B-Abliterated-MLX-4bit, 288 tokens in 3.98s (72.4 tok/s), prompt: 265, finish_reason=stop, max_tokens=8192, request_max_tokens=8192
2026-09-08 11:54:13,468 - omlx.patches.mlx_lm_mtp.batch_generator - INFO - MTP singleton recovery: multirow marker cleared (compact cache)
2026-09-08 11:54:17,899 - omlx.scheduler - INFO - Cache phase timings: cleanup_finished_sync=16.7ms/716
2026-09-08 11:54:17,901 - omlx.patches.mlx_lm_mtp.batch_generator - INFO - MTP singleton recovery: multirow marker cleared (compact cache)
2026-09-08 11:54:18,001 - omlx.server - INFO - Chat completion: model=Ornith-1.5-35B-A3B-Abliterated-MLX-4bit, 360 tokens in 4.53s (79.5 tok/s), prompt: 686, finish_reason=stop, max_tokens=8192, request_max_tokens=8192
2026-09-08 11:54:18,196 - omlx.scheduler - INFO - Cache phase timings: cleanup_finished_sync=16.8ms/717
2026-09-08 11:54:18,196 - omlx.server - INFO - Chat completion: model=Ornith-1.5-35B-A3B-Abliterated-MLX-4bit, 507 tokens in 6.45s (78.6 tok/s), prompt: 522, finish_reason=stop, max_tokens=8192, request_max_tokens=8192
2026-09-08 11:54:20,401 - omlx.scheduler - INFO - Cache phase timings: cleanup_finished_sync=16.8ms/718
2026-09-08 11:54:20,401 - omlx.patches.mlx_lm_mtp.batch_generator - INFO - MTP singleton recovery: multirow marker cleared (compact cache)
2026-09-08 11:54:20,415 - omlx.server - INFO - Chat completion: model=Ornith-1.5-35B-A3B-Abliterated-MLX-4bit, 125 tokens in 2.21s (56.5 tok/s), prompt: 278, finish_reason=stop, max_tokens=8192, request_max_tokens=8192
2026-09-08 11:54:21,191 - omlx.scheduler - INFO - Cache phase timings: cleanup_finished_sync=16.8ms/719
2026-09-08 11:54:21,193 - omlx.patches.mlx_lm_mtp.batch_generator - INFO - MTP singleton recovery: multirow marker cleared (compact cache)
2026-09-08 11:54:21,301 - omlx.server - INFO - Chat completion: model=Ornith-1.5-35B-A3B-Abliterated-MLX-4bit, 191 tokens in 3.29s (58.0 tok/s), prompt: 411, finish_reason=stop, max_tokens=8192, request_max_tokens=8192
2026-09-08 11:54:25,007 - omlx.scheduler - INFO - Cache phase timings: cleanup_finished_sync=16.8ms/720
2026-09-08 11:54:25,008 - omlx.server - INFO - Chat completion: model=Ornith-1.5-35B-A3B-Abliterated-MLX-4bit, 351 tokens in 4.59s (76.5 tok/s), prompt: 361, finish_reason=stop, max_tokens=8192, request_max_tokens=8192
2026-09-08 11:54:25,010 - omlx.patches.mlx_lm_mtp.batch_generator - INFO - MTP singleton recovery: multirow marker cleared (compact cache)
2026-09-08 11:54:27,551 - omlx.scheduler - INFO - Cache phase timings: cleanup_finished_sync=16.8ms/721
2026-09-08 11:54:27,551 - omlx.patches.mlx_lm_mtp.batch_generator - INFO - MTP singleton recovery: multirow marker cleared (compact cache)
2026-09-08 11:54:27,652 - omlx.server - INFO - Chat completion: model=Ornith-1.5-35B-A3B-Abliterated-MLX-4bit, 180 tokens in 2.64s (68.2 tok/s), prompt: 584, finish_reason=stop, max_tokens=8192, request_max_tokens=8192
2026-09-08 11:54:28,619 - omlx.scheduler - INFO - Cache phase timings: cleanup_finished_sync=16.9ms/722
2026-09-08 11:54:28,620 - omlx.server - INFO - Chat completion: model=Ornith-1.5-35B-A3B-Abliterated-MLX-4bit, 40 tokens in 0.96s (41.6 tok/s), prompt: 218, finish_reason=stop, max_tokens=8192, request_max_tokens=8192
2026-09-08 11:54:28,620 - omlx.patches.mlx_lm_mtp.batch_generator - INFO - MTP singleton recovery: multirow marker cleared (compact cache)
2026-09-08 11:54:28,641 - omlx.scheduler - INFO - Cache phase timings: cleanup_finished_sync=16.9ms/723
2026-09-08 11:54:28,642 - omlx.server - INFO - Chat completion: model=Ornith-1.5-35B-A3B-Abliterated-MLX-4bit, 578 tokens in 7.33s (78.8 tok/s), prompt: 367, finish_reason=stop, max_tokens=8192, request_max_tokens=8192
2026-09-08 11:54:29,948 - omlx.scheduler - INFO - Cache phase timings: cleanup_finished_sync=17.0ms/724
2026-09-08 11:54:29,948 - omlx.patches.mlx_lm_mtp.batch_generator - INFO - MTP singleton recovery: multirow marker cleared (compact cache)
2026-09-08 11:54:30,048 - omlx.server - INFO - Chat completion: model=Ornith-1.5-35B-A3B-Abliterated-MLX-4bit, 40 tokens in 1.40s (28.6 tok/s), prompt: 237, finish_reason=stop, max_tokens=8192, request_max_tokens=8192
2026-09-08 11:54:33,501 - omlx.scheduler - INFO - Cache phase timings: cleanup_finished_sync=17.0ms/725
2026-09-08 11:54:33,501 - omlx.patches.mlx_lm_mtp.batch_generator - INFO - MTP singleton recovery: multirow marker cleared (compact cache)
2026-09-08 11:54:33,514 - omlx.server - INFO - Chat completion: model=Ornith-1.5-35B-A3B-Abliterated-MLX-4bit, 280 tokens in 3.46s (80.9 tok/s), prompt: 429, finish_reason=stop, max_tokens=8192, request_max_tokens=8192
2026-09-08 11:54:35,542 - omlx.scheduler - INFO - Cache phase timings: cleanup_finished_sync=17.0ms/726
2026-09-08 11:54:35,542 - omlx.server - INFO - Chat completion: model=Ornith-1.5-35B-A3B-Abliterated-MLX-4bit, 542 tokens in 6.92s (78.4 tok/s), prompt: 392, finish_reason=stop, max_tokens=8192, request_max_tokens=8192
2026-09-08 11:54:35,544 - omlx.patches.mlx_lm_mtp.batch_generator - INFO - MTP singleton recovery: multirow marker cleared (compact cache)
2026-09-08 11:54:36,414 - omlx.scheduler - INFO - Cache phase timings: cleanup_finished_sync=17.0ms/727
2026-09-08 11:54:36,414 - omlx.patches.mlx_lm_mtp.batch_generator - INFO - MTP singleton recovery: multirow marker cleared (compact cache)
2026-09-08 11:54:36,428 - omlx.server - INFO - Chat completion: model=Ornith-1.5-35B-A3B-Abliterated-MLX-4bit, 182 tokens in 2.91s (62.6 tok/s), prompt: 265, finish_reason=stop, max_tokens=8192, request_max_tokens=8192
2026-09-08 11:54:37,319 - omlx.scheduler - INFO - Cache phase timings: cleanup_finished_sync=17.1ms/728
2026-09-08 11:54:37,319 - omlx.server - INFO - Chat completion: model=Ornith-1.5-35B-A3B-Abliterated-MLX-4bit, 34 tokens in 0.89s (38.4 tok/s), prompt: 213, finish_reason=stop, max_tokens=8192, request_max_tokens=8192
2026-09-08 11:54:37,319 - omlx.patches.mlx_lm_mtp.batch_generator - INFO - MTP singleton recovery: multirow marker cleared (compact cache)
2026-09-08 11:54:38,539 - omlx.scheduler - INFO - Cache phase timings: cleanup_finished_sync=17.1ms/729
2026-09-08 11:54:38,539 - omlx.patches.mlx_lm_mtp.batch_generator - INFO - MTP singleton recovery: multirow marker cleared (compact cache)
2026-09-08 11:54:38,639 - omlx.server - INFO - Chat completion: model=Ornith-1.5-35B-A3B-Abliterated-MLX-4bit, 59 tokens in 1.31s (44.9 tok/s), prompt: 364, finish_reason=stop, max_tokens=8192, request_max_tokens=8192
2026-09-08 11:54:39,417 - omlx.scheduler - INFO - Cache phase timings: cleanup_finished_sync=17.1ms/730
2026-09-08 11:54:39,419 - omlx.patches.mlx_lm_mtp.batch_generator - INFO - MTP singleton recovery: multirow marker cleared (compact cache)
2026-09-08 11:54:39,432 - omlx.server - INFO - Chat completion: model=Ornith-1.5-35B-A3B-Abliterated-MLX-4bit, 203 tokens in 3.89s (52.2 tok/s), prompt: 509, finish_reason=stop, max_tokens=8192, request_max_tokens=8192
2026-09-08 11:54:40,628 - omlx.scheduler - INFO - Cache phase timings: cleanup_finished_sync=17.1ms/731
2026-09-08 11:54:40,629 - omlx.server - INFO - Chat completion: model=Ornith-1.5-35B-A3B-Abliterated-MLX-4bit, 55 tokens in 1.19s (46.2 tok/s), prompt: 415, finish_reason=stop, max_tokens=8192, request_max_tokens=8192
2026-09-08 11:54:40,631 - omlx.patches.mlx_lm_mtp.batch_generator - INFO - MTP singleton recovery: multirow marker cleared (compact cache)
2026-09-08 11:54:41,949 - omlx.scheduler - INFO - Cache phase timings: cleanup_finished_sync=17.1ms/732
2026-09-08 11:54:41,949 - omlx.patches.mlx_lm_mtp.batch_generator - INFO - MTP singleton recovery: multirow marker cleared (compact cache)
2026-09-08 11:54:42,060 - omlx.server - INFO - Chat completion: model=Ornith-1.5-35B-A3B-Abliterated-MLX-4bit, 184 tokens in 3.41s (53.9 tok/s), prompt: 273, finish_reason=stop, max_tokens=8192, request_max_tokens=8192
2026-09-08 11:54:42,885 - omlx.scheduler - INFO - Cache phase timings: cleanup_finished_sync=17.2ms/733
2026-09-08 11:54:42,885 - omlx.server - INFO - Chat completion: model=Ornith-1.5-35B-A3B-Abliterated-MLX-4bit, 110 tokens in 2.25s (48.8 tok/s), prompt: 425, finish_reason=stop, max_tokens=8192, request_max_tokens=8192
2026-09-08 11:54:42,886 - omlx.patches.mlx_lm_mtp.batch_generator - INFO - MTP singleton recovery: multirow marker cleared (compact cache)
2026-09-08 11:54:44,899 - omlx.scheduler - INFO - Cache phase timings: cleanup_finished_sync=17.2ms/734
2026-09-08 11:54:44,900 - omlx.server - INFO - Chat completion: model=Ornith-1.5-35B-A3B-Abliterated-MLX-4bit, 123 tokens in 2.01s (61.3 tok/s), prompt: 589, finish_reason=stop, max_tokens=8192, request_max_tokens=8192
2026-09-08 11:54:44,900 - omlx.patches.mlx_lm_mtp.batch_generator - INFO - MTP singleton recovery: multirow marker cleared (compact cache)
2026-09-08 11:54:45,609 - omlx.scheduler - INFO - Cache phase timings: cleanup_finished_sync=17.2ms/735
2026-09-08 11:54:45,611 - omlx.patches.mlx_lm_mtp.batch_generator - INFO - MTP singleton recovery: multirow marker cleared (compact cache)
2026-09-08 11:54:45,710 - omlx.server - INFO - Chat completion: model=Ornith-1.5-35B-A3B-Abliterated-MLX-4bit, 184 tokens in 3.64s (50.5 tok/s), prompt: 524, finish_reason=stop, max_tokens=8192, request_max_tokens=8192
2026-09-08 11:54:48,062 - omlx.scheduler - INFO - Cache phase timings: cleanup_finished_sync=17.2ms/736
2026-09-08 11:54:48,062 - omlx.server - INFO - Chat completion: model=Ornith-1.5-35B-A3B-Abliterated-MLX-4bit, 213 tokens in 3.16s (67.5 tok/s), prompt: 423, finish_reason=stop, max_tokens=8192, request_max_tokens=8192
2026-09-08 11:54:48,065 - omlx.patches.mlx_lm_mtp.batch_generator - INFO - MTP singleton recovery: multirow marker cleared (compact cache)
2026-09-08 11:54:48,153 - omlx.scheduler - INFO - Cache phase timings: cleanup_finished_sync=17.3ms/737
2026-09-08 11:54:48,153 - omlx.server - INFO - Chat completion: model=Ornith-1.5-35B-A3B-Abliterated-MLX-4bit, 185 tokens in 2.44s (75.9 tok/s), prompt: 232, finish_reason=stop, max_tokens=8192, request_max_tokens=8192
2026-09-08 11:54:49,743 - omlx.scheduler - INFO - Cache phase timings: cleanup_finished_sync=17.3ms/738
2026-09-08 11:54:49,745 - omlx.patches.mlx_lm_mtp.batch_generator - INFO - MTP singleton recovery: multirow marker cleared (compact cache)
2026-09-08 11:54:49,850 - omlx.server - INFO - Chat completion: model=Ornith-1.5-35B-A3B-Abliterated-MLX-4bit, 64 tokens in 1.69s (37.9 tok/s), prompt: 487, finish_reason=stop, max_tokens=8192, request_max_tokens=8192
2026-09-08 11:54:53,766 - omlx.scheduler - INFO - Cache phase timings: cleanup_finished_sync=17.3ms/739
2026-09-08 11:54:53,766 - omlx.server - INFO - Chat completion: model=Ornith-1.5-35B-A3B-Abliterated-MLX-4bit, 337 tokens in 3.90s (86.3 tok/s), prompt: 204, finish_reason=stop, max_tokens=8192, request_max_tokens=8192
2026-09-08 11:54:53,766 - omlx.patches.mlx_lm_mtp.batch_generator - INFO - MTP singleton recovery: multirow marker cleared (compact cache)
2026-09-08 11:54:58,520 - omlx.scheduler - INFO - Cache phase timings: cleanup_finished_sync=17.3ms/740
2026-09-08 11:54:58,521 - omlx.patches.mlx_lm_mtp.batch_generator - INFO - MTP singleton recovery: multirow marker cleared (compact cache)
2026-09-08 11:54:58,622 - omlx.server - INFO - Chat completion: model=Ornith-1.5-35B-A3B-Abliterated-MLX-4bit, 396 tokens in 4.85s (81.7 tok/s), prompt: 458, finish_reason=stop, max_tokens=8192, request_max_tokens=8192
2026-09-08 11:54:59,819 - omlx.scheduler - INFO - Cache phase timings: cleanup_finished_sync=17.4ms/741
2026-09-08 11:54:59,821 - omlx.patches.mlx_lm_mtp.batch_generator - INFO - MTP singleton recovery: multirow marker cleared (compact cache)
2026-09-08 11:54:59,923 - omlx.server - INFO - Chat completion: model=Ornith-1.5-35B-A3B-Abliterated-MLX-4bit, 959 tokens in 11.86s (80.9 tok/s), prompt: 249, finish_reason=stop, max_tokens=8192, request_max_tokens=8192
2026-09-08 11:55:01,445 - omlx.scheduler - INFO - Cache phase timings: cleanup_finished_sync=17.4ms/742
2026-09-08 11:55:01,446 - omlx.patches.mlx_lm_mtp.batch_generator - INFO - MTP singleton recovery: multirow marker cleared (compact cache)
2026-09-08 11:55:01,460 - omlx.server - INFO - Chat completion: model=Ornith-1.5-35B-A3B-Abliterated-MLX-4bit, 85 tokens in 1.53s (55.6 tok/s), prompt: 388, finish_reason=stop, max_tokens=8192, request_max_tokens=8192
2026-09-08 11:55:04,726 - omlx.scheduler - INFO - Cache phase timings: cleanup_finished_sync=17.4ms/743
2026-09-08 11:55:04,728 - omlx.patches.mlx_lm_mtp.batch_generator - INFO - MTP singleton recovery: multirow marker cleared (compact cache)
2026-09-08 11:55:04,742 - omlx.server - INFO - Chat completion: model=Ornith-1.5-35B-A3B-Abliterated-MLX-4bit, 447 tokens in 6.11s (73.1 tok/s), prompt: 402, finish_reason=stop, max_tokens=8192, request_max_tokens=8192
2026-09-08 11:55:04,859 - omlx.scheduler - INFO - Cache phase timings: cleanup_finished_sync=17.4ms/744
2026-09-08 11:55:04,860 - omlx.server - INFO - Chat completion: model=Ornith-1.5-35B-A3B-Abliterated-MLX-4bit, 266 tokens in 3.39s (78.4 tok/s), prompt: 525, finish_reason=stop, max_tokens=8192, request_max_tokens=8192
2026-09-08 11:55:07,737 - omlx.scheduler - INFO - Cache phase timings: cleanup_finished_sync=17.4ms/745
2026-09-08 11:55:07,739 - omlx.patches.mlx_lm_mtp.batch_generator - INFO - MTP singleton recovery: multirow marker cleared (compact cache)
2026-09-08 11:55:07,751 - omlx.server - INFO - Chat completion: model=Ornith-1.5-35B-A3B-Abliterated-MLX-4bit, 188 tokens in 2.88s (65.2 tok/s), prompt: 447, finish_reason=stop, max_tokens=8192, request_max_tokens=8192
2026-09-08 11:55:09,164 - omlx.scheduler - INFO - Cache phase timings: cleanup_finished_sync=17.5ms/746
2026-09-08 11:55:09,164 - omlx.patches.mlx_lm_mtp.batch_generator - INFO - MTP singleton recovery: multirow marker cleared (compact cache)
2026-09-08 11:55:09,178 - omlx.server - INFO - Chat completion: model=Ornith-1.5-35B-A3B-Abliterated-MLX-4bit, 78 tokens in 1.42s (54.9 tok/s), prompt: 413, finish_reason=stop, max_tokens=8192, request_max_tokens=8192
2026-09-08 11:55:10,352 - omlx.scheduler - INFO - Cache phase timings: cleanup_finished_sync=17.5ms/747
2026-09-08 11:55:10,353 - omlx.server - INFO - Chat completion: model=Ornith-1.5-35B-A3B-Abliterated-MLX-4bit, 383 tokens in 5.60s (68.3 tok/s), prompt: 384, finish_reason=stop, max_tokens=8192, request_max_tokens=8192
2026-09-08 11:55:10,353 - omlx.server - INFO - Chat completion: model=Ornith-1.5-35B-A3B-Abliterated-MLX-4bit, 44 tokens in 1.17s (37.7 tok/s), prompt: 586, finish_reason=stop, max_tokens=8192, request_max_tokens=8192
2026-09-08 11:55:10,981 - omlx.patches.mlx_lm_mtp.batch_generator - INFO - MTP singleton recovery: multirow marker cleared (compact cache)
2026-09-08 11:55:12,936 - omlx.scheduler - INFO - Cache phase timings: cleanup_finished_sync=17.5ms/748
2026-09-08 11:55:12,936 - omlx.server - INFO - Chat completion: model=Ornith-1.5-35B-A3B-Abliterated-MLX-4bit, 171 tokens in 2.58s (66.3 tok/s), prompt: 480, finish_reason=stop, max_tokens=8192, request_max_tokens=8192
2026-09-08 11:55:12,937 - omlx.patches.mlx_lm_mtp.batch_generator - INFO - MTP singleton recovery: multirow marker cleared (compact cache)
2026-09-08 11:55:14,688 - omlx.scheduler - INFO - Cache phase timings: cleanup_finished_sync=17.5ms/749
2026-09-08 11:55:14,688 - omlx.server - INFO - Chat completion: model=Ornith-1.5-35B-A3B-Abliterated-MLX-4bit, 303 tokens in 4.33s (70.0 tok/s), prompt: 504, finish_reason=stop, max_tokens=8192, request_max_tokens=8192
2026-09-08 11:55:14,690 - omlx.patches.mlx_lm_mtp.batch_generator - INFO - MTP singleton recovery: multirow marker cleared (compact cache)
2026-09-08 11:55:17,204 - omlx.scheduler - INFO - Cache phase timings: cleanup_finished_sync=17.6ms/750
2026-09-08 11:55:17,204 - omlx.server - INFO - Chat completion: model=Ornith-1.5-35B-A3B-Abliterated-MLX-4bit, 316 tokens in 4.26s (74.2 tok/s), prompt: 428, finish_reason=stop, max_tokens=8192, request_max_tokens=8192
2026-09-08 11:55:17,206 - omlx.patches.mlx_lm_mtp.batch_generator - INFO - MTP singleton recovery: multirow marker cleared (compact cache)
2026-09-08 11:55:25,841 - omlx.scheduler - INFO - Cache phase timings: cleanup_finished_sync=17.6ms/751
2026-09-08 11:55:25,842 - omlx.server - INFO - Chat completion: model=Ornith-1.5-35B-A3B-Abliterated-MLX-4bit, 893 tokens in 11.15s (80.1 tok/s), prompt: 384, finish_reason=stop, max_tokens=8192, request_max_tokens=8192
INFO:     Shutting down
INFO:     Waiting for application shutdown.
2026-09-08 13:59:58,243 - omlx.process_memory_enforcer - INFO - Process memory enforcer stopped
2026-09-08 13:59:58,243 - omlx.server - INFO - Process memory enforcer stopped
2026-09-08 13:59:58,243 - omlx.admin.hf_downloader - INFO - HF Downloader shut down
2026-09-08 13:59:58,244 - omlx.server - INFO - HF Downloader stopped
2026-09-08 13:59:58,244 - omlx.admin.ms_downloader - INFO - MS Downloader shut down
2026-09-08 13:59:58,244 - omlx.server - INFO - MS Downloader stopped
2026-09-08 13:59:58,244 - omlx.engine_pool - INFO - Unloading model: Ornith-1.5-35B-A3B-Abliterated-MLX-4bit (immediate abort)
2026-09-08 13:59:58,244 - omlx.engine_core - INFO - Engine stopped
2026-09-08 13:59:58,264 - omlx.scheduler - INFO - Scheduler shutdown initiated...
2026-09-08 13:59:58,265 - omlx.scheduler - INFO - Scheduler shutdown completed
2026-09-08 13:59:58,353 - omlx.scheduler - INFO - Deep reset completed - all caches cleared
2026-09-08 13:59:59,522 - omlx.utils.compile_cache - INFO - MLX compile-cache clear resolved (_ZN3mlx4core6detail19compile_clear_cacheEv)
2026-09-08 13:59:59,524 - omlx.engine.vlm - INFO - VLMBatchedEngine stopped
2026-09-08 13:59:59,540 - omlx.engine_pool - INFO - Unloaded model: Ornith-1.5-35B-A3B-Abliterated-MLX-4bit, freed=19.40GB (expected>=17.95GB), active_memory: 3.51KB (settled)
2026-09-08 13:59:59,540 - omlx.engine_pool - INFO - Engine pool shutdown complete
2026-09-08 13:59:59,540 - omlx.server - INFO - Engine pool shutdown
INFO:     Application shutdown complete.
INFO:     Finished server process [54102]

=== 2026-09-08T06:00:02Z normal shutdown ===
omlx server pid 54102 on 127.0.0.1:8001 stopped with SIGTERM after Study 4C-EX
closure. No generation was issued after study4c_generation_completion_FROZEN.json
was written; 752/752 requests were already complete and frozen. Shutdown only.
